◆◆◆　https://fy.188766.xyz/?ip=home.kuaidi521.com
◆◆◆　https://raw.githubusercontent.com/Guovin/iptv-api/gd/output/result.txt
2026-03-06 21:24:40,http://74.91.26.218:82/live/cctv1hd.m3u8
浙江经济生活,http://ls.qingting.fm/live/1099.m3u8
浙江休闲,http://ali-m-l.cztv.com/channels/lantian/channel006/720p.m3u8
象山新闻综合,http://l.cztvcloud.com/channels/lantian/SXxiangshan1/720p.m3u8
萧山生活,http://l.cztvcloud.com/channels/lantian/SXxiaoshan2/720p.m3u8
普陀电视,https://l.cztvcloud.com/channels/lantian/SXputuo1/720p.m3u8
开化国家公园,http://l.cztvcloud.com/channels/lantian/SXkaihua2/720p.m3u8?zzhed
开化国家公园,http://l.cztvcloud.com/channels/lantian/SXkaihua2/720p.m3u8zzhed
开化国家公园,http://l.cztvcloud.com/channels/lantian/SXkaihua2/720p.m3u8
嵊州新闻综合,https://stream1.freetv.fun/sheng-zhou-xin-wen-zong-he-1.m3u8
嵊州新闻综合,http://l.cztvcloud.com/channels/lantian/SXshengzhou1/720p.m3u8?zzhed
欢笑剧场,https://zby.130519.xyz/PLTV/11/224/3221225771/index.m3u8
欢笑剧场,http://z.b.bkpcp.top/m.php?id=hxjc
欢笑剧场,http://gat.bkpcp.top/ymg.php?id=hxjc
欢笑剧场,http://goo.bkpcp.top/mg/hxjc
欢笑剧场,http://iptv.cdn.ha.chinamobile.com/PLTV/88888888/224/3221226704/index.m3u8
法治天地,https://zby.130519.xyz/PLTV/11/224/3221225994/index.m3u8
法治天地,http://php.jdshipin.com/itv6.php?cid=bestzb&id=9001547084732463424
法治天地,http://z.b.bkpcp.top/m.php?id=fztd
法治天地,http://iptv.cdn.ha.chinamobile.com/PLTV/88888888/224/3221226655/index.m3u8
法治天地,http://[2409:8087:5e01:24::16]:6610/000000001000/2000000002000000014/index.m3u8?stbId=3&livemode=1&HlsProfileId=&channel-id=hnbblive&Contentid=2000000002000000014&IASHttpSessionId=OTT19019320240419154124000281
纪实人文,http://ottrrs.hl.chinamobile.com/PLTV/88888888/224/3221225738/index.m3u8
纪实人文,https://stream1.freetv.fun/ipv6-ji-shi-ren-wen-12.m3u8
都市剧场,https://satellitepull.cnr.cn/live/wxcqxwgb/playlist.m3u8
都市剧场,https://zby.130519.xyz/PLTV/11/224/3221225762/index.m3u8
都市剧场,http://iptv.cdn.ha.chinamobile.com/PLTV/88888888/224/3221226694/index.m3u8
都市剧场,https://hls-gateway.vpstv.net/streams/708845.m3u8
都市剧场,http://[2409:8087:5e00:24::1e]:6060/000000001000/5000000011000031111/1.m3u8
重庆新闻,http://38.75.136.137:98/gslb/dsdqpub/cqxw.m3u8?auth=testpub
东海新闻,http://iptv.666230.xyz/iptv/jsyd.php/jsdonghaixinwen
宜兴新闻,http://yixing-tv-ori-hls.jstv.com/yixing-tv-ori/yixing_xw.m3u8
宜兴新闻,https://stream1.freetv.fun/yi-xing-xin-wen-1.m3u8
宜兴新闻,https://stream1.freetv.fun/yi-xing-xin-wen-2.m3u8
宜兴新闻,https://t.freetv.fun/live/yi-xing-xin-wen-1.m3u8
宿迁公共,http://iptv.666230.xyz/iptv/jsyd.php/G_SQGG
常州公共,http://iptv.666230.xyz/iptv/jsyd.php/jsczgonggong
常州生活,http://iptv.666230.xyz/iptv/jsyd.php/jsczshenghuo
常州都市,http://iptv.666230.xyz/iptv/jsyd.php/jsczdushi
徐州公共,http://iptv.666230.xyz/iptv/jsyd.php/xzgg
新沂新闻,http://live.xysrmt.cn/xwzh/sd/live.m3u8?zjiangsd"
新沂生活,http://live.xysrmt.cn/shpd/sd/live.m3u8?zjiangsd
无锡新闻综合,http://stream.thmz.com/wxtv1/playlist.m3u8?_upt=156143371706166361
无锡新闻综合,http://stream.thmz.com/wxtv1/sd/live.m3u8?_upt=4ba3ab191698644028
无锡新闻综合,http://stream.thmz.com/wxtv1/playlist.m3u8
无锡经济,https://stream.thmz.com/wxtv5/playlist.m3u8
无锡经济,http://stream.thmz.com/wxtv5/sd/live.m3u8?zjiangsd
无锡经济,http://stream.thmz.com/wxtv5/playlist.m3u8?_upt=10155d141706166867
无锡经济,http://stream.thmz.com/wxtv5/playlist.m3u8
无锡经济,http://stream.thmz.com/wxtv5/sd/live.m3u8?_upt=cfacd5221704890772
无锡都市资讯,http://stream.thmz.com/wxtv3/sd/live.m3u8?_upt=978cd8731706199708
无锡都市资讯,http://stream.thmz.com/wxtv3/playlist.m3u8
无锡都市资讯,http://stream.thmz.com/wxtv3/playlist.m3u8?_upt=1758133b1706166861
武进生活,http://43.251.226.89:8080/play/522.m3u8
江宁新闻,https://migu.188766.xyz/?migutoken=77969fb082a75b798578427f3570edd2&id=%E4%BD%93%E8%82%B2%E4%BC%91%E9%97%B2%E9%A2%91%E9%81%93&type=yy
江苏体育,https://migu.188766.xyz/?migutoken=90d4e3f3f8a5288cc5aac4a92021e341&id=%E4%BD%93%E8%82%B2%E4%BC%91%E9%97%B2%E9%A2%91%E9%81%93&type=yy
江苏体育,https://migu.188766.xyz/?migutoken=af50fdc5b09032a97cf990bd6f36aef2&id=%E4%BD%93%E8%82%B2%E4%BC%91%E9%97%B2%E9%A2%91%E9%81%93&type=yy
江苏体育,https://migu.188766.xyz/?migutoken=25d75081796a390b82f0299988e556ac&id=%E4%BD%93%E8%82%B2%E4%BC%91%E9%97%B2%E9%A2%91%E9%81%93&type=yy
江苏体育,https://migu.188766.xyz/?migutoken=721cd3a9b6d2cd1a0e378a6a68ae2702&id=%E4%BD%93%E8%82%B2%E4%BC%91%E9%97%B2%E9%A2%91%E9%81%93&type=yy
江苏体育,https://migu.188766.xyz/?migutoken=e37f9d8dbdb18b5cdfd250b672323263&id=%E4%BD%93%E8%82%B2%E4%BC%91%E9%97%B2%E9%A2%91%E9%81%93&type=yy
江苏公共,http://iptv.666230.xyz/iptv/jsyd.php/G_JSGG
江苏城市,https://stream1.freetv.fun/675206b8446ce719bfb293b5a5296db3aa26521c9810de7c996838247cc56964.ctv
江苏城市,http://z.b.bkpcp.top/m.php?id=jscs
江苏城市,http://gslbmgsplive.miguvideo.com/wd_r2/jstv/jschengshi/600/index.m3u8?msisdn=202509030900312c5ad926e30449e5b9405f27a3fde9a6&mdspid=&spid=699067&netType=0&sid=5500260508&pid=2028597139&timestamp=20250903090031&Channel_ID=0116_2600037000-99000-200300220100002&ProgramID=626064714&ParentNodeID=-99&assertID=5500260508&client_ip=106.13.250.83&SecurityKey=20250903090031&promotionId=&mvid=5100186409&mcid=500020&playurlVersion=WX-A1-8.8.1-RELEASE&userid=&jmhm=&videocodec=h264&bean=mgspad&tid=android&conFee=0&puData=3712225a575d903704881b6443f50a06&ddCalcu=6307va1a02x52af2354a4567b51d89804307&sv=10004&ct=android
江苏城市,https://mgtv.ottiptv.cc/migu/626064714.m3u8?migutoken=02cafbc9d94c9e5e26c383c50287313c55f7e68abea08e811428e9b13cd8e46f93919d1a0859b1c76d8e4e78e1f7b8a6f89d71daf38a8275ac7633b59bcdb7cbf189e3152afb4fa80fadf4b134
江苏城市,http://gslbmgsplive.miguvideo.com/wd_r2/jstv/jschengshi/600/index.m3u8?msisdn=2025102308014130dd0a5e627f42499c11a2ab2361d34e&mdspid=&spid=699067&netType=0&sid=5500260508&pid=2028597139&timestamp=20251023080141&Channel_ID=0116_2600000900-99000-201600010010027&ProgramID=626064714&ParentNodeID=-99&assertID=5500260508&client_ip=106.13.250.83&SecurityKey=20251023080141&promotionId=&mvid=5100186409&mcid=500020&playurlVersion=WX-A1-8.9.2-RELEASE&userid=&jmhm=&videocodec=h264&bean=mgspad&tid=android&conFee=0&puData=5d7ae839a5e5f0b92b0a6b3471204437&ddCalcu=753de4724a60e02813794a35be65af00bb29
江苏影视,https://iptv.catvod.com/live.php?id=%E6%B1%9F%E8%8B%8F%E5%BD%B1%E8%A7%86%E9%A2%91%E9%81%93&line=1
江苏影视,https://iptv.catvod.com/live.php?id=%E6%B1%9F%E8%8B%8F%E5%BD%B1%E8%A7%86%E9%A2%91%E9%81%93
江苏影视,https://stream1.freetv.fun/a89dd489fa013bc4f36bcc4afe388f1783e2251c276e2566a9359d68a61c6d91.ctv
江苏影视,http://z.b.bkpcp.top/m.php?id=jsys
江苏影视,https://migu.188766.xyz/?migutoken=91756b74eb13850e4c87b15c25817e42&id=%E6%B1%9F%E8%8B%8F%E5%BD%B1%E8%A7%86%E9%A2%91%E9%81%93&type=yy
江苏教育,https://stream1.freetv.fun/7174b4fd66ddb2a7456b7040105dc27a1e57c166593870bb773cb5f6b4546c54.ctv
江苏教育,http://z.b.bkpcp.top/m.php?id=jsjy
江苏教育,http://goo.bkpcp.top/mg/jsjy
江苏教育,https://migu.188766.xyz/?migutoken=bfd96895aa8e3e9aa47561510518c058&id=%E6%B1%9F%E8%8B%8F%E6%95%99%E8%82%B2&type=yy
江苏教育,http://gslbmgsplive.miguvideo.com/wd_r2/jstv/jsjiaoyu/600/index.m3u8?msisdn=20250903090031d7e536b9e78c4a42b0841922e44a4a36&mdspid=&spid=699067&netType=0&sid=5500287493&pid=2028597139&timestamp=20250903090031&Channel_ID=0116_2600037000-99000-200300220100002&ProgramID=628008321&ParentNodeID=-99&assertID=5500287493&client_ip=106.13.250.83&SecurityKey=20250903090031&promotionId=&mvid=5101012819&mcid=500020&playurlVersion=WX-A1-8.8.1-RELEASE&userid=&jmhm=&videocodec=h264&bean=mgspad&tid=android&conFee=0&puData=d3e3bd992ebf554d360ba9b83b9b179d&ddCalcu=dd93v7ea13bbba9db93982be9bafb505643d&sv=10004&ct=android
沭阳综合,https://shuyang-tv-hls.cm.jstv.com:443/shuyang-tv/shuyangzh.m3u8
泗阳资讯,http://43.251.226.89:8080/play/530.m3u8
泰州一套新闻综合,https://stream1.freetv.fun/tai-zhou-yi-tao-xin-wen-zong-he-4.m3u8
涟水电视台综合,rtmp://lianshui-tv-hls.cm.jstv.com/lianshui-tv/lsxw
涟水电视台综合,https://lianshui-tv-hls.cm.jstv.com:443/lianshui-tv/lsxw.m3u8
涟水电视台综合,http://lianshui-tv-hls.cm.jstv.com/lianshui-tv/lsxw.m3u8?zjiangsd
涟水电视台综合,http://live1.habctv.com/ggpdsl/sd/live.m3u8?zjiangsd
涟水电视台综合,http://live1.habctv.com/ggpdsl/sd/live.m3u8
淮阴综合,https://huaiyin-tv-replay.cm.jstv.com/huaiyin-tv/huaiyinf.m3u8
睢宁三农,http://iptv.666230.xyz/iptv/jsyd.php/xzsnsn
睢宁综合,http://iptv.666230.xyz/iptv/jsyd.php/xzsnzh
睢宁资讯,http://iptv.666230.xyz/iptv/jsyd.php/xzsnzx
连云港公共,http://iptv.666230.xyz/iptv/jsyd.php/jslyggonggongpd
连云港新闻综合,https://iptv.catvod.com/live.php?id=%E8%BF%9E%E4%BA%91%E6%B8%AF%E6%96%B0%E9%97%BB%E7%BB%BC%E5%90%88&line=1
连云港新闻综合,https://iptv.catvod.com/live.php?id=%E8%BF%9E%E4%BA%91%E6%B8%AF%E6%96%B0%E9%97%BB%E7%BB%BC%E5%90%88
连云港新闻综合,http://z.b.bkpcp.top/m.php?id=lygxwzh
连云港新闻综合,https://migu.188766.xyz/?migutoken=1b0d5ada0a7a68f9bc0ad66f4464a69d&id=%E8%BF%9E%E4%BA%91%E6%B8%AF%E6%96%B0%E9%97%BB%E7%BB%BC%E5%90%88&type=yy
连云港新闻综合,https://stream1.freetv.fun/lian-yun-gang-xin-wen-zong-he-3.ctv
镇江二套社会民生,http://zjtv-wshls.homecdn.com/live/2aa16.m3u8
镇江新闻综合,https://iptv.catvod.com/live.php?id=%E9%95%87%E6%B1%9F%E6%96%B0%E9%97%BB%E7%BB%BC%E5%90%88
镇江新闻综合,https://iptv.catvod.com/live.php?id=%E9%95%87%E6%B1%9F%E6%96%B0%E9%97%BB%E7%BB%BC%E5%90%88&line=1
镇江新闻综合,http://zjtv-wshls.homecdn.com/live/2aa50.m3u8
镇江新闻综合,http://zjtv-wshls.homecdn.com/live/2aa50.m3u8?wsSession=a263bdc5a26cd01b57a80359-170493712215358&wsIPSercert=f56bd6194d219a5172dbed60eca6e9b0
镇江新闻综合,http://cm-wshls.homecdn.com/live/2aa50.m3u8
长沙新闻,http://ls.qingting.fm/live/4877.m3u8
娄底综合,http://iptv.666230.xyz/iptv/hnyx.php/ldxw
武汉文体,http://www.hiliu.myds.me:18088/rtp/239.69.1.147:10518
田东综合,http://pulls.myun.tv/live/0dkp33j5.m3u8
广西新闻,https://mobilelive.gxtv.cn/live/gx_live1007/playlist.m3u8
广西新闻,https://tv.gxtv.cn/channel/channelivePlay_9dfd8600075811e9ba67e41f13b60c62.html
广西新闻,https://t.freetv.fun/live/yan-xi-xin-wen.m3u8
广西国际,https://hlscdn.liangtv.cn/live/0234c48e0bc24fe1b41b9999a253e581/1075ee38e04f490690f6a36a16e09c79.m3u8
广西国际,http://hlscdn.liangtv.cn/live/0234c48e0bc24fe1b41b9999a253e581/1075ee38e04f490690f6a36a16e09c79.m3u8?fbl=
广西国际,https://tv.gxtv.cn/channel/channelivePlay_bfa17b64157f11e999f0e41f13b60c62.html
南宁影视娱乐,https://stream1.freetv.fun/nan-zhu-ying-shi-yu-le-1.m3u8
南宁影视娱乐,https://stream1.freetv.fun/nan-zhu-ying-shi-yu-le-3.m3u8
南宁影视娱乐,https://stream1.freetv.fun/nan-zhu-ying-shi-yu-le-4.m3u8
南宁影视娱乐,https://t.freetv.fun/live/nan-zhu-ying-shi-yu-le-3.m3u8
南宁影视娱乐,https://t.freetv.fun/live/nan-zhu-ying-shi-yu-le.m3u8
松潘新闻综合,http://live.spccmc.com:90/live/spxwzh.m3u8?%E5%85%B3%E6%B3%A8%E5%BE%AE%E4%BF%A1%E5%85%AC%E4%BC%97%E5%8F%B7[%E6%99%B4%E5%9B%AD]
沐川综合,rtmp://tv.mcrm.org.cn:1935/channellive/tv01
沐川综合,http://file.ysxtv.cn/cms/videos/nmip-media/channellive/channel4/playlist.m3u8?zsicd
甘孜综合,https://m3u8channel.ganzitv.com/nmip-media/channellive/channel1/playlist.m3u8
石棉综合,http://live.hyxrmt.com:85/live/xwpd.m3u8
营山电视,http://file.ysxtv.cn/cms/videos/nmip-media/channellive/channel4/playlist.m3u8
云霄综合,http://live.zzyxxw.com:85/live/xwzh.m3u8?fujian
福建公共,https://stream1.freetv.fun/fu-jian-gong-gong-4.ctv
福建旅游,https://stream1.freetv.fun/fu-jian-lu-you-6.m3u8
福建经视,https://stream1.freetv.fun/fu-jian-jing-ji-4.m3u8
福建经视,https://stream1.freetv.fun/fu-jian-jing-ji-1.m3u8
福建经视,https://stream1.freetv.fun/fu-jian-jing-ji-2.m3u8
福建经视,https://stream1.freetv.fun/fu-jian-jing-ji-5.m3u8
福建经视,https://stream1.freetv.fun/fu-jian-jing-ji-6.m3u8
临颍综合,http://tvpull.dxhmt.cn:9081/tv/11122-1.m3u8?%E5%85%B3%E6%B3%A8%E5%BE%AE%E4%BF%A1%E5%85%AC%E4%BC%97%E5%8F%B7[%E6%99%B4%E5%9B%AD]
义马新闻综合,http://tvpull.dxhmt.cn:9081/tv/11281-1.m3u8?%E5%85%B3%E6%B3%A8%E5%BE%AE%E4%BF%A1%E5%85%AC%E4%BC%97%E5%8F%B7[%E6%99%B4%E5%9B%AD]
义马新闻综合,http://tvpull.dxhmt.cn:9081/tv/11281-1.m3u8
光山综合,http://tvpull.dxhmt.cn:9081/tv/11522-1.m3u8?%E5%85%B3%E6%B3%A8%E5%BE%AE%E4%BF%A1%E5%85%AC%E4%BC%97%E5%8F%B7[%E6%99%B4%E5%9B%AD]
光山综合,http://tvpull.dxhmt.cn:9081/tv/11522-1.m3u8
兰考新闻,http://tvpull.dxhmt.cn:9081/tv/10225-1.m3u8?%E5%85%B3%E6%B3%A8%E5%BE%AE%E4%BF%A1%E5%85%AC%E4%BC%97%E5%8F%B7[%E6%99%B4%E5%9B%AD]
兰考新闻,http://tvpull.dxhmt.cn:9081/tv/10225-1.m3u8
兰考新闻,http://tvpull.dxhmt.cn:9081/tv/10225-1.m3u8?
卫辉综合,http://tvpull.dxhmt.cn:9081/tv/10781-1.m3u8?%E5%85%B3%E6%B3%A8%E5%BE%AE%E4%BF%A1%E5%85%AC%E4%BC%97%E5%8F%B7[%E6%99%B4%E5%9B%AD]
卫辉综合,http://iptv.cdn.ha.chinamobile.com/PLTV/88888888/224/3221226538/index.m3u8
卫辉综合,http://tvpull.dxhmt.cn:9081/tv/10781-1.m3u8
卫辉综合,http://tvpull.dxhmt.cn:9081/tv/10781-1.m3u8?zhend
叶县,http://tvpull.dxhmt.cn:9081/tv/10422-1.m3u8
唐河一套,http://tvpull.dxhmt.cn:9081/tv/11328-1.m3u8?zhend
唐河一套,http://tvpull.dxhmt.cn:9081/tv/11328-1.m3u8
固始综合,http://tvpull.dxhmt.cn:9081/tv/11525-1.m3u8?%E5%85%B3%E6%B3%A8%E5%BE%AE%E4%BF%A1%E5%85%AC%E4%BC%97%E5%8F%B7[%E6%99%B4%E5%9B%AD]
固始综合,http://tvpull.dxhmt.cn:9081/tv/11525-1.m3u8
宝丰综合,http://tvpull.dxhmt.cn:9081/tv/10421-1.m3u8?%E5%85%B3%E6%B3%A8%E5%BE%AE%E4%BF%A1%E5%85%AC%E4%BC%97%E5%8F%B7[%E6%99%B4%E5%9B%AD]
宝丰综合,http://tvpull.dxhmt.cn:9081/tv/10421-1.m3u8
宝丰综合,http://tvpull.dxhmt.cn:9081/tv/10421-1.m3u8?zhend
巩义新闻综合,http://tvpull.dxhmt.cn:9081/tv/10181-1.m3u8?zhend
巩义新闻综合,http://tvpull.dxhmt.cn:9081/tv/10181-1.m3u8?zhend?
巩义新闻综合,http://tvpull.dxhmt.cn:9081/tv/10181-1.m3u8
扶沟综合,http://tvpull.dxhmt.cn:9081/tv/11621-1.m3u8?%E5%85%B3%E6%B3%A8%E5%BE%AE%E4%BF%A1%E5%85%AC%E4%BC%97%E5%8F%B7[%E6%99%B4%E5%9B%AD]
扶沟综合,http://tvpull.dxhmt.cn:9081/tv/11621-1.m3u8?zhend
扶沟综合,http://tvpull.dxhmt.cn:9081/tv/11621-1.m3u8
新乡县电视,http://tvpull.dxhmt.cn:9081/tv/10721-1.m3u8?%E5%85%B3%E6%B3%A8%E5%BE%AE%E4%BF%A1%E5%85%AC%E4%BC%97%E5%8F%B7[%E6%99%B4%E5%9B%AD]
新县综合,http://tvpull.dxhmt.cn:9081/tv/11523-1.m3u8?%E5%85%B3%E6%B3%A8%E5%BE%AE%E4%BF%A1%E5%85%AC%E4%BC%97%E5%8F%B7[%E6%99%B4%E5%9B%AD]
新县综合,http://tvpull.dxhmt.cn:9081/tv/11523-1.m3u8
新蔡综合,http://tvpull.dxhmt.cn:9081/tv/11729-1.m3u8?%E5%85%B3%E6%B3%A8%E5%BE%AE%E4%BF%A1%E5%85%AC%E4%BC%97%E5%8F%B7[%E6%99%B4%E5%9B%AD]
新蔡综合,http://tvpull.dxhmt.cn:9081/tv/11729-1.m3u8
新蔡综合,http://tvpull.dxhmt.cn:9081/tv/11729-1.m3u8?zhend
泌阳新闻综合,http://tvpull.dxhmt.cn:9081/tv/11726-1.m3u8?%E5%85%B3%E6%B3%A8%E5%BE%AE%E4%BF%A1%E5%85%AC%E4%BC%97%E5%8F%B7[%E6%99%B4%E5%9B%AD]
泌阳新闻综合,https://stream1.freetv.fun/mi-yang-xin-wen-zong-he-2.m3u8
泌阳新闻综合,http://tvpull.dxhmt.cn:9081/tv/11726-1.m3u8
淅川电视,http://iptv.cdn.ha.chinamobile.com/PLTV/88888888/224/3221226631/index.m3u8
渑池新闻综合,http://tvpull.dxhmt.cn:9081/tv/11221-1.m3u8?%E5%85%B3%E6%B3%A8%E5%BE%AE%E4%BF%A1%E5%85%AC%E4%BC%97%E5%8F%B7[%E6%99%B4%E5%9B%AD]
渑池新闻综合,http://tvpull.dxhmt.cn:9081/tv/11221-1.m3u8
温县综合,http://tvpull.dxhmt.cn:9081/tv/10825-1.m3u8?zhend
温县综合,http://tvpull.dxhmt.cn:9081/tv/10825-1.m3u8?zhend?
温县综合,http://tvpull.dxhmt.cn:9081/tv/10825-1.m3u8
潢川综合,http://tvpull.dxhmt.cn:9081/tv/11526-1.m3u8?%E5%85%B3%E6%B3%A8%E5%BE%AE%E4%BF%A1%E5%85%AC%E4%BC%97%E5%8F%B7[%E6%99%B4%E5%9B%AD]
潢川综合,http://tvpull.dxhmt.cn:9081/tv/11526-1.m3u8
焦作综合,http://iptv.cdn.ha.chinamobile.com/PLTV/88888888/224/3221226604/index.m3u8
登封综合,http://tvpull.dxhmt.cn:9081/tv/10185-1.m3u8?%E5%85%B3%E6%B3%A8%E5%BE%AE%E4%BF%A1%E5%85%AC%E4%BC%97%E5%8F%B7[%E6%99%B4%E5%9B%AD]
登封综合,http://iptv.cdn.ha.chinamobile.com/PLTV/88888888/224/3221226661/index.m3u8
登封综合,http://tvpull.dxhmt.cn:9081/tv/10185-1.m3u8
西华综合,http://tvpull.dxhmt.cn:9081/tv/11622-1.m3u8?%E5%85%B3%E6%B3%A8%E5%BE%AE%E4%BF%A1%E5%85%AC%E4%BC%97%E5%8F%B7[%E6%99%B4%E5%9B%AD]
西华综合,http://tvpull.dxhmt.cn:9081/tv/11622-1.m3u8
西华综合,http://tvpull.dxhmt.cn:9081/tv/11622-1.m3u8?zhend
郏县综合,http://tvpull.dxhmt.cn:9081/tv/10425-1.m3u8?%E5%85%B3%E6%B3%A8%E5%BE%AE%E4%BF%A1%E5%85%AC%E4%BC%97%E5%8F%B7[%E6%99%B4%E5%9B%AD]
郏县综合,http://tvpull.dxhmt.cn:9081/tv/10425-1.m3u8?zhend
郏县综合,http://tvpull.dxhmt.cn:9081/tv/10425-1.m3u8
郸城新闻综合,http://tvpull.dxhmt.cn:9081/tv/11625-1.m3u8?wsSecret=df15530a0abec41b14bca00fc96270d1&wsTime=1654956569
郸城新闻综合,https://stream1.freetv.fun/dan-cheng-xin-wen-zong-he-1.m3u8
郸城新闻综合,http://tvpull.dxhmt.cn:9081/tv/11625-1.m3u8
郸城新闻综合,https://stream1.freetv.fun/dan-cheng-xin-wen-zong-he-4.m3u8
郸城新闻综合,https://t.freetv.fun/live/dan-cheng-xin-wen-zong-he.m3u8
鄢陵综合,http://tvpull.dxhmt.cn:9081/tv/11024-1.m3u8?%E5%85%B3%E6%B3%A8%E5%BE%AE%E4%BF%A1%E5%85%AC%E4%BC%97%E5%8F%B7[%E6%99%B4%E5%9B%AD]
鄢陵综合,http://tvpull.dxhmt.cn:9081/tv/11024-1.m3u8
项城新闻,http://tvpull.dxhmt.cn:9081/tv/11681-1.m3u8
项城新闻,@http://live.dxhmt.cn:9081/tv/11681-1.m3u8
项城新闻,@http://p2.weizan.cn/978354/131995006225520039/live.m3u8
鹤壁综合,http://iptv.cdn.ha.chinamobile.com/PLTV/88888888/224/3221226563/index.m3u8
许昌公共,http://iptv.cdn.ha.chinamobile.com/PLTV/88888888/224/3221226695/index.m3u8
焦作教育,http://iptv.cdn.ha.chinamobile.com/PLTV/88888888/224/3221226648/index.m3u8
焦作公共,http://iptv.cdn.ha.chinamobile.com/PLTV/88888888/224/3221226616/index.m3u8
濮阳公共,http://iptv.cdn.ha.chinamobile.com/PLTV/88888888/224/3221226664/index.m3u8
洛阳综合,https://wshlslive.migucloud.com/live/6AL7GTQX_C0/playlist.m3u8
洛阳综合,http://iptv.cdn.ha.chinamobile.com/PLTV/88888888/224/3221226542/index.m3u8
洛阳科教,https://wshlslive.migucloud.com/live/RJ0EYBCZ_C0/playlist.m3u8
洛阳科教,http://iptv.cdn.ha.chinamobile.com/PLTV/88888888/224/3221226554/index.m3u8
洛阳文旅,https://wshlslive.migucloud.com/live/CVN934JS_C0/playlist.m3u8
新野综合,http://tvpull.dxhmt.cn:9081/tv/11329-1.m3u8?zhend
新野综合,http://tvpull.dxhmt.cn:9081/tv/11329-1.m3u8?zhend?
新野综合,http://tvpull.dxhmt.cn:9081/tv/11329-1.m3u8
开封文化旅游,http://tvpull.dxhmt.cn:9081/tv/10200-3.m3u8?zhend
宜阳综合,http://tvpull.dxhmt.cn:9081/tv/10327-1.m3u8?wsSecret=df15530a0abec41b14bca00fc96270d1&wsTime=1654956569
宜阳综合,http://tvpull.dxhmt.cn:9081/tv/10327-1.m3u8
宜阳综合,http://iptv.cdn.ha.chinamobile.com/PLTV/88888888/224/3221227059/index.m3u8
宜阳综合,http://tvpull.dxhmt.cn:9081/tv/10327-1.m3u8?zhend
内黄综合,http://tvpull.dxhmt.cn:9081/tv/10527-1.m3u8?wsSecret=df15530a0abec41b14bca00fc96270d1&wsTime=1654956569
内黄综合,http://tvpull.dxhmt.cn:9081/tv/10527-1.m3u8?zhend
内黄综合,http://tvpull.dxhmt.cn:9081/tv/10527-1.m3u8
偃师新闻,http://tvpull.dxhmt.cn:9081/tv/10381-1.m3u8?wsSecret=df15530a0abec41b14bca00fc96270d1&wsTime=1654956569
偃师新闻,http://tvpull.dxhmt.cn:9081/tv/10381-1.m3u8
邯郸科教,https://jwcdnqx.hebyun.com.cn/live/hdkj/1500k/tzwj_video.m3u8
衡水公共,http://ls.qingting.fm/live/2810.m3u8
滦平新闻,http://jwplay.hebyun.com.cn/live/LPTV001/1500k/tzwj_video.m3u8
昌黎综合,https://jwcdnqx.hebyun.com.cn/live/clzhpd/1500k/tzwj_video.m3u8
昌黎综合,https://jwcdnqx.hebyun.com.cn/zb/clzhpd/1500k/tzwj_video.m3u8
任丘文娱,https://jwcdnqx.hebyun.com.cn/live/rqtv2/1500k/tzwj_video.m3u8
任丘文娱,https://jwcdnqx.hebyun.com.cn/zb/rqtv2/1500k/tzwj_video.m3u8
任丘综合,https://jwcdnqx.hebyun.com.cn/live/rqtv1/1500k/tzwj_video.m3u8
任丘综合,https://jwcdnqx.hebyun.com.cn/zb/rqtv1/1500k/tzwj_video.m3u8
兴隆综合,https://jwcdnqx.hebyun.com.cn/live/xlzh/1500k/tzwj_video.m3u8
兴隆综合,https://jwcdnqx.hebyun.com.cn/zb/xlzh/1500k/tzwj_video.m3u8
平泉影视,https://jwcdnqx.hebyun.com.cn/zb/pqys/1500k/tzwj_video.m3u8
平泉综合,https://jwcdnqx.hebyun.com.cn/live/pqzh/1500k/tzwj_video.m3u8
清河新闻综合,https://jwcdnqx.hebyun.com.cn/live/qinghe/1500k/tzwj_video.m3u8
清河新闻综合,https://jwcdnqx.hebyun.com.cn/zb/qinghe/1500k/tzwj_video.m3u8
清河经济综艺,https://jwcdnqx.hebyun.com.cn/live/qinghe1/1500k/tzwj_video.m3u8
清河经济综艺,https://jwcdnqx.hebyun.com.cn/zb/qinghe1/1500k/tzwj_video.m3u8
巴音郭楞州,rtmp://tv.loulannews.cn/channellive/ch1
济南新闻综合,https://stream1.freetv.fun/ji-nan-zong-he-2.m3u8
安徽国际,https://stream1.freetv.fun/an-hui-guo-ji-16.m3u8
安徽国际,https://www.ahtv.cn/folder9000/folder20193?channelIndex=6
安徽影视,https://stream1.freetv.fun/an-hui-ying-shi-14.m3u8
安徽影视,https://stream1.freetv.fun/an-hui-ying-shi-15.m3u8
安徽影视,https://www.ahtv.cn/folder9000/folder20193?channelIndex=3
安徽影视,https://t.freetv.fun/live/an-hui-ying-shi.m3u8
安徽影视,https://t.freetv.fun/live/an-hui-ying-shi-2.m3u8
安徽导视,https://livehls1.appcoo.com/liveshopping/949E0A98C9D0C311/6D925141BC1F8C28/index.m3u8
滁州市广播电视台 新闻综合,http://live.cztv.cc:85/live/xwpd.m3u8
滁州市广播电视台 公共,http://live.cztv.cc:85/live/ggpd.m3u8
宿州新闻综合,http://live.ahsz.tv/video/s10001-szzh/index.m3u8
宿州新闻综合,https://stream1.freetv.fun/su-zhou-xin-wen-zong-he-1.m3u8
宿州新闻综合,https://stream1.freetv.fun/su-zhou-xin-wen-zong-he-2.m3u8
宿州新闻综合,https://stream1.freetv.fun/su-zhou-xin-wen-zong-he-3.m3u8
亳州新闻,http://zbbf2.ahbztv.com/live/416.m3u8?zanhd
内蒙古经济生活,https://ls.qingting.fm/live/1885/64k.m3u8
通海电视,https://zb-live.ynurl.com/tonghai/3bfe3a9e-48e6-4c1e-8770-1df66447cc6c.m3u8
云南都市,https://hwapi.yntv.net/62hdvf/rjwt14.m3u8
云南娱乐,https://hwapi.yntv.net/62hdvf/q9vs1b.m3u8
西宁生活服务,https://liveout.xntv.tv/a65jur/90p2i1.m3u8?zqinghd
青海都市,http://[2409:8087:1e01:20::3]/PLTV/11/224/3221225749/index.m3u8
青海都市,http://[2409:8087:1e01:20::3]:80/PLTV/11/224/3221225749/index.m3u8
黑龙江新闻,https://ls.qingting.fm/live/4974/64k.m3u8
黑龙江新闻,https://fenghuang.tv12.xyz/66.m3u8
黑龙江新闻,https://stream1.freetv.fun/hei-long-jiang-xin-wen-9.m3u8
齐齐哈尔新闻综合,http://php.jdshipin.com/TVOD/hljyd.php?id=3221226437
齐齐哈尔新闻综合,http://[2409:8087:1a15:10d1::31]/ottrrs.hl.chinamobile.com/PLTV/88888888/224/3221226437/index.m3u8
齐齐哈尔新闻综合,https://stream1.freetv.fun/ipv6-qi-qi-ha-er-xin-wen-zong-he-3.m3u8
双鸭山综合,http://live.qthnews.org.cn:1935/live/live2/800k/tzwj_video.m3u8
七台河民生社教,http://yp.qqqtv.top/1/api.php?id=%E4%B8%83%E5%8F%B0%E6%B2%B3%E6%B0%91%E7%94%9F%E7%A4%BE%E6%95%99&auth=666858
淘剧场,http://[2409:8087:1:20:20::26]/otttv.bj.chinamobile.com/PLTV/88888888/224/3221226553/1.m3u8?GuardEncType=2&accountinfo=%7E%7EV2.0%7EQaJ92NID2SpQlY6_VJVogg%7E_eNUbgU9sJGUcVVduOMKhafLvQUgE_zlz_7pvDimJNOuQYJeiYEeFWTkFfE86Vq-%2CEND
淘剧场,http://zjzcf.synology.me:35455/bptv/10000100000000050000000003887497.m3u8
淘剧场,http://iptv.666230.xyz/iptv/bjyd.php/6553
淘娱乐,http://[2409:8087:1:20:20::2c]/otttv.bj.chinamobile.com/PLTV/88888888/224/3221226551/1.m3u8?GuardEncType=2&accountinfo=%7E%7EV2.0%7Ex0efg9fpenP8E8lWJUb5Lg%7E_eNUbgU9sJGUcVVduOMKhafLvQUgE_zlz_7pvDimJNNg3bzRax0E9tLmO9xgXVx8%2CEND
淘娱乐,http://zjzcf.synology.me:35455/bptv/10000100000000050000000003887499.m3u8
淘娱乐,http://iptv.666230.xyz/iptv/bjyd.php/6551
NewTV惊悚悬疑,https://iptv.catvod.com/live.php?id=NewTV%E6%83%8A%E6%82%9A%E6%82%AC%E7%96%91
NewTV惊悚悬疑,http://[2409:8087:5e00:24::2d]:6610/000000001000/1/1000000004000024282/index.m3u8?channel-id=ystenlive&Contentid=1000000004000024282&livemode=1&stbId=YanG-1989
NewTV惊悚悬疑,http://php.jdshipin.com/TVOD/hnyd.php?id=200000001898/460000089800010077
NewTV惊悚悬疑,http://[2409:8087:1a0b:df::4002]:80/ottrrs.hl.chinamobile.com/TVOD/88888888/224/3221225665/index.m3u8
NewTV惊悚悬疑,http://ottrrs.hl.chinamobile.com/PLTV/88888888/224/3221225665/index.m3u8
NewTV动作电影,https://iptv.catvod.com/live.php?id=NewTV%E5%8A%A8%E4%BD%9C%E7%94%B5%E5%BD%B1
NewTV动作电影,http://php.jdshipin.com/TVOD/hnyd.php?id=200000001898/460000089800010003
NewTV动作电影,http://ott.mobaibox.com/PLTV/3/224/3221227606/index.m3u8
纬来电影,https://stream1.freetv.fun/wei-lai-dian-ying-1.m3u8
纬来电影,https://hls-gateway.vpstv.net/streams/477063.m3u8
纬来电影,https://smart.pendy.dpdns.org/Smart.php?id=videolandmovie
纬来电影,https://smt.iktv.ddns-ip.net/Smart.php?id=videolandmovie
纬来电影,https://stream1.freetv.fun/wei-lai-dian-ying-3.m3u8
靖天映画,https://hls-gateway.vpstv.net/streams/476302.m3u8
靖天映画,http://breezy-audrie-zspace-7524863c.koyeb.app/vipsir?token=leifeng&id=4gtv-4gtv055
靖天映画,https://4gtv.dxjc.pp.ua/li-4gtv-4gtv055/index.m3u8
靖天映画,https://4gtv.dxjc.pp.ua/4gtv-4gtv055/index.m3u8
靖天映画,https://mao.ffmking888.dpdns.org/?id=6Z2W5aSp5pig55Wr&auth=30234cedf871581989d3c91a3daec1e9f50e024aafcfa2247e7d44d91bb8d02fbc3f571b2d67f9d82642cc1d0f133d89
靖天戏剧,http://serv00.bkpcp.top/litv3.php?id=4gtv-4gtv058
靖天戏剧,https://stream1.freetv.fun/jing-tian-xi-ju-4.ctv
靖天戏剧,http://breezy-audrie-zspace-7524863c.koyeb.app/vipsir?token=leifeng&id=4gtv-4gtv058
靖天戏剧,https://mao.ffmking888.dpdns.org/?id=6Z2W5aSp5oiy5YqH5Yaw&auth=30234cedf871581989d3c91a3daec1e9f50e024aafcfa2247e7d44d91bb8d02fbc3f571b2d67f9d82642cc1d0f133d89
靖天戏剧,https://tmxk.pp.ua/litv.php?token=tmxk&id=4gtv-4gtv058
天映经典,http://pull-vivek.speedws.com/live/aaatyjd.flv
天映经典,http://php.jdshipin.com:8880/smt.php?id=Celestial2
天映经典,https://stream1.freetv.fun/tian-ying-jing-dian-5.m3u8
天映经典,https://migu.188766.xyz/?migutoken=3637f4ae3861b554c9b368728cc8b391&id=Celestial2&type=dy
天映经典,http://php.jdshipin.com/smt.php?id=Celestial2
龙祥电影,https://smt.858.qzz.io/Smart.php?id=lungxiangtime_twn
龙祥电影,https://smt.go-iptv.ggff.net/smart.php?id=lungxiangtime_twn&token=Goiptv
东森洋片,https://stream1.freetv.fun/dong-sen-yang-pian-3.m3u8
东森洋片,https://hls-gateway.vpstv.net/streams/476997.m3u8
东森洋片,https://smt.858.qzz.io/Smart.php?id=ettvwestern
东森洋片,http://php.666230.xyz/smt.php?id=ettvwestern
东森洋片,https://live.catvod.com/live.php?id=ettvwestern
广东体育,http://r.jdshipin.com/LiYdg
广东体育,http://cdn2.163189.xyz/live/gdty/stream.m3u8
广东体育,https://epg.pw/stream/7b470f9fc5c305db0c8622117b7b25ca00eb35ba3e93e865cf0ff9df5c736681.m3u8
广东体育,http://php.jdshipin.com/PLTV/iptv.php?id=gdty
广东体育,http://php.jdshipin.com/TVOD/iptv.php?id=gdty
爱体育,http://php.jdshipin.com:8880/itv6s.php?cid=wasusyt&id=6000000006000290630
爱体育,http://[2409:8087:5e08:24::11]:6610/000000001000/2000000004000000060/index.m3u8
爱体育,http://[2409:8087:5e08:24::17]:6610/000000001000/2000000004000000060/index.m3u8
爱体育,http://[2409:8087:5e08:24::12]:6610/000000001000/2000000004000000000/index.m3u8
爱体育,http://hwltc.tv.cdn.zj.chinamobile.com/PLTV/88888888/224/3221230103/index.m3u8
广州竞赛,https://stream1.freetv.fun/yan-zhou-jing-sai-34.ctv
广州竞赛,https://stream1.freetv.fun/yan-zhou-jing-sai-38.ctv
广州竞赛,https://stream1.freetv.fun/yan-zhou-jing-sai-32.ctv
广州竞赛,https://stream1.freetv.fun/yan-zhou-jing-sai-2.m3u8
广州竞赛,https://stream1.freetv.fun/yan-zhou-jing-sai-33.ctv
山东体育,https://stream1.freetv.fun/shan-dong-ti-yu-8.m3u8
山东体育,https://stream1.freetv.fun/shan-dong-ti-yu-19.m3u8
山东体育,https://stream1.freetv.fun/shan-dong-ti-yu-4.m3u8
山东体育,http://livealone302.iqilu.com/iqilu/typd.m3u8
山东体育,https://stream1.freetv.fun/shan-dong-ti-yu-7.m3u8
安徽综艺体育,https://live.lalifeier.eu.org/ahtv/ahzyty.m3u8?t=1745774515&key=27009aec794adc785b22478c5aa2ae16
安徽综艺体育,https://live.lalifeier.eu.org/ahtv/ahzyty.m3u8?t=1746292937&key=940b0f98a121c28884c74971efaac4de
安徽综艺体育,https://live.lalifeier.eu.org/ahtv/ahzyty.m3u8?t=1746307365&key=6b104d1fc66c5b34b63d0e19c627e0f9
安徽综艺体育,https://stream1.freetv.fun/an-hui-zong-yi-ti-yu-4.ctv
安徽综艺体育,https://stream1.freetv.fun/an-hui-zong-yi-ti-yu-8.m3u8
睛彩广场舞,https://iptv.catvod.com/live.php?id=%E7%9D%9B%E5%BD%A9%E5%B9%BF%E5%9C%BA%E8%88%9E
睛彩广场舞,http://13937899.xyz:35455/itv/3000000020000011523.m3u8?cdn=FifastbLive
睛彩广场舞,http://zjzcf.synology.me:35455/itv/3000000020000011523.m3u8?cdn=FifastbLive
睛彩广场舞,http://[2409:8087:1a01:df::7005]:80/ottrrs.hl.chinamobile.com/TVOD/88888888/224/3221226472/index.m3u8
睛彩广场舞,http://[2409:8087:1a15:10d1::37]/ottrrs.hl.chinamobile.com/PLTV/88888888/224/3221226472/index.m3u8
JJ斗地主,https://live.iill.top/douyin/685317364746
卡酷动画,https://zby.130519.xyz/PLTV/11/224/3221226019/index.m3u8
卡酷动画,http://[2409:8087:1a15:10d1::33]/ottrrs.hl.chinamobile.com/PLTV/88888888/224/3221225654/index.m3u8
卡酷动画,http://[2409:8087:5e08:25::16]:6610/200000001898/460000089800010081/1.m3u8
卡酷动画,https://migu.188766.xyz/?migutoken=1023983db6b5249e61d4950c1654cd84&id=%E5%8C%97%E4%BA%AC%E5%8D%A1%E9%85%B7%E5%B0%91%E5%84%BF&type=yy
卡酷动画,https://migu.188766.xyz/?migutoken=2c51384549aec8a85219fdc0c475e40b&id=%E5%8C%97%E4%BA%AC%E5%8D%A1%E9%85%B7%E5%B0%91%E5%84%BF&type=yy
动漫秀场,https://zby.130519.xyz/PLTV/11/224/3221225764/index.m3u8
动漫秀场,http://php.jdshipin.com/itv6.php?cid=bestzb&id=5000000011000031113
动漫秀场,https://stream1.freetv.fun/dong-man-xiu-chang-11.m3u8
动漫秀场,https://stream1.freetv.fun/ipv6-dong-man-xiu-chang-11.m3u8
动漫秀场,https://stream1.freetv.fun/dong-man-xiu-chang-9.ctv
爱动漫,http://php.jdshipin.com:8880/itv6s.php?cid=wasusyt&id=6000000006000280630
爱动漫,http://[2409:8087:5e08:24::17]:6610/000000001000/2000000004000000059/index.m3u8
爱动漫,http://[2409:8087:5e08:24::11]:6610/000000001000/2000000004000000059/index.m3u8
爱动漫,http://hwltc.tv.cdn.zj.chinamobile.com/PLTV/88888888/224/3221235628/1/index.m3u8?fmt=ts2hls
炫动卡通,https://zby.130519.xyz/PLTV/11/224/3221226161/index.m3u8
炫动卡通,http://php.jdshipin.com/TVOD/hnyd.php?id=200000001898/460000089800010117
炫动卡通,http://[2409:8087:8:21::18]:6610/otttv.bj.chinamobile.com/PLTV/88888888/224/3221226931/1.m3u8
炫动卡通,https://stream1.freetv.fun/ha-ha-xuan-dong-29.m3u8
炫动卡通,https://stream1.freetv.fun/ha-ha-xuan-dong-8.m3u8
七龙珠,https://live.ottiptv.cc/huya/11601966
七龙珠,https://live.metshop.top/huya/11601966
七龙珠,http://cdn.jdshipin.com:8880/huya.php?id=11601966
火影忍者,http://cdn.jdshipin.com:8880/huya.php?id=29465866
爱电竞,http://php.jdshipin.com:8880/itv6s.php?cid=wasusyt&id=6000000006000230630
音乐现场,https://satellitepull.cnr.cn/live/wx32nmgyygb/playlist.m3u8
音乐广播,https://tv.iill.top/fm/552&token=7c908a370d95d78e90a9d2ba4007e5185038b0ceac7435ba90e72c77cc035ff6
音乐广播,https://tv.iill.top/fm/552&token=074c3dfc2f95090e006ab15f0d86b1aaef70b389a934b096ad5e6674b5724d0d
音乐广播,https://tv.iill.top/fm/552&token=9214268143febfaf9cbc3e9b7f092a03c3274273c99133a780217564b2ab7896
音乐广播,https://tv.iill.top/fm/552&token=0ba82b0a75c65ff5f1a8198b9de48d0532f0cf804be54dac2eacd7d0dbd56b0a
音乐广播,https://tv.iill.top/fm/552&token=bde1753ec6759720c20ecedff6ec428eed4e2dd71d1433181fa7f50b8724a5bf
西游记,https://live.iill.top/huya/26355861
西游记,http://cdn.jdshipin.com:8880/huya.php?id=30080242
西游记,https://live.ottiptv.cc/huya/26355861
西游记,https://live.metshop.top/huya/26355861
西游记,http://cdn.jdshipin.com:8880/huya.php?id=26355861
水浒传,http://www.clmy.cc:35455/yy/1353873252
闯关东,http://43.251.226.89:8080/play/1731.m3u8
◆◆◆　http://ku9.fr.to/ku9/1768502278.txt
◆◆◆　https://188766.xyz/itv
◆◆◆　https://raw.githubusercontent.com/develop202/migu_video/refs/heads/main/interfaceTXT.txt
更新日期: 2026-3-11 08:01:49,http://hlsztemgsplive.miguvideo.com:8080/migu/kailu/cctv1hd265/51/20191230/01.m3u8?msisdn=4f89b0f1d885527a227fd4a636419cfe&mdspid=&spid=699004&netType=4&sid=2201057821&pid=2028597139&timestamp=20260311070622&Channel_ID=0116_2600031500-99000-200300140100004&ProgramID=608807420&ParentNodeID=-99&assertID=2201057821&client_ip=36.212.181.82&SecurityKey=20260311070622&promotionId=&mvid=2201057821&mcid=500020&playurlVersion=ZQ-A1-9.2.2-RELEASE&userid=&jmhm=&videocodec=h265&appCode=miguvideo_android&bean=mgspad&tid=android&conFee=0&mtv_session=6d3363d81fceeee073dbdb0b1e110ba1&sv=10004&ct=android&playUrlSsn=4f89b0f1d885527a227fd4a636419cfe1773183979253&prlId=4f89b0f1d885527a227fd4a636419cfe1773183979469&jid=4f89b0f1d885527a227fd4a636419cfe1773183978254V&is_advertise=0&sjid=subsession_1773183980159&HlsSubType=1&HlsProfileId=1&nphaid=0&encrypt=d861ceddb4e0cdfc6b3f5e3917009ed6
广东移动,http://183.11.239.36:808/hls/14/index.m3u8
广东少儿,http://120.238.85.131:9901/tsfile/live/1018_1.m3u8?key=txiptv&playlive=0&authid=0
广东影视,https://hlsbkmgsplive.miguvideo.com/wd_r1/2018/nfmedia/nfys/1000/01.m3u8?&HlsSubType=&encrypt=
广东影视,http://120.238.85.131:9901/tsfile/live/1017_1.m3u8?key=txiptv&playlive=0&authid=0
衡山综合,https://liveplay-srs.voc.com.cn/hls/tv/161_8d2e76.m3u8
龙山综合,https://liveplay-srs.voc.com.cn/hls/tv/146_f067fe.m3u8
平江综合,https://liveplay-srs.voc.com.cn/hls/tv/168_ce2a0c.m3u8
津市综合,https://liveplay-srs.voc.com.cn/hls/tv/187_2abf84.m3u8
花垣综合,https://liveplay-srs.voc.com.cn/hls/tv/134_d590ee.m3u8
临武综合,https://liveplay-srs.voc.com.cn/hls/tv/148_feda2f.m3u8
桂东融媒,https://liveplay-srs.voc.com.cn/hls/tv/174_6ab9f8.m3u8
衡阳县电视,https://liveplay-srs.voc.com.cn/hls/tv/183_554704.m3u8
新化电视,https://liveplay-srs.voc.com.cn/hls/tv/170_49c556.m3u8
桂阳新闻综合,https://liveplay-srs.voc.com.cn/hls/tv/7_7c833e.m3u8
屈原融媒体,https://liveplay-srs.voc.com.cn/hls/tv/167_0d6151.m3u8
新邵新闻综合,https://liveplay-srs.voc.com.cn/hls/tv/171_daca67.m3u8
耒阳电视,https://liveplay-srs.voc.com.cn/hls/tv/27_e9e1e5.m3u8
永兴电视,https://liveplay-srs.voc.com.cn/hls/tv/40_1d0ed0.m3u8
沅江电视,https://liveplay-srs.voc.com.cn/hls/tv/163_2c7011.m3u8
蓝山电视,https://liveplay-srs.voc.com.cn/hls/tv/26_370917.m3u8
芷江综合,https://liveplay-srs.voc.com.cn/hls/tv/20_68acda.m3u8
靖州综合,https://liveplay-srs.voc.com.cn/hls/tv/34_5156ed.m3u8
双峰电视,https://liveplay-srs.voc.com.cn/hls/tv/131_acfb72.m3u8
嘉禾新闻综合,https://liveplay-srs.voc.com.cn/hls/tv/184_e3af1a.m3u8
城步电视,https://liveplay-srs.voc.com.cn/hls/tv/169_b4d7a4.m3u8
衡东电视,https://liveplay-srs.voc.com.cn/hls/tv/180_60f888.m3u8
汝城台,https://liveplay-srs.voc.com.cn/hls/tv/149_40cf24.m3u8
中方台,https://liveplay-srs.voc.com.cn/hls/tv/18_3aa230.m3u8
吉首综合,https://liveplay-srs.voc.com.cn/hls/tv/143_70175b.m3u8
安化综合,https://liveplay-srs.voc.com.cn/hls/tv/204_16cb0f.m3u8
古丈1,https://liveplay-srs.voc.com.cn/hls/tv/144_4efb38.m3u8
浙江经济生活,http://ali-xwl.cztv.com/live/channel03720Plxw.m3u8
浙江新闻,http://ali-xwl.cztv.com/live/channel07720Plxw.m3u8
浙江教科影视,http://ali-xwl.cztv.com/live/channel04720Plxw.m3u8
浙江国际,http://ali-xwl.cztv.com/live/channel101080Plxw.m3u8
浙江国际,http://ali-xwl.cztv.com/live/channel10720Plxw.m3u8
嵊州综合,http://l.cztvcloud.com/channels/lantian/SXshengzhou1/720p.m3u8
新昌综合,http://l.cztvcloud.com/channels/lantian/SXxinchang1/720p.m3u8
平湖民生休闲,http://l.cztvcloud.com/channels/lantian/SXpinghu2/720p.m3u8
青田电视,http://l.cztvcloud.com/channels/lantian/SXqingtian1/720p.m3u8
余姚新闻综合,http://l.cztvcloud.com/channels/lantian/SXyuyao1/720p.m3u8
普陀电视,http://l.cztvcloud.com/channels/lantian/SXputuo1/720p.m3u8
庆元电视,http://l.cztvcloud.com/channels/lantian/SXqingyuan1/720p.m3u8
东阳影视生活,http://l.cztvcloud.com/channels/lantian/SXdongyang1/720p.m3u8
兰溪新闻综合,http://l.cztvcloud.com/channels/lantian/SXlanxi1/720p.m3u8
龙泉电视,http://l.cztvcloud.com/channels/lantian/SXlongquan1/720p.m3u8
南京文旅纪录,http://nklive.nbs.cn/hls/9b2005c4-046c-422f-ba45-e6adc4f4de07/index.m3u8
南京十八生活,http://nklive.nbs.cn/hls/1173a815-bfdb-4c3c-9f73-89ec37ae7716/index.m3u8
伊春综合,https://masterpull.hljtv.com/live/vQtnS3vX.m3u8
伊春综合,https://rmplive.hljtv.com/live/yichun.m3u8
漠河综合,https://masterpull.hljtv.com/live/rlVvbTZN.m3u8
东宁综合,https://masterpull.hljtv.com/live/UQdxnsw8.m3u8
黑河新闻综合,https://masterpull.hljtv.com/live/iyoENgSP.m3u8
鹤岗综合,https://masterpull.hljtv.com/live/rApKWXbX.m3u8
鹤岗综合,https://rmplive.hljtv.com/live/hegang.m3u8
富锦综合,https://masterpull.hljtv.com/live/wOBN3GqO.m3u8
尚志电视,https://masterpull.hljtv.com/live/EQnKvoc9.m3u8
齐齐哈尔新闻综合,https://masterpull.hljtv.com/live/dUi8b96l.m3u8
齐齐哈尔新闻综合,https://rmplive.hljtv.com/live/qiqihaer.m3u8
勃利综合,https://masterpull.hljtv.com/live/6rx9bifO.m3u8
绥化新闻综合,https://masterpull.hljtv.com/live/v4o2g1hs.m3u8
绥化新闻综合,https://rmplive.hljtv.com/live/suihua.m3u8
安达综合,https://masterpull.hljtv.com/live/FsGxlDZQ.m3u8
海伦市综合,https://masterpull.hljtv.com/live/VFNlgeFO.m3u8
大兴安岭新闻综合,https://masterpull.hljtv.com/live/H2kVyS15.m3u8
大兴安岭新闻综合,https://rmplive.hljtv.com/live/daxinganling.m3u8
砚山县电视,http://live.ynurl.com/video/s10020-ystv-zb/index.m3u8
西畴县电视,http://live.ynurl.com/video/s10060-XCTV/index.m3u8
马关县电视,http://live.ynurl.com/video/s10046-001/index.m3u8
广南县电视,http://live.ynurl.com/video/s10031-gnxgbds/index.m3u8
绿春综合,http://live.ynurl.com/video/s10042-LCTV/index.m3u8
建水综合,http://live.ynurl.com/video/s10045-JSTV/index.m3u8
蒙自电视,http://live.ynurl.com/video/s10019-mzdst/index.m3u8
昌宁县电视,http://live.ynurl.com/video/s10047-cntv/index.m3u8
海峡卫视,https://hlsbkmgsplive.miguvideo.com/migu/kailu/haixiaws/51/20230724/01.m3u8?&HlsSubType=&encrypt=
济源综合,http://tvpull.dxhmt.cn:9081/tv/19001-1.m3u8
济源综合,http://live.dxhmt.cn:9081/tv/19001-1.m3u8
兰考综合,http://live.dxhmt.cn:9081/tv/10225-1.m3u8
伊川综合,http://tvpull.dxhmt.cn:9081/tv/10329-1.m3u8
伊川综合,http://live.dxhmt.cn:9081/tv/10329-1.m3u8
长垣综合,http://tvpull.dxhmt.cn:9081/tv/10728-1.m3u8
长垣综合,http://live.dxhmt.cn:9081/tv/10728-1.m3u8
开封新闻,http://live.dxhmt.cn:9081/tv/10200-2.m3u8
开封文化旅游,http://tvpull.dxhmt.cn:9081/tv/10200-3.m3u8
内黄综合,http://live.dxhmt.cn:9081/tv/10527-1.m3u8
新县电视,http://live.dxhmt.cn:9081/tv/11523-1.m3u8
淇县电视,http://tvpull.dxhmt.cn:9081/tv/10622-1.m3u8
淇县电视,http://live.dxhmt.cn:9081/tv/10622-1.m3u8
汤阴综合,http://tvpull.dxhmt.cn:9081/tv/10523-1.m3u8
汤阴综合,http://live.dxhmt.cn:9081/tv/10523-1.m3u8
新乡县综合,http://tvpull.dxhmt.cn:9081/tv/10721-1.m3u8
新乡县综合,http://live.dxhmt.cn:9081/tv/10721-1.m3u8
舞钢综合,http://tvpull.dxhmt.cn:9081/tv/10481-1.m3u8
舞钢综合,http://live.dxhmt.cn:9081/tv/10481-1.m3u8
淮滨综合,http://tvpull.dxhmt.cn:9081/tv/11527-1.m3u8
淮滨综合,http://live.dxhmt.cn:9081/tv/11527-1.m3u8
光山综合,http://live.dxhmt.cn:9081/tv/11522-1.m3u8
滑县TV1,http://live.dxhmt.cn:9081/tv/10526-1.m3u8
滑县TV2,http://tvpull.dxhmt.cn:9081/tv/10526-2.m3u8
滑县TV2,http://live.dxhmt.cn:9081/tv/10526-2.m3u8
清丰电视,http://tvpull.dxhmt.cn:9081/tv/10922-1.m3u8
清丰电视,http://live.dxhmt.cn:9081/tv/10922-1.m3u8
通许综合,http://tvpull.dxhmt.cn:9081/tv/10222-1.m3u8
通许综合,http://live.dxhmt.cn:9081/tv/10222-1.m3u8
沈丘新闻综合,http://tvpull.dxhmt.cn:9081/tv/11624-1.m3u8
沈丘新闻综合,http://live.dxhmt.cn:9081/tv/11624-1.m3u8
桐柏新闻综合,http://tvpull.dxhmt.cn:9081/tv/11330-1.m3u8
夏邑综合,http://tvpull.dxhmt.cn:9081/tv/11426-1.m3u8
夏邑综合,http://live.dxhmt.cn:9081/tv/11426-1.m3u8
平兴新闻综合,http://tvpull.dxhmt.cn:9081/tv/11723-1.m3u8
平兴新闻综合,http://live.dxhmt.cn:9081/tv/11723-1.m3u8
偃师新闻,http://live.dxhmt.cn:9081/tv/10381-1.m3u8
上街电视,http://tvpull.dxhmt.cn:9081/tv/10106-1.m3u8
上街电视,http://live.dxhmt.cn:9081/tv/10106-1.m3u8
项城电视,http://live.dxhmt.cn:9081/tv/11681-1.m3u8
新安新闻综合,http://tvpull.dxhmt.cn:9081/tv/10323-1.m3u8
罗山电视,http://tvpull.dxhmt.cn:9081/tv/11521-1.m3u8
罗山电视,http://live.dxhmt.cn:9081/tv/11521-1.m3u8
潢川电视,http://live.dxhmt.cn:9081/tv/11526-1.m3u8
上蔡1,http://tvpull.dxhmt.cn:9081/tv/11722-1.m3u8
上蔡1,http://live.dxhmt.cn:9081/tv/11722-1.m3u8
确山电视台1,http://live.dxhmt.cn:9081/tv/11725-1.m3u8
荥阳1,http://tvpull.dxhmt.cn:9081/tv/10182-1.m3u8
荥阳1,http://live.dxhmt.cn:9081/tv/10182-1.m3u8
温县融媒,http://live.dxhmt.cn:9081/tv/10825-1.m3u8
建安新闻,http://tvpull.dxhmt.cn:9081/tv/11003-1.m3u8
建安新闻,http://live.dxhmt.cn:9081/tv/11003-1.m3u8
封丘新闻综合,http://tvpull.dxhmt.cn:9081/tv/10727-1.m3u8
封丘新闻综合,http://live.dxhmt.cn:9081/tv/10727-1.m3u8
林州电视,http://tvpull.dxhmt.cn:9081/tv/10581-1.m3u8
林州电视,http://live.dxhmt.cn:9081/tv/10581-1.m3u8
鄢陵综合,http://live.dxhmt.cn:9081/tv/11024-1.m3u8
社旗电视,http://tvpull.dxhmt.cn:9081/tv/11327-1.m3u8
社旗电视,http://live.dxhmt.cn:9081/tv/11327-1.m3u8
镇平新闻综合,http://tvpull.dxhmt.cn:9081/tv/11324-1.m3u8
镇平新闻综合,http://live.dxhmt.cn:9081/tv/11324-1.m3u8
孟州1,http://tvpull.dxhmt.cn:9081/tv/10883-1.m3u8
孟州1,http://live.dxhmt.cn:9081/tv/10883-1.m3u8
郏县综合,http://live.dxhmt.cn:9081/tv/10425-1.m3u8
浚县电视,http://tvpull.dxhmt.cn:9081/tv/10621-1.m3u8
浚县电视,http://live.dxhmt.cn:9081/tv/10621-1.m3u8
舞阳新闻综合,http://tvpull.dxhmt.cn:9081/tv/11121-1.m3u8
舞阳新闻综合,http://live.dxhmt.cn:9081/tv/11121-1.m3u8
渑池新闻综合,http://live.dxhmt.cn:9081/tv/11221-1.m3u8
武陟新闻综合,http://tvpull.dxhmt.cn:9081/tv/10823-1.m3u8
武陟新闻综合,http://live.dxhmt.cn:9081/tv/10823-1.m3u8
新郑1,http://tvpull.dxhmt.cn:9081/tv/10184-1.m3u8
新郑1,http://live.dxhmt.cn:9081/tv/10184-1.m3u8
辉县新闻综合,http://tvpull.dxhmt.cn:9081/tv/10782-1.m3u8
辉县新闻综合,http://live.dxhmt.cn:9081/tv/10782-1.m3u8
永城新闻,http://tvpull.dxhmt.cn:9081/tv/11481-1.m3u8
永城新闻,http://live.dxhmt.cn:9081/tv/11481-1.m3u8
杞县新闻综合,http://tvpull.dxhmt.cn:9081/tv/10221-1.m3u8
杞县新闻综合,http://live.dxhmt.cn:9081/tv/10221-1.m3u8
林颖综合,http://live.dxhmt.cn:9081/tv/11122-1.m3u8
宝丰1,http://live.dxhmt.cn:9081/tv/10421-1.m3u8
新密新闻,http://tvpull.dxhmt.cn:9081/tv/10183-2.m3u8
新密新闻,http://live.dxhmt.cn:9081/tv/10183-2.m3u8
嘉峪关公共,https://play.kankanlive.com/live/1658978141553927.m3u8
张掖新闻,http://play.kankanlive.com/live/1675849013180979.m3u8
张掖新闻,http://play.kankanlive.com/live/1675849013180979.flv
定西文旅生活,http://play.kankanlive.com/live/1675303983674929.m3u8
定西文旅生活,http://play.kankanlive.com/live/1675303983674929.flv
天祝电视,https://play.kankanlive.com/live/1656487214793905.m3u8
泰安综合,http://play.kankanlive.com/live/1680577080200944.m3u8
泰安综合,http://play.kankanlive.com/live/1680577080200944.flv
静宁新闻综合,https://play.kankanlive.com/live/1658194434596952.m3u8
景泰电视,https://play.kankanlive.com/live/1624439143745981.m3u8
西和综合,https://play.kankanlive.com/live/1659926941626981.m3u8
古浪综合,http://play.kankanlive.com/live/1647934328544907.m3u8
古浪综合,http://play.kankanlive.com/live/1647934328544907.flv
永昌电视,https://play.kankanlive.com/live/1652755738635915.m3u8
陇西电视,https://play.kankanlive.com/live/1669881644081970.m3u8
平川电视,http://play.kankanlive.com/live/1658907556249918.m3u8
平川电视,http://play.kankanlive.com/live/1658907556249918.flv
岷县电视,http://play.kankanlive.com/live/1672715401874967.m3u8
岷县电视,http://play.kankanlive.com/live/1672715401874967.flv
庄浪电视,https://play.kankanlive.com/live/1655107221272926.m3u8
金川电视,http://play.kankanlive.com/live/1657360567739997.m3u8
金川电视,http://play.kankanlive.com/live/1657360567739997.flv
安定电视,https://play.kankanlive.com/live/1672881652415978.m3u8
安定电视,http://play.kankanlive.com/live/1672881652415978.flv
靖远电视,https://play.kankanlive.com/live/1658390970673988.m3u8
天祝电视,http://play.kankanlive.com/live/1656487214793905.m3u8
天祝电视,http://play.kankanlive.com/live/1656487214793905.flv
通渭电视,http://play.kankanlive.com/live/1661761962676984.m3u8
通渭电视,http://play.kankanlive.com/live/1661761962676984.flv
秦安电视,https://play.kankanlive.com/live/1680577080200944.m3u8
◆◆◆　https://raw.githubusercontent.com/alenin-zhang/IPTV/refs/heads/main/lenin.txt
湖南卫视4K,http://hlsal-ldvt.qing.mgtv.com/nn_live/nn_x64/dWlwPTEyNy4wLjAuMSZ1aWQ9cWluZy1jbXMmbm5fdGltZXpvbmU9OCZjZG5leF9pZD1hbF9obHNfbGR2dCZ1dWlkPTliODY4NmU5ZTM2YzYwMmMmZT02OTE0NjA0JnY9MSZpZD1ITldTWkdTVCZzPTcwN2RiYTc2YzJjNmJmMTQ4MmUyZGYzOWU2NWM3YWFi/HNWSZGST.m3u8
TVB PLUS,http://74.91.26.218:82/live/j2.m3u8
TVB PLUS,https://o11.163189.xyz/stream/tvb/tvbp/
TVB翡翠4K,https://o11.163189.xyz/stream/tvb/fct4k/
TVB华丽翡翠(新加坡),https://o11.163189.xyz/stream/live/jade/
TVB华丽翡翠,https://o11.163189.xyz/stream/live/hlt/
RTHK33,https://rt33-live.akamaized.net/hls/live/2101641/RT33/stream04/streamPlaylist.m3u8
RTHK34,https://rt34-live.akamaized.net/hls/live/2101642/RT34/stream04/streamPlaylist.m3u8
RTHK35,https://rt35-live.akamaized.net/hls/live/2101643/RT35/stream04/streamPlaylist.m3u8
环球电视,http://zb.xzxwhcb.com:9999/hls/world.m3u8
耀才财经,http://202.69.67.66:443/webcast/bshdlive-pc/playlist.m3u8
香港面包,https://video.bread-tv.com:8091/hls-live24/online/index.m3u8
C+,http://ottproxy2.ist.ooo/livehls/MOB-U1-NO/01.m3u8
C+,http://ottproxy2.ist.ooo/livehls/MOB-U1-NO/02.m3u8
C+,http://ottproxy2.ist.ooo/livehls/MOB-U1-NO/03.m3u8
NOW爆谷,http://74.91.26.218:82/live/nowbg.m3u8
NOW星影,http://74.91.26.218:82/live/nowxy.m3u8
凤凰电影,http://iot-mqqt.111yao.cn:8080/live/diyp_fhdy.m3u8
天映经典,http://74.91.26.218:82/live/tyjd.m3u8
天映经典,https://o11.163189.xyz/stream/live/ccm/
天映,http://74.91.26.218:82/live/typd.m3u8
天映,https://o11.163189.xyz/stream/live/typd/
卫视电影,http://iot-mqqt.111yao.cn:8080/live/diyp_starmovies.m3u8
Astro 爱奇艺,https://o11.163189.xyz/stream/live/iqiyi/
Astro AEC,https://o11.163189.xyz/stream/live/aec/
Astro AOD,https://o11.163189.xyz/stream/live/aod/
Astro QJ,https://o11.163189.xyz/stream/live/qj/
TVBS,http://208.87.242.79/livehttpplay?channel_id=20085
MOMO综合,rtmp://f13h.mine.nu/sat/tv761
公视,http://74.91.26.218:82/live/pts.m3u8
公视少儿,http://74.91.26.218:82/live/ptsse.m3u8
公视台语,http://74.91.26.218:82/live/ptsty.m3u8
华视,http://74.91.26.218:82/live/cts.m3u8
华视教育文化,http://74.91.26.218:82/live/ctsjy.m3u8
华视新闻资讯,http://74.91.26.218:82/live/ctsnews.m3u8
台视,http://107.150.50.82:81/live/ttv.m3u8
台视,rtmp://f13h.mine.nu/sat/tv071
台视财经,http://74.91.26.218:82/live/ttvcj.m3u8
台视综合,http://74.91.26.218:82/live/ttvzh.m3u8
纬来日本,rtmp://f13h.mine.nu/sat/tv771
中视,http://74.91.26.218:82/live/ctv.m3u8
中视,rtmp://f13h.mine.nu/sat/tv091
ABC AUSTRALIA,https://abc-iview-mediapackagestreams-2.akamaized.net/out/v1/6e1cc6d25ec0480ea099a5399d73bc4b/index.m3u8
AL JAZEERA,http://live-hls-web-aje.getaj.net/AJE/01.m3u8
AL JAZEERA,http://live-hls-web-aje.getaj.net/AJE/02.m3u8
BBC NEWS,https://cdn4.skygo.mn/live/disk1/BBC_News/HLSv3-FTA/BBC_News.m3u8
BLOOMBERG ASIA,https://epg.pw/stream/d2edf469b9079064a283f4b0811cbf6f2597ebbb3d08dcf77036a4b5a791b7cf.m3u8
BLOOMBERG US,http://liveprodusphoenixeast.akamaized.net/USPhx-HD/Channel-TX-USPhx-AWS-virginia-1/Source-USPhx-16k-1-s6lk2-BP-07-02-81ykIWnsMsg_live.m3u8
CBN NEWS,https://bcovlive-a.akamaihd.net/re8d9f611ee4a490a9bb59e52db91414d/us-east-1/734546207001/playlist.m3u8
CBS NEWS,https://cbsn-us.cbsnstream.cbsnews.com/out/v1/55a8648e8f134e82a470f83d562deeca/master.m3u8
FOX NEWS,https://fox-foxnewsnow-vizio.amagi.tv/playlist.m3u8
GLOBAL NEWS,https://live.corusdigitaldev.com/groupd/live/49a91e7f-1023-430f-8d66-561055f3d0f7/live.isml/live-audio_1=96000-video=2499968.m3u8
NEWSMAX,http://nmxlive.akamaized.net/hls/live/529965/Live_1/index.m3u8
NEWSMAX2,https://newsmax-samsungus.amagi.tv/playlist.m3u8
TYT,https://tyt-samsungus.amagi.tv/playlist.m3u8
TRT WORLD,https://tv-trtworld.live.trt.com.tr/master.m3u8
TRT WORLD,https://tv-trtworld.live.trt.com.tr/master_1080.m3u8
NHK WORLD JAPAN,http://61.221.215.25:8800/hls/51/index.m3u8
NHK WORLD JAPAN,https://nhkwlive-ojp.akamaized.net/hls/live/2003459/nhkwlive-ojp-en/index.m3u8
NHK WORLD 华语,https://cdn.nhkworld.jp/www11/nhkworld-tv/bmcc-live/zt/playlist.m3u8
NTV NEWS24,https://n24-cdn-live.ntv.co.jp/ch01/index_high.m3u8
ARIRANG,http://amdlive-ch01.ctnd.com.edgesuite.net/arirang_1ch/smil:arirang_1ch.smil/playlist.m3u8
ARIRANG,https://amdlive-ch01-ctnd-com.akamaized.net/arirang_1ch/smil:arirang_1ch.smil/chunklist_b3256000_sleng.m3u8
RT,https://rt-glb.rttv.com/live/rtnews/playlist.m3u8
RT ARABIC,https://rt-arb.rttv.com/live/rtarab/playlist.m3u8
RT DEUTSCH,https://rt-ger.rttv.com/live/rtdeutsch/playlist.m3u8
RT ESPANOL,https://rt-esp.rttv.com/live/rtesp/playlist.m3u8
RT FRANCH,https://rt-fra.rttv.com/live/rtfrance/playlist.m3u8
RTD (ENGLISH),https://rt-rtd.rttv.com/live/rtdoc/playlist.m3u8
RTD (RUSSIAN),https://hls.rt.com/hls/rtdru.m3u8
ИЗВЕСТИЯ,https://hls-igi.cdnvideo.ru/igi/igi_hq/playlist.m3u8
ИЗВЕСТИЯ,https://hls-igi.cdnvideo.ru/igi/igi_sq/playlist.m3u8
РБК,http://92.50.128.180/utv/1358/index.m3u8
CGTN英语,https://english-livetx.cgtn.com/hls/yypdyyctzb_hd.m3u8
CGTN纪录,https://english-livetx.cgtn.com/hls/yypdjlctzb_hd.m3u8
CGTN英语,https://0472.org/hls/cgtn.m3u8
CGTN纪录,https://0472.org/hls/cgtnd.m3u8
CGTN俄语,https://0472.org/hls/cgtne.m3u8
CGTN法语,https://0472.org/hls/cgtnf.m3u8
CGTN西语,https://0472.org/hls/cgtnx.m3u8
CGTN阿语,https://0472.org/hls/cgtna.m3u8
书画,http://211.103.180.178:8234/live_hls/hdmi.m3u8
文物宝库,http://live.dxhmt.cn:9080/19903718786/503136115d714e6796389709a5c74f77.m3u8
中国天气,http://hls.weathertv.cn/tslslive/qCFIfHB/hls/live_sd.m3u8
文物宝库,http://cdn.jdshipin.com:8880/hntv.php?id=wwbk
Xplore,http://xlpore-samsungus.amagi.tv/playlist.m3u8
大象视界,http://cdn.jdshipin.com:8880/hntv.php?id=xsj
1905电影网1,http://xxwx.yoesun.com/xxw/1905电影网.php?id=1905
1905电影网2,http://xxwx.yoesun.com/xxw/1905电影网.php?id=1905b
经典电影轮播,rtmp://live.gxrb.com.cn/pull/red_movies_0501
重温经典,http://8.138.7.223/tv/cwjd.php
长影,http://tpc.x3322.net:9901/tsfile/live/1010_1.m3u8
河南移动戏曲,http://live.dxhmt.cn:9080/19903718786/a9aab4c5eef74da18d684c75c6dd7e10.m3u8
河南睛彩中原,http://live.dxhmt.cn:9080/19903718786/854deb36f8db4c9098cad18cc35bd632.m3u8
Первый Музыкальный,http://hz1.teleport.cc/HLS/HD.m3u8
Первый Музыкальный,http://rtmp.one.by:1200/
Первый Музыкальный,http://rtmp.one.by:1300/
Первый Музыкальный,http://rtmp.one.by:2200
Первый Музыкальный,http://rtmp.one.by:2300/
MovieMusic,https://lotus.stingray.com/manifest/cmusic-cme004-montreal/samsungtvplus/dee3e3af-2706-3e77-a952-91b99f6d1819/5711200/manifest.m3u8
AMC音乐,https://AMChls.wns.live/hls/stream.m3u8
音乐欣赏,http://61.221.215.25:8800/hls/49/index.m3u8
AlbKanale Music TV,https://albportal.net/albkanalemusic.m3u8
Cadena Elite,https://cloudvideo.servers10.com:8081/8004/index.m3u8
Cantina TV,https://vcp.myplaytv.com/cantinatv/cantinatv/playlist.m3u8
Clubbing TV,https://clubbingtv-samsunguk.amagi.tv/playlist.m3u8
Company TV,https://5929b138b139d.streamlock.net/CompanyTV/smil:CompanyTV.smil/master.m3u8
Euro Indie Music Chart TV,http://178.33.224.197:1935/euroindiemusic/euroindiemusic/playlist.m3u8
FOX SOUL,https://fox-foxsoul-samsungus.amagi.tv/playlist.m3u8
Global TV,https://stmv.video.gmpro.top/global/global/playlist.m3u8
KRONE HIT,https://bitcdn-kronehit.bitmovin.com/v2/hls/chunklist_b1628000.m3u8
KRONE HIT,https://bitcdn-kronehit.bitmovin.com/v2/hls/playlist.m3u8
Pluto TV Qello Concerts,https://siloh.pluto.tv/lilo/production/Qello/ES/master.m3u8
Pluto TV Qwest TV Jazz & Beyond,https://siloh.pluto.tv/lilo/production/QwestJazz/master.m3u8
Radio Contact,https://contact-live-hls.akamaized.net/hls/live/2038650/CONTACT-Live-HLS/master.m3u8
Radio Javan TV,http://74.115.215.41/live/smil:rjtv.smil/playlist.m3u8
Radiom20,https://4c4b867c89244861ac216426883d1ad0.msvdn.net/live/S62628868/uhdWBlkC1AoO/playlist.m3u8
Retro,http://stream.mediawork.cz/retrotv/retrotvHQ1/playlist.m3u8
RU.TV,https://strm.yandex.ru/kal/rutv_cv/rutv_cv0.m3u8
Sexy K-Pop,https://srv1.zcast.com.br/kpoptv/kpoptv/playlist.m3u8
Trace Urban,https://lightning-traceurban-samsungau.amagi.tv/playlist.m3u8
TVM3,https://edge19.vedge.infomaniak.com/livecast/tvm3/chunklist_w296076437.m3u8
TVM3,https://tvm3.vedge.infomaniak.com/livecast/tvm3/playlist.m3u8
V2Beat,http://de1se01.v2beat.live:80/chunks.m3u8
XITE,https://xite-samsung-de.amagi.tv/playlist.m3u8
Zerouno TV,http://5db313b643fd8.streamlock.net:1935/ZerounoTV/ZerounoTV/playlist.m3u8
М2,http://live.m2.tv/hls3/720/stream.m3u8
Страна FM,http://live.stranafm.cdnvideo.ru/stranafm/stranafm_hd.sdp/playlist.m3u8
ТНТ Music,http://83.222.205.65:8080/tntmusic/index.m3u8
Stingray Alternative,https://stirr.ott-channels.stingray.com/102/master.m3u8
Stingray Classic Rock,https://stirr.ott-channels.stingray.com/101/master.m3u8
Stingray Exitos Del Momento,https://stirr.ott-channels.stingray.com/190/master.m3u8
Stingray Flashback 70S,https://stirr.ott-channels.stingray.com/115/master.m3u8
Stingray Greatest Hits,https://stirr.ott-channels.stingray.com/155/master.m3u8
Stingray Hip-Hop/R&B,https://stirr.ott-channels.stingray.com/133/master.m3u8
Stingray Hit List,https://stirr.ott-channels.stingray.com/107/master.m3u8
Stingray Hot Country,https://stirr.ott-channels.stingray.com/108/master.m3u8
Stingray Pop Adult,https://stirr.ott-channels.stingray.com/104/master.m3u8
Stingray Remember The 80S,https://stirr.ott-channels.stingray.com/128/master.m3u8
Stingray Soul Storm STORM,https://stirr.ott-channels.stingray.com/134/master.m3u8
MTV Biggest Pop,http://pluto-live.plutotv.net/egress/chandler/pluto01/live/VIACBS02/master.m3u8
MTV Block Party,http://pluto-live.plutotv.net/egress/chandler/pluto01/live/VIACBS03/master.m3u8
MTV Spankin' New,http://pluto-live.plutotv.net/egress/chandler/pluto01/live/VIACBS07/master.m3u8
MTV WMA,http://pluto-live.plutotv.net/egress/chandler/pluto01/live/VIACBS08/master.m3u8
MTV Yo!,http://pluto-live.plutotv.net/egress/chandler/pluto01/live/VIACBS01/master.m3u8
Ocko Expres,http://ocko-live.ssl.cdn.cra.cz/channels/ocko_expres/playlist/cze/live_hq.m3u8
Ocko Gold,http://ocko-live.ssl.cdn.cra.cz/channels/ocko_gold/playlist/cze/live_hq.m3u8
Ocko TV,http://ocko-live.ssl.cdn.cra.cz/channels/ocko/playlist/cze/live_hq.m3u8
CHANNEL V,http://iot-mqqt.111yao.cn:8080/live/diyp_channelv.m3u8
Fashion TV,http://91.247.68.229:8000/play/Fashion/index.m3u8
A3 Bikini,https://vcnbikininetwork.teleosmedia.com/stream/bikininetwork/a3bikini/playlist.m3u8
Fashion TV England,https://fashiontv-fashiontv-1-gb.samsung.wurl.com/manifest/playlist.m3u8
Fashion TV Europe,https://fashiontv-fashiontv-1-eu.rakuten.wurl.com/manifest/playlist.m3u8
Fashion TV Germany,https://fashiontv-fashiontv-4-de.samsung.wurl.com/manifest/playlist.m3u8
Fashion TV Italy,https://fashiontv-fashiontv-3-it.samsung.wurl.com/manifest/playlist.m3u8
Fashion TV Pluto,https://siloh.pluto.tv/lilo/production/FashionTV/master.m3u8
Fashion TV Spain,https://fashiontv-fashiontv-2-es.samsung.wurl.com/manifest/playlist.m3u8
FTV Magzine,https://lb.streaming.sk/fashiontv/stream/chunklist.m3u8
Luxury World,http://nano.teleservice.su:8080/hls/luxury.m3u8
UNIVERSE TV,http://jc-qlive-play.jingchangkan.cn/live/3473_171322168_W9MX.m3u8
World Fashion Russia,https://wfcint.mediacdn.ru/cdn/wfcrusweb/playlist.m3u8
大爱,https://pulltv1.wanfudaluye.com/live/tv1.m3u8
大爱2,https://pulltv2.wanfudaluye.com/live/tv2.m3u8
佛陀教育,https://js1.amtb.cn/liveedge/_definst_/livetv/playlist.m3u8
佛陀教育,http://js1.amtb.cn/liveedge/_definst_/livetv/chunklist.m3u8
佛陀教育,https://live.jingzong.org/live/hd/playlist.m3u8
唯心电视,http://mobile.ccdntech.com/transcoder/_definst_/vod164_Live/live/chunklist_w1177047531.m3u8
唯心电视,https://5ddce30eb4b55.streamlock.net/wxtv/wxtvnow.stream/playlist.m3u8
生命电视,http://211.73.19.201/live/AB167E56-808C-81D4-6471-76DC400D5192.m3u8?fmt=x264_1200K_ts&cpid=admin&size=1920X1080
01综合,https://live-350k.streamingfast.net/hls-live/goodtv/_definst_/liveevent/live-ch1-2.m3u8
02真理,https://live-350k.streamingfast.net/hls-live/goodtv/_definst_/liveevent/live-ch2-2.m3u8
03真情部落格 短版,https://live-350k.streamingfast.net/hls-live/goodtv/_definst_/liveevent/live-ch3-2.m3u8
04国度新闻,https://live-350k.streamingfast.net/hls-live/goodtv/_definst_/liveevent/live-ch4-2.m3u8
05共享观点 短版,https://live-350k.streamingfast.net/hls-live/goodtv/_definst_/liveevent/live-ch5-2.m3u8
06亲近神 诗歌音乐,https://live-350k.streamingfast.net/hls-live/goodtv/_definst_/liveevent/live-ch6-2.m3u8
07祷告大军,https://live-350k.streamingfast.net/hls-live/goodtv/_definst_/liveevent/live-ch7-2.m3u8
08幸福学堂 短版,https://live-350k.streamingfast.net/hls-live/goodtv/_definst_/liveevent/live-ch8-2.m3u8
09爱+好医生 短版,https://live-350k.streamingfast.net/hls-live/goodtv/_definst_/liveevent/live-ch9-2.m3u8
10烤箱读书会 短版,https://live-350k.streamingfast.net/hls-live/goodtv/_definst_/liveevent/live-ch10-2.m3u8
11我们EYE旅行 短版,https://live-350k.streamingfast.net/hls-live/goodtv/_definst_/liveevent/live-ch11-2.m3u8
12孙叔唱副歌,https://live-350k.streamingfast.net/hls-live/goodtv/_definst_/liveevent/live-ch12-2.m3u8
13健康新煮流 短版,https://live-350k.streamingfast.net/hls-live/goodtv/_definst_/liveevent/live-ch13-2.m3u8
14真情部落格,https://live-350k.streamingfast.net/hls-live/goodtv/_definst_/liveevent/live-ch14-2.m3u8
15真情之夜,https://live-350k.streamingfast.net/hls-live/goodtv/_definst_/liveevent/live-ch15-2.m3u8
16叶光明,https://live-350k.streamingfast.net/hls-live/goodtv/_definst_/liveevent/live-ch16-2.m3u8
17大卫鲍森,https://live-350k.streamingfast.net/hls-live/goodtv/_definst_/liveevent/live-ch17-2.m3u8
18国际讲员,https://live-350k.streamingfast.net/hls-live/goodtv/_definst_/liveevent/live-ch18-2.m3u8
19共享观点,https://live-350k.streamingfast.net/hls-live/goodtv/_definst_/liveevent/live-ch19-2.m3u8
20恩典时分,https://live-350k.streamingfast.net/hls-live/goodtv/_definst_/liveevent/live-ch20-2.m3u8
21华语讲员,https://live-350k.streamingfast.net/hls-live/goodtv/_definst_/liveevent/live-ch21-2.m3u8
22职场新视野,https://live-350k.streamingfast.net/hls-live/goodtv/_definst_/liveevent/live-ch22-2.m3u8
23空中主日学 生活,https://live-350k.streamingfast.net/hls-live/goodtv/_definst_/liveevent/live-ch23-2.m3u8
24刘三讲古,https://live-350k.streamingfast.net/hls-live/goodtv/_definst_/liveevent/live-ch24-2.m3u8
25福气人生,https://live-350k.streamingfast.net/hls-live/goodtv/_definst_/liveevent/live-ch25-2.m3u8
26空中主日学 查经,https://live-350k.streamingfast.net/hls-live/goodtv/_definst_/liveevent/live-ch26-2.m3u8
27空中圣经学院,https://live-350k.streamingfast.net/hls-live/goodtv/_definst_/liveevent/live-ch27-2.m3u8
28现代诗歌,https://live-350k.streamingfast.net/hls-live/goodtv/_definst_/liveevent/live-ch28-2.m3u8
29经典音乐河,https://live-350k.streamingfast.net/hls-live/goodtv/_definst_/liveevent/live-ch29-2.m3u8
30天堂敬拜,https://live-350k.streamingfast.net/hls-live/goodtv/_definst_/liveevent/live-ch30-2.m3u8
31福音布道音乐会,https://live-350k.streamingfast.net/hls-live/goodtv/_definst_/liveevent/live-ch31-2.m3u8
32特会系列 祷告与转化,https://live-350k.streamingfast.net/hls-live/goodtv/_definst_/liveevent/live-ch32-2.m3u8
33特会系列 研经培灵,https://live-350k.streamingfast.net/hls-live/goodtv/_definst_/liveevent/live-ch33-2.m3u8
34天父的心,https://live-350k.streamingfast.net/hls-live/goodtv/_definst_/liveevent/live-ch34-2.m3u8
35天父的爱,https://live-350k.streamingfast.net/hls-live/goodtv/_definst_/liveevent/live-ch35-2.m3u8
36特会系列 医治释放,https://live-350k.streamingfast.net/hls-live/goodtv/_definst_/liveevent/live-ch36-2.m3u8
37特会系列 以色列专题,https://live-350k.streamingfast.net/hls-live/goodtv/_definst_/liveevent/live-ch37-2.m3u8
38特会系列 末世信息,https://live-350k.streamingfast.net/hls-live/goodtv/_definst_/liveevent/live-ch38-2.m3u8
39全家归主有良方,https://live-350k.streamingfast.net/hls-live/goodtv/_definst_/liveevent/live-ch39-2.m3u8
40家庭8点档转转发现爱,https://live-350k.streamingfast.net/hls-live/goodtv/_definst_/liveevent/live-ch40-2.m3u8
41幸福学堂,https://live-350k.streamingfast.net/hls-live/goodtv/_definst_/liveevent/live-ch41-2.m3u8
42爱+好医生,https://live-350k.streamingfast.net/hls-live/goodtv/_definst_/liveevent/live-ch42-2.m3u8
43幸福来敲门,https://live-350k.streamingfast.net/hls-live/goodtv/_definst_/liveevent/live-ch43-2.m3u8
44烤箱读书会,https://live-350k.streamingfast.net/hls-live/goodtv/_definst_/liveevent/live-ch44-2.m3u8
45卡通,https://live-350k.streamingfast.net/hls-live/goodtv/_definst_/liveevent/live-ch45-2.m3u8
46少年体验队,https://live-350k.streamingfast.net/hls-live/goodtv/_definst_/liveevent/live-ch46-2.m3u8
47牧者,https://live-350k.streamingfast.net/hls-live/goodtv/_definst_/liveevent/live-ch47-2.m3u8
48神奇故事屋,https://live-350k.streamingfast.net/hls-live/goodtv/_definst_/liveevent/live-ch48-2.m3u8
49祷告,https://live-350k.streamingfast.net/hls-live/goodtv/_definst_/liveevent/live-ch49-2.m3u8
50蒙福人生,https://live-350k.streamingfast.net/hls-live/goodtv/_definst_/liveevent/live-ch50-2.m3u8
51卓越人生,https://live-350k.streamingfast.net/hls-live/goodtv/_definst_/liveevent/live-ch51-2.m3u8
60直播,https://live-350k.streamingfast.net/hls-live/goodtv/_definst_/liveevent/live-ch60-2.m3u8
72指南,https://live-350k.streamingfast.net/hls-live/goodtv/_definst_/liveevent/live-ch72-2.m3u8
安徽体育,http://112.30.194.221:20080/live/c41f112b83f644ddb082669501c8ecd3/hls.m3u8
北京体育,http://beijinglive.online.domybox.com:91/live/BTVTYhd-8M/live.m3u8
武术世界,http://live.dxhmt.cn:9080/live/yshnpre.m3u8
RedBull Sport,https://rbmn-live.akamaized.net/hls/live/590964/BoRB-AT/master_3360.m3u8
RedBull Sport,https://rbmn-live.akamaized.net/hls/live/590964/BoRB-AT/master_6660.m3u8
PAC12 Insider,https://pac12-samsungus.amagi.tv/playlist.m3u8
Sports Grid,https://sportsgrid-samsungus.amagi.tv/playlist.m3u8
Tennis Channel (UK),https://tennischannel-int-samsunguk.amagi.tv/playlist.m3u8
WWE,https://d2p372oxiwmcn1.cloudfront.net/hls/main.m3u8
HOY77,http://iptv.4666888.xyz/iptv2A.php?id=35
RTHK31,http://iptv.4666888.xyz/iptv2A.php?id=23
TVB1,http://iptv.4666888.xyz/iptv2A.php?id=25
TVBJ1,http://iptv.4666888.xyz/iptv2A.php?id=26
TVB翡翠(马来),http://iptv.4666888.xyz/iptv2A.php?id=28
TVB翡翠剧集,http://iptv.4666888.xyz/iptv2A.php?id=33
TVB黄金华剧,http://iptv.4666888.xyz/iptv2A.php?id=34
TVB奖门人,http://iptv.4666888.xyz/iptv2A.php?id=31
TVB金曲,http://iptv.4666888.xyz/iptv2A.php?id=57
澳视澳门,http://iptv.4666888.xyz/iptv2A.php?id=41
DuckTV儿童卡通,http://iptv.4666888.xyz/iptv2A.php?id=39
MOMO亲子,http://iptv.4666888.xyz/iptv2A.php?id=49
ROCK Action,http://iptv.4666888.xyz/iptv2A.php?id=50
TVBS精采,http://iptv.4666888.xyz/iptv2A.php?id=47
华艺中文,http://iptv.4666888.xyz/iptv2A.php?id=37
靖洋戏剧,http://iptv.4666888.xyz/iptv2A.php?id=42
龙华洋片,http://iptv.4666888.xyz/iptv2A.php?id=60
梦工场动漫,http://iptv.4666888.xyz/iptv2A.php?id=40
台视综合,http://iptv.4666888.xyz/iptv2A.php?id=51
纬来电影,http://iptv.4666888.xyz/iptv2A.php?id=54
风云恐怖电影,http://iptv.4666888.xyz/iptv2A.php?id=59
金光布袋戏,http://iptv.4666888.xyz/iptv2A.php?id=38
综艺大赢家,http://iptv.4666888.xyz/iptv2A.php?id=65
娱乐百分百,http://iptv.4666888.xyz/iptv2A.php?id=64
韩流美食料理秀,http://iptv.4666888.xyz/iptv2A.php?id=63
八度空间,http://iptv.4666888.xyz/iptv2A.php?id=52
爱奇艺,http://iptv.4666888.xyz/iptv2A.php?id=21
astro Football,http://iptv.4666888.xyz/iptv2A.php?id=4
J SPORTS1,http://iptv.4666888.xyz/iptv2A.php?id=6
Sky Tennis+,http://iptv.4666888.xyz/iptv2A.php?id=62
SPOTV,http://iptv.4666888.xyz/iptv2A.php?id=2
SPOTV2,http://iptv.4666888.xyz/iptv2A.php?id=1
Tnt Sports1,http://iptv.4666888.xyz/iptv2A.php?id=3
智林体育,http://iptv.4666888.xyz/iptv2A.php?id=5
TVBS,http://rihou.cc:555/tv/[Hv]tvbS闽南
镜新闻,http://rihou.cc:555/tv/[Hk]闽镜新闻
TVB新闻,http://rihou.cc:555/tv/[Pd]无线新闻
TVB翡翠4K,http://rihou.cc:555/tv/[Pd]无线翡4k
TVB Plus,http://rihou.cc:555/tv/[Pd]Plus综合
TVB功夫,http://rihou.cc:555/tv/[Pd]无线功夫
TVB华丽,http://rihou.cc:555/tv/[Pd]无线华丽
TVB千禧,http://rihou.cc:555/tv/[Pd]无线千禧
TVB娱乐,http://rihou.cc:555/tv/[Pd]无线娱乐
HOY77,http://rihou.cc:555/tv/[Cx]有线综合
HOY77,http://rihou.cc:555/tv/[Pd]有线综合
RTHK-31,http://rihou.cc:555/tv/[Cx]RTHK-31
RTHK-32,http://rihou.cc:555/tv/[Cx]RTHK-32
VIUTV英,http://rihou.cc:555/tv/[Cx]VIUTV英
VIUTV粤,http://rihou.cc:555/tv/[Cx]VIUTV粤
邵氏电影,http://rihou.cc:555/tv/[FY]邵氏电影
邵氏动作,http://rihou.cc:555/tv/[FY]邵氏动作
邵氏武侠,http://rihou.cc:555/tv/[FY]邵氏武侠
邵氏喜剧,http://rihou.cc:555/tv/[FY]邵氏喜剧
龙华经典,http://rihou.cc:555/tv/[Pd]龙华经典
龙华卡通,http://rihou.cc:555/tv/[Pd]龙华卡通
龙华偶像,http://rihou.cc:555/tv/[Pd]龙华偶像
龙华日韩,http://rihou.cc:555/tv/[Pd]龙华日韩
龙华洋片,http://rihou.cc:555/tv/[Pd]龙华洋片
八度空间,http://rihou.cc:555/tv/[Pd]八度空间
CH5综合,http://rihou.cc:555/tv/[Pd]CH5综合
CH8综合,http://rihou.cc:555/tv/[Pd]CH8综合
CHU综合,http://rihou.cc:555/tv/[Pd]CHU综合
广州南国,http://rihou.cc:555/tv/[Cx]广州南国
澳视澳门,http://rihou.cc:555/tv/[Pd]澳视澳门
◆◆◆　https://raw.githubusercontent.com/kakaxi-1/IPTV/refs/heads/main/ipv4.txt
2026-03-11 09:10:32,http://kakaxi.indevs.in/Disclaimer.mp4
老故事,http://hlsztemgsplive.miguvideo.com:8080/migu/kailu/cctvlaogushi/50/20231109/index.m3u8?msisdn=202603110802060b3874eae4f741c998047a623bea1f4d&mdspid=&spid=699004&netType=0&sid=5910022002&pid=2028597139&timestamp=20260311080206&Channel_ID=0116_2600000900-99000-201600010010027&ProgramID=884121956&ParentNodeID=-99&assertID=5910022002&client_ip=218.28.233.106&SecurityKey=20260311080206&promotionId=&mvid=5900006372&mcid=500020&playurlVersion=ZQ-A1-9.2.2-RELEASE&userid=&jmhm=&videocodec=h264&appCode=miguvideo_android&bean=mgspad&tid=android&conFee=0&encrypt=641713073a0b316ccdc5726960d24416
中学生,http://hlsztemgsplive.miguvideo.com:8080/migu/kailu/20210415/cctvzhongxuesheng/50/index.m3u8?msisdn=202603110802065c8d00ef02c846c59055ca5a843206ff&mdspid=&spid=699004&netType=0&sid=5910019355&pid=2028597139&timestamp=20260311080206&Channel_ID=0116_2600000900-99000-201600010010027&ProgramID=708869532&ParentNodeID=-99&assertID=5910019355&client_ip=218.28.233.106&SecurityKey=20260311080206&promotionId=&mvid=5900002149&mcid=500020&playurlVersion=ZQ-A1-9.2.2-RELEASE&userid=&jmhm=&videocodec=h264&appCode=miguvideo_android&bean=mgspad&tid=android&conFee=0&encrypt=ebf3b6c843909c243791eddc6bf17254
发现之旅,http://hlsztemgsplive.miguvideo.com:8080/wd_r3/cnr/faxianzhilv/1000/index.m3u8?msisdn=2026031108020623de636b6fc549e7928900a277f0fc5f&mdspid=&spid=699004&netType=0&sid=5500212893&pid=2028597139&timestamp=20260311080206&Channel_ID=0116_2600000900-99000-201600010010027&ProgramID=624878970&ParentNodeID=-99&assertID=5500212893&client_ip=218.28.233.106&SecurityKey=20260311080206&promotionId=&mvid=5100001701&mcid=500020&playurlVersion=ZQ-A1-9.2.2-RELEASE&userid=&jmhm=&videocodec=h264&appCode=miguvideo_android&bean=mgspad&tid=android&conFee=0&encrypt=2f8abb4822d88b6b741146fa17298079
CHC动作电影,http://38.75.136.137:98/gslb/dsdqpub/chcdz.m3u8?auth=testpub
CHC家庭影院,http://38.75.136.137:98/gslb/dsdqpub/chcjt.m3u8?auth=testpub
经典香港电影,http://hlsztemgsplive.miguvideo.com:8080/wd_r2/virtuallive/5100180869/75/index.m3u8?msisdn=20260311080213180c754ac9b2411b934f7a2842c481ca&mdspid=&spid=800033&netType=0&sid=5500242089&pid=2028597139&timestamp=20260311080213&Channel_ID=0116_2600000900-99000-201600010010027&ProgramID=625703337&ParentNodeID=-99&assertID=5500242089&client_ip=218.28.233.106&SecurityKey=20260311080213&promotionId=&mvid=5100180869&mcid=500020&playurlVersion=ZQ-A1-9.2.2-RELEASE&userid=&jmhm=&videocodec=h264&appCode=miguvideo_android&bean=mgspad&tid=android&conFee=0&encrypt=038851d8cbe2e2671cfa72189866b13d
抗战经典影片,http://hlsztemgsplive.miguvideo.com:8080/wd-virtuallive5100002089-75/index.m3u8?msisdn=20260311080214bc304fa963bb441ca3b9807bbf929ec3&mdspid=&spid=800033&netType=0&sid=5500002717&pid=2028597139&timestamp=20260311080214&Channel_ID=0116_2600000900-99000-201600010010027&ProgramID=617432318&ParentNodeID=-99&assertID=5500002717&client_ip=218.28.233.106&SecurityKey=20260311080214&promotionId=&mvid=5100002089&mcid=500020&playurlVersion=ZQ-A1-9.2.2-RELEASE&userid=&jmhm=&videocodec=h264&appCode=miguvideo_android&bean=mgspad&tid=android&conFee=0&encrypt=8a52ebbb0db7af22035b9a3196b00ad9
CHANNEL[V],http://39.107.120.164:8080/live/diyp_channelv.flv
凤凰卫视香港,http://tv.trexiptv.com:80/play/live.php?mac=00:1A:79:32:C6:2F&stream=153402&extension=ts&play_token=v43osRykOm
凤凰卫视香港,http://tv.greatstar.me:80/play/live.php?mac=00:1A:79:E5:D4:63&stream=153402&extension=ts&play_token=vBulb9w1pg
凤凰卫视香港,http://mag.greatott.me:80/play/live.php?mac=00:1A:79:11:ED:45&stream=153402&extension=ts&play_token=Va2HtR9jUD
凤凰卫视电影,http://39.107.120.164:8080/live/diyp_fhdy.flv
四海钓鱼,http://hlsztemgsplive.miguvideo.com:8080/wd_r4/peoplecn/shdiaoyu/600/index.m3u8?msisdn=20260311080206b200f0bc1886464ba8b63259b9afe720&mdspid=&spid=600697&netType=0&sid=5910022184&pid=2028597139&timestamp=20260311080206&Channel_ID=0116_2600000900-99000-201600010010027&ProgramID=637444975&ParentNodeID=-99&assertID=5910022184&client_ip=218.28.233.106&SecurityKey=20260311080206&promotionId=&mvid=5100132656&mcid=500020&playurlVersion=ZQ-A1-9.2.2-RELEASE&userid=&jmhm=&videocodec=h264&appCode=miguvideo_android&bean=mgspad&tid=android&conFee=0&encrypt=545aaea9831f98ebe10f6151af04893f
中国天气,http://hlsztemgsplive.miguvideo.com:8080/migu/kailu/zgtq/50/20251103/index.m3u8?msisdn=2026031108021437521a998010402690adfa206119fa0d&mdspid=&spid=600697&netType=0&sid=5910022296&pid=2028597139&timestamp=20260311080214&Channel_ID=0116_2600000900-99000-201600010010027&ProgramID=959986621&ParentNodeID=-99&assertID=5910022296&client_ip=218.28.233.106&SecurityKey=20260311080214&promotionId=&mvid=5900006772&mcid=500020&playurlVersion=ZQ-A1-9.2.2-RELEASE&userid=&jmhm=&videocodec=h264&appCode=miguvideo_android&bean=mgspad&tid=android&conFee=0&encrypt=364a7b507ee827276fd1d267f922a76e
台视,https://pxuchylhjchl.us-east-1.clawcloudrun.com/index.m3u8?pid=4gtv-4gtv066&sd=1080&proxy=false
台视,http://breezy-audrie-zspace-7524863c.koyeb.app/vipsir?token=leifeng&id=4gtv-4gtv066
台视,https://edgeone.passwdword.xyz/ofiii.php?token=passwd&id=4gtv-4gtv066
台视,https://tmxk.pp.ua/litv.php?token=tmxk&id=4gtv-4gtv066
台视,http://xtvantsc.xyz/litv_ts.php?id=4gtv-4gtv066
中视,https://4gtv.dxjc.pp.ua/li-4gtv-4gtv040/index.m3u8
中视,https://4gtv.dxjc.pp.ua/of-4gtv-4gtv040/index.m3u8
中视,https://pxuchylhjchl.us-east-1.clawcloudrun.com/index.m3u8?pid=4gtv-4gtv040&sd=1080&proxy=false
中视,https://4gtv.dxjc.pp.ua/4gtv-4gtv040/index.m3u8
中视,http://tw-ty-line-11-1-5.sudatech.store:20319/of-4gtv-4gtv040/index.m3u8?proxy=true
中视,https://mao.ffmking888.dpdns.org/?id=5Lit6KaW&auth=30234cedf871581989d3c91a3daec1e9f50e024aafcfa2247e7d44d91bb8d02fbc3f571b2d67f9d82642cc1d0f133d89
中视,http://tw-ty-line-11-1-5.sudatech.store:20319/li-4gtv-4gtv040/index.m3u8?proxy=true
中视,http://breezy-audrie-zspace-7524863c.koyeb.app/vipsir?token=leifeng&id=4gtv-4gtv040
中视,http://tw-ty-line-11-1-5.sudatech.store:20319/4gtv-4gtv040/index.m3u8?proxy=true
中视,https://edgeone.passwdword.xyz/ofiii.php?token=passwd&id=4gtv-4gtv040
中视,http://xtvantsc.xyz/litv_ts.php?id=4gtv-4gtv040
中视,https://tmxk.pp.ua/litv.php?token=tmxk&id=4gtv-4gtv040
华视,https://mao.ffmking888.dpdns.org/?id=6Iav6KaW&auth=30234cedf871581989d3c91a3daec1e9f50e024aafcfa2247e7d44d91bb8d02fbc3f571b2d67f9d82642cc1d0f133d89
华视,https://pxuchylhjchl.us-east-1.clawcloudrun.com/index.m3u8?pid=4gtv-4gtv041&sd=1080&proxy=false
华视,http://tw-ty-line-11-1-5.sudatech.store:20319/of-4gtv-4gtv041/index.m3u8?proxy=true
华视,https://4gtv.dxjc.pp.ua/4gtv-4gtv041/index.m3u8
华视,https://4gtv.dxjc.pp.ua/of-4gtv-4gtv041/index.m3u8
华视,https://4gtv.dxjc.pp.ua/li-4gtv-4gtv041/index.m3u8
华视,http://breezy-audrie-zspace-7524863c.koyeb.app/vipsir?token=leifeng&id=4gtv-4gtv041
华视,http://tw-ty-line-11-1-5.sudatech.store:20319/li-4gtv-4gtv041/index.m3u8?proxy=true
华视,http://tw-ty-line-11-1-5.sudatech.store:20319/4gtv-4gtv041/index.m3u8?proxy=true
华视,https://edgeone.passwdword.xyz/ofiii.php?token=passwd&id=4gtv-4gtv041
华视,http://xtvantsc.xyz/litv_ts.php?id=4gtv-4gtv041
华视,https://tmxk.pp.ua/litv.php?token=tmxk&id=4gtv-4gtv041
TVBS,https://mao.ffmking888.dpdns.org/?id=VFZCUwxx&auth=30234cedf871581989d3c91a3daec1e9f50e024aafcfa2247e7d44d91bb8d02fbc3f571b2d67f9d82642cc1d0f133d89
TVBS,http://breezy-audrie-zspace-7524863c.koyeb.app/vipsir?token=leifeng&id=4gtv-4gtv073
TVBS,http://xtvantsc.xyz/litv_ts.php?id=4gtv-4gtv073
TVBS,https://tmxk.pp.ua/litv.php?token=tmxk&id=4gtv-4gtv073
TVBS精采,https://4gtv.dxjc.pp.ua/4gtv-4gtv067/index.m3u8
TVBS精采,http://breezy-audrie-zspace-7524863c.koyeb.app/vipsir?token=leifeng&id=4gtv-4gtv067
TVBS精采,http://tw-ty-line-11-1-5.sudatech.store:20319/li-4gtv-4gtv067/index.m3u8?proxy=true
TVBS精采,http://tw-ty-line-11-1-5.sudatech.store:20319/4gtv-4gtv067/index.m3u8?proxy=true
TVBS精采,https://4gtv.dxjc.pp.ua/li-4gtv-4gtv067/index.m3u8
TVBS精采,https://mao.ffmking888.dpdns.org/?id=VFZCUaeyvumHhaWPsAxx&auth=30234cedf871581989d3c91a3daec1e9f50e024aafcfa2247e7d44d91bb8d02fbc3f571b2d67f9d82642cc1d0f133d89
TVBS精采,http://xtvantsc.xyz/litv_ts.php?id=4gtv-4gtv067
TVBS精采,https://tmxk.pp.ua/litv.php?token=tmxk&id=4gtv-4gtv067
TVBS台剧,http://tw-ty-line-11-1-5.sudatech.store:20319/4gtv-live088/index.m3u8?proxy=true
TVBS台剧,https://4gtv.dxjc.pp.ua/4gtv-live088/index.m3u8
TVBS台剧,https://mao.ffmking888.dpdns.org/?id=VFZCUaWPsOWKhaWPsAxx&auth=30234cedf871581989d3c91a3daec1e9f50e024aafcfa2247e7d44d91bb8d02fbc3f571b2d67f9d82642cc1d0f133d89
TVBS综艺,https://4gtv.dxjc.pp.ua/4gtv-live087/index.m3u8
TVBS综艺,https://mao.ffmking888.dpdns.org/?id=VFZCUae2nOiXneWPsAxx&auth=30234cedf871581989d3c91a3daec1e9f50e024aafcfa2247e7d44d91bb8d02fbc3f571b2d67f9d82642cc1d0f133d89
TVBS综艺,http://tw-ty-line-11-1-5.sudatech.store:20319/4gtv-live087/index.m3u8?proxy=true
寰宇新闻台湾,https://4gtv.dxjc.pp.ua/of-4gtv-4gtv156/index.m3u8
寰宇新闻台湾,https://pxuchylhjchl.us-east-1.clawcloudrun.com/index.m3u8?pid=4gtv-4gtv156&sd=1080&proxy=false
寰宇新闻台湾,http://tw-ty-line-11-1-5.sudatech.store:20319/li-4gtv-4gtv156/index.m3u8?proxy=true
寰宇新闻台湾,https://4gtv.dxjc.pp.ua/4gtv-4gtv156/index.m3u8
寰宇新闻台湾,http://tw-ty-line-11-1-5.sudatech.store:20319/of-4gtv-4gtv156/index.m3u8?proxy=true
寰宇新闻台湾,https://mao.ffmking888.dpdns.org/?id=5aaw5a6H5paw6IGe5Yaw54Gj5Yaw&auth=30234cedf871581989d3c91a3daec1e9f50e024aafcfa2247e7d44d91bb8d02fbc3f571b2d67f9d82642cc1d0f133d89
寰宇新闻台湾,https://4gtv.dxjc.pp.ua/li-4gtv-4gtv156/index.m3u8
寰宇新闻台湾,http://breezy-audrie-zspace-7524863c.koyeb.app/vipsir?token=leifeng&id=4gtv-4gtv156
寰宇新闻台湾,http://tw-ty-line-11-1-5.sudatech.store:20319/4gtv-4gtv156/index.m3u8?proxy=true
寰宇新闻台湾,https://edgeone.passwdword.xyz/ofiii.php?token=passwd&id=4gtv-4gtv156
寰宇新闻台湾,https://tmxk.pp.ua/litv.php?token=tmxk&id=4gtv-4gtv156
寰宇新闻台湾,http://xtvantsc.xyz/litv_ts.php?id=4gtv-4gtv156
寰宇财经,https://pxuchylhjchl.us-east-1.clawcloudrun.com/index.m3u8?pid=4gtv-4gtv158&sd=1080&proxy=false
寰宇财经,https://edgeone.passwdword.xyz/ofiii.php?token=passwd&id=4gtv-4gtv158
寰宇财经,http://xtvantsc.xyz/litv_ts.php?id=4gtv-4gtv158
半岛国际新闻,http://breezy-audrie-zspace-7524863c.koyeb.app/vipsir?token=leifeng&id=litv-ftv10
非凡商业,http://breezy-audrie-zspace-7524863c.koyeb.app/vipsir?token=leifeng&id=4gtv-4gtv048
非凡商业,https://4gtv.dxjc.pp.ua/4gtv-4gtv048/index.m3u8
非凡商业,http://tw-ty-line-11-1-5.sudatech.store:20319/4gtv-4gtv048/index.m3u8?proxy=true
台视财经,http://breezy-audrie-zspace-7524863c.koyeb.app/vipsir?token=leifeng&id=4gtv-4gtv056
台视财经,http://tw-ty-line-11-1-5.sudatech.store:20319/4gtv-4gtv056/index.m3u8?proxy=true
台视财经,https://4gtv.dxjc.pp.ua/4gtv-4gtv056/index.m3u8
第1商业,http://breezy-audrie-zspace-7524863c.koyeb.app/vipsir?token=leifeng&id=4gtv-4gtv104
第1商业,https://4gtv.dxjc.pp.ua/4gtv-4gtv104/index.m3u8
第1商业,http://tw-ty-line-11-1-5.sudatech.store:20319/li-4gtv-4gtv104/index.m3u8?proxy=true
第1商业,https://4gtv.dxjc.pp.ua/li-4gtv-4gtv104/index.m3u8
第1商业,https://pxuchylhjchl.us-east-1.clawcloudrun.com/index.m3u8?pid=4gtv-4gtv104&sd=1080&proxy=false
第1商业,http://tw-ty-line-11-1-5.sudatech.store:20319/4gtv-4gtv104/index.m3u8?proxy=true
第1商业,https://edgeone.passwdword.xyz/ofiii.php?token=passwd&id=4gtv-4gtv104
第1商业,http://xtvantsc.xyz/litv_ts.php?id=4gtv-4gtv104
第1商业,https://tmxk.pp.ua/litv.php?token=tmxk&id=4gtv-4gtv104
靖天综合,http://breezy-audrie-zspace-7524863c.koyeb.app/vipsir?token=leifeng&id=4gtv-4gtv046
靖天综合,https://mao.ffmking888.dpdns.org/?id=6Z2W5aSp57ac5ZCI5Yaw&auth=30234cedf871581989d3c91a3daec1e9f50e024aafcfa2247e7d44d91bb8d02fbc3f571b2d67f9d82642cc1d0f133d89
靖天综合,http://xtvantsc.xyz/litv_ts.php?id=4gtv-4gtv046
靖天综合,https://tmxk.pp.ua/litv.php?token=tmxk&id=4gtv-4gtv046
靖天国际,http://breezy-audrie-zspace-7524863c.koyeb.app/vipsir?token=leifeng&id=4gtv-4gtv063
靖天国际,https://tmxk.pp.ua/litv.php?token=tmxk&id=4gtv-4gtv063
靖天国际,http://xtvantsc.xyz/litv_ts.php?id=4gtv-4gtv063
靖天欢乐,http://breezy-audrie-zspace-7524863c.koyeb.app/vipsir?token=leifeng&id=4gtv-4gtv054
靖天欢乐,http://xtvantsc.xyz/litv_ts.php?id=4gtv-4gtv054
靖天欢乐,https://tmxk.pp.ua/litv.php?token=tmxk&id=4gtv-4gtv054
靖天育乐,http://breezy-audrie-zspace-7524863c.koyeb.app/vipsir?token=leifeng&id=4gtv-4gtv062
靖天育乐,https://mao.ffmking888.dpdns.org/?id=6Z2W5aSp6IKy5qiC5Yaw&auth=30234cedf871581989d3c91a3daec1e9f50e024aafcfa2247e7d44d91bb8d02fbc3f571b2d67f9d82642cc1d0f133d89
靖天育乐,https://tmxk.pp.ua/litv.php?token=tmxk&id=4gtv-4gtv062
靖天育乐,http://xtvantsc.xyz/litv_ts.php?id=4gtv-4gtv062
靖天映画,http://tw-ty-line-11-1-5.sudatech.store:20319/li-4gtv-4gtv055/index.m3u8?proxy=true
靖天映画,http://tw-ty-line-11-1-5.sudatech.store:20319/4gtv-4gtv055/index.m3u8?proxy=true
靖天映画,https://tmxk.pp.ua/litv.php?token=tmxk&id=4gtv-4gtv055
靖天映画,http://xtvantsc.xyz/litv_ts.php?id=4gtv-4gtv055
靖天日本,https://mao.ffmking888.dpdns.org/?id=6Z2W5aSp5pel5pys5Yaw&auth=30234cedf871581989d3c91a3daec1e9f50e024aafcfa2247e7d44d91bb8d02fbc3f571b2d67f9d82642cc1d0f133d89
靖天日本,http://breezy-audrie-zspace-7524863c.koyeb.app/vipsir?token=leifeng&id=4gtv-4gtv047
靖天日本,https://tmxk.pp.ua/litv.php?token=tmxk&id=4gtv-4gtv047
靖天日本,http://xtvantsc.xyz/litv_ts.php?id=4gtv-4gtv047
靖天戏剧,http://xtvantsc.xyz/litv_ts.php?id=4gtv-4gtv058
靖天卡通,http://breezy-audrie-zspace-7524863c.koyeb.app/vipsir?token=leifeng&id=4gtv-4gtv044
靖天卡通,https://mao.ffmking888.dpdns.org/?id=6Z2W5aSp5Y2h6YCa5Yaw&auth=30234cedf871581989d3c91a3daec1e9f50e024aafcfa2247e7d44d91bb8d02fbc3f571b2d67f9d82642cc1d0f133d89
靖天卡通,http://xtvantsc.xyz/litv_ts.php?id=4gtv-4gtv044
靖天卡通,https://tmxk.pp.ua/litv.php?token=tmxk&id=4gtv-4gtv044
靖洋戏剧,https://mao.ffmking888.dpdns.org/?id=6Z2W5rSL5oiy5YqH5Yaw&auth=30234cedf871581989d3c91a3daec1e9f50e024aafcfa2247e7d44d91bb8d02fbc3f571b2d67f9d82642cc1d0f133d89
靖洋戏剧,http://breezy-audrie-zspace-7524863c.koyeb.app/vipsir?token=leifeng&id=4gtv-4gtv045
靖洋戏剧,https://tmxk.pp.ua/litv.php?token=tmxk&id=4gtv-4gtv045
靖洋戏剧,http://xtvantsc.xyz/litv_ts.php?id=4gtv-4gtv045
靖洋卡通,http://breezy-audrie-zspace-7524863c.koyeb.app/vipsir?token=leifeng&id=4gtv-4gtv057
靖洋卡通,https://tmxk.pp.ua/litv.php?token=tmxk&id=4gtv-4gtv057
靖洋卡通,http://xtvantsc.xyz/litv_ts.php?id=4gtv-4gtv057
龙华卡通,http://breezy-audrie-zspace-7524863c.koyeb.app/vipsir?token=leifeng&id=litv-longturn01
龙华卡通,https://pxuchylhjchl.us-east-1.clawcloudrun.com/index.m3u8?pid=litv-longturn01&sd=1080&proxy=false
龙华卡通,https://edgeone.passwdword.xyz/ofiii.php?token=passwd&id=litv-longturn01
龙华卡通,http://xtvantsc.xyz/litv_ts.php?id=litv-longturn01
龙华日韩,http://breezy-audrie-zspace-7524863c.koyeb.app/vipsir?token=leifeng&id=litv-longturn11
龙华日韩,https://pxuchylhjchl.us-east-1.clawcloudrun.com/index.m3u8?pid=litv-longturn11&sd=1080&proxy=false
龙华日韩,http://xtvantsc.xyz/litv_ts.php?id=litv-longturn11
龙华日韩,https://edgeone.passwdword.xyz/ofiii.php?token=passwd&id=litv-longturn11
龙华偶像,http://breezy-audrie-zspace-7524863c.koyeb.app/vipsir?token=leifeng&id=litv-longturn12
龙华偶像,https://pxuchylhjchl.us-east-1.clawcloudrun.com/index.m3u8?pid=litv-longturn12&sd=1080&proxy=false
龙华偶像,https://edgeone.passwdword.xyz/ofiii.php?token=passwd&id=litv-longturn12
龙华偶像,http://xtvantsc.xyz/litv_ts.php?id=litv-longturn12
龙华经典,http://breezy-audrie-zspace-7524863c.koyeb.app/vipsir?token=leifeng&id=litv-longturn21
龙华经典,https://pxuchylhjchl.us-east-1.clawcloudrun.com/index.m3u8?pid=litv-longturn21&sd=1080&proxy=false
龙华经典,http://xtvantsc.xyz/litv_ts.php?id=litv-longturn21
龙华经典,https://edgeone.passwdword.xyz/ofiii.php?token=passwd&id=litv-longturn21
龙华洋片,https://pxuchylhjchl.us-east-1.clawcloudrun.com/index.m3u8?pid=litv-longturn02&sd=1080&proxy=false
龙华洋片,http://breezy-audrie-zspace-7524863c.koyeb.app/vipsir?token=leifeng&id=litv-longturn02
龙华洋片,https://edgeone.passwdword.xyz/ofiii.php?token=passwd&id=litv-longturn02
影迷数位电影,http://tw-ty-line-11-1-5.sudatech.store:20319/4gtv-4gtv011/index.m3u8?proxy=true
影迷数位电影,http://breezy-audrie-zspace-7524863c.koyeb.app/vipsir?token=leifeng&id=4gtv-4gtv011
影迷数位电影,http://tw-ty-line-11-1-5.sudatech.store:20319/li-4gtv-4gtv011/index.m3u8?proxy=true
影迷数位电影,https://mao.ffmking888.dpdns.org/?id=5b2x6La35pW45L2N6Zu75b2x5Yaw&auth=30234cedf871581989d3c91a3daec1e9f50e024aafcfa2247e7d44d91bb8d02fbc3f571b2d67f9d82642cc1d0f133d89
影迷数位电影,https://4gtv.dxjc.pp.ua/4gtv-4gtv011/index.m3u8
影迷数位电影,https://4gtv.dxjc.pp.ua/li-4gtv-4gtv011/index.m3u8
影迷数位电影,http://xtvantsc.xyz/litv_ts.php?id=4gtv-4gtv011
影迷数位电影,https://tmxk.pp.ua/litv.php?token=tmxk&id=4gtv-4gtv011
影迷数位纪实,https://4gtv.dxjc.pp.ua/li-litv-ftv15/index.m3u8
影迷数位纪实,https://mao.ffmking888.dpdns.org/?id=5b2x6La35pW45L2N57SA5aam5Yaw&auth=30234cedf871581989d3c91a3daec1e9f50e024aafcfa2247e7d44d91bb8d02fbc3f571b2d67f9d82642cc1d0f133d89
影迷数位纪实,https://4gtv.dxjc.pp.ua/litv-ftv15/index.m3u8
影迷数位纪实,http://tw-ty-line-11-1-5.sudatech.store:20319/litv-ftv15/index.m3u8?proxy=true
影迷数位纪实,http://tw-ty-line-11-1-5.sudatech.store:20319/li-litv-ftv15/index.m3u8?proxy=true
amc电影,http://breezy-audrie-zspace-7524863c.koyeb.app/vipsir?token=leifeng&id=4gtv-4gtv017
amc电影,https://mao.ffmking888.dpdns.org/?id=YW1j6Zu75b2x5Yaw&auth=30234cedf871581989d3c91a3daec1e9f50e024aafcfa2247e7d44d91bb8d02fbc3f571b2d67f9d82642cc1d0f133d89
amc电影,https://tmxk.pp.ua/litv.php?token=tmxk&id=4gtv-4gtv017
台湾戏剧,https://4gtv.dxjc.pp.ua/litv-longturn22/index.m3u8
台湾戏剧,http://tw-ty-line-11-1-5.sudatech.store:20319/li-litv-longturn22/index.m3u8?proxy=true
台湾戏剧,https://pxuchylhjchl.us-east-1.clawcloudrun.com/index.m3u8?pid=litv-longturn22&sd=1080&proxy=false
台湾戏剧,http://breezy-audrie-zspace-7524863c.koyeb.app/vipsir?token=leifeng&id=litv-longturn22
台湾戏剧,https://4gtv.dxjc.pp.ua/li-litv-longturn22/index.m3u8
台湾戏剧,http://tw-ty-line-11-1-5.sudatech.store:20319/litv-longturn22/index.m3u8?proxy=true
台湾戏剧,https://tmxk.pp.ua/litv.php?token=tmxk&id=litv-longturn22
台湾戏剧,https://edgeone.passwdword.xyz/ofiii.php?token=passwd&id=litv-longturn22
台湾戏剧,http://xtvantsc.xyz/litv_ts.php?id=litv-longturn22
采昌影剧,http://breezy-audrie-zspace-7524863c.koyeb.app/vipsir?token=leifeng&id=4gtv-4gtv049
采昌影剧,https://mao.ffmking888.dpdns.org/?id=6YeH5piM5b2x5YqH5Yaw&auth=30234cedf871581989d3c91a3daec1e9f50e024aafcfa2247e7d44d91bb8d02fbc3f571b2d67f9d82642cc1d0f133d89
采昌影剧,http://xtvantsc.xyz/litv_ts.php?id=4gtv-4gtv049
采昌影剧,https://tmxk.pp.ua/litv.php?token=tmxk&id=4gtv-4gtv049
ELTV娱乐,http://breezy-audrie-zspace-7524863c.koyeb.app/vipsir?token=leifeng&id=4gtv-4gtv070
ELTV娱乐,https://mao.ffmking888.dpdns.org/?id=5oSb54ia6YGU5aib5qiC5Yaw&auth=30234cedf871581989d3c91a3daec1e9f50e024aafcfa2247e7d44d91bb8d02fbc3f571b2d67f9d82642cc1d0f133d89
ELTA生活旅游,https://4gtv.dxjc.pp.ua/4gtv-live120/index.m3u8
ELTA生活旅游,http://tw-ty-line-11-1-5.sudatech.store:20319/4gtv-live120/index.m3u8?proxy=true
ELTV生活英语,https://4gtv.dxjc.pp.ua/of-litv-longturn20/index.m3u8
ELTV生活英语,https://4gtv.dxjc.pp.ua/li-litv-longturn20/index.m3u8
ELTV生活英语,https://4gtv.dxjc.pp.ua/litv-longturn20/index.m3u8
ELTV生活英语,http://tw-ty-line-11-1-5.sudatech.store:20319/litv-longturn20/index.m3u8?proxy=true
ELTV生活英语,http://tw-ty-line-11-1-5.sudatech.store:20319/li-litv-longturn20/index.m3u8?proxy=true
ELTV生活英语,https://mao.ffmking888.dpdns.org/?id=RUxUVueUnaa0uaiLseiqnuWPsAxx&auth=30234cedf871581989d3c91a3daec1e9f50e024aafcfa2247e7d44d91bb8d02fbc3f571b2d67f9d82642cc1d0f133d89
ELTV生活英语,http://tw-ty-line-11-1-5.sudatech.store:20319/of-litv-longturn20/index.m3u8?proxy=true
ELTV生活英语,https://pxuchylhjchl.us-east-1.clawcloudrun.com/index.m3u8?pid=litv-longturn20&sd=1080&proxy=false
ELTV生活英语,https://edgeone.passwdword.xyz/ofiii.php?token=passwd&id=litv-longturn20
视纳华仁纪实,http://breezy-audrie-zspace-7524863c.koyeb.app/vipsir?token=leifeng&id=4gtv-4gtv013
视纳华仁纪实,https://tmxk.pp.ua/litv.php?token=tmxk&id=4gtv-4gtv013
亚洲旅游,https://mao.ffmking888.dpdns.org/?id=5Lqe5rSy5peF6YGK5Yaw&auth=30234cedf871581989d3c91a3daec1e9f50e024aafcfa2247e7d44d91bb8d02fbc3f571b2d67f9d82642cc1d0f133d89
亚洲旅游,https://pxuchylhjchl.us-east-1.clawcloudrun.com/index.m3u8?pid=4gtv-4gtv076&sd=1080&proxy=false
亚洲旅游,http://breezy-audrie-zspace-7524863c.koyeb.app/vipsir?token=leifeng&id=4gtv-4gtv076
亚洲旅游,http://xtvantsc.xyz/litv_ts.php?id=4gtv-4gtv076
亚洲旅游,https://tmxk.pp.ua/litv.php?token=tmxk&id=4gtv-4gtv076
亚洲旅游,https://edgeone.passwdword.xyz/ofiii.php?token=passwd&id=4gtv-4gtv076
达文西频道,http://breezy-audrie-zspace-7524863c.koyeb.app/vipsir?token=leifeng&id=4gtv-4gtv018
达文西频道,https://mao.ffmking888.dpdns.org/?id=6YGU5paH6KWz6aC76YGT&auth=30234cedf871581989d3c91a3daec1e9f50e024aafcfa2247e7d44d91bb8d02fbc3f571b2d67f9d82642cc1d0f133d89
达文西频道,http://xtvantsc.xyz/litv_ts.php?id=4gtv-4gtv018
达文西频道,https://tmxk.pp.ua/litv.php?token=tmxk&id=4gtv-4gtv018
Smart知识,https://pxuchylhjchl.us-east-1.clawcloudrun.com/index.m3u8?pid=litv-longturn19&sd=1080&proxy=false
Smart知识,http://tw-ty-line-11-1-5.sudatech.store:20319/litv-longturn19/index.m3u8?proxy=true
Smart知识,https://4gtv.dxjc.pp.ua/litv-longturn19/index.m3u8
Smart知识,http://breezy-audrie-zspace-7524863c.koyeb.app/vipsir?token=leifeng&id=litv-longturn19
Smart知识,http://tw-ty-line-11-1-5.sudatech.store:20319/li-litv-longturn19/index.m3u8?proxy=true
Smart知识,https://4gtv.dxjc.pp.ua/li-litv-longturn19/index.m3u8
Smart知识,https://edgeone.passwdword.xyz/ofiii.php?token=passwd&id=litv-longturn19
Smart知识,https://tmxk.pp.ua/litv.php?token=tmxk&id=litv-longturn19
Smart知识,http://xtvantsc.xyz/litv_ts.php?id=litv-longturn19
猪哥亮歌厅秀,http://tw-ty-line-11-1-5.sudatech.store:20319/4gtv-4gtv006/index.m3u8?proxy=true
猪哥亮歌厅秀,https://mao.ffmking888.dpdns.org/?id=6LGs5ZOl5Lqu5q2M5buz56eA&auth=30234cedf871581989d3c91a3daec1e9f50e024aafcfa2247e7d44d91bb8d02fbc3f571b2d67f9d82642cc1d0f133d89
猪哥亮歌厅秀,http://breezy-audrie-zspace-7524863c.koyeb.app/vipsir?token=leifeng&id=4gtv-4gtv006
猪哥亮歌厅秀,http://tw-ty-line-11-1-5.sudatech.store:20319/li-4gtv-4gtv006/index.m3u8?proxy=true
猪哥亮歌厅秀,https://4gtv.dxjc.pp.ua/li-4gtv-4gtv006/index.m3u8
猪哥亮歌厅秀,https://4gtv.dxjc.pp.ua/4gtv-4gtv006/index.m3u8
猪哥亮歌厅秀,https://tmxk.pp.ua/litv.php?token=tmxk&id=4gtv-4gtv006
猪哥亮歌厅秀,http://xtvantsc.xyz/litv_ts.php?id=4gtv-4gtv006
美国之音,http://breezy-audrie-zspace-7524863c.koyeb.app/vipsir?token=leifeng&id=litv-ftv03
美国之音,https://tmxk.pp.ua/litv.php?token=tmxk&id=litv-ftv03
时尚运动X,http://tw-ty-line-11-1-5.sudatech.store:20319/4gtv-4gtv014/index.m3u8?proxy=true
时尚运动X,https://4gtv.dxjc.pp.ua/li-4gtv-4gtv014/index.m3u8
时尚运动X,http://tw-ty-line-11-1-5.sudatech.store:20319/li-4gtv-4gtv014/index.m3u8?proxy=true
时尚运动X,http://breezy-audrie-zspace-7524863c.koyeb.app/vipsir?token=leifeng&id=4gtv-4gtv014
时尚运动X,https://mao.ffmking888.dpdns.org/?id=5pmC5bCa6YGL5YuVWAxx&auth=30234cedf871581989d3c91a3daec1e9f50e024aafcfa2247e7d44d91bb8d02fbc3f571b2d67f9d82642cc1d0f133d89
时尚运动X,https://4gtv.dxjc.pp.ua/4gtv-4gtv014/index.m3u8
时尚运动X,https://tmxk.pp.ua/litv.php?token=tmxk&id=4gtv-4gtv014
时尚运动X,http://xtvantsc.xyz/litv_ts.php?id=4gtv-4gtv014
GINXEsportsTV,http://breezy-audrie-zspace-7524863c.koyeb.app/vipsir?token=leifeng&id=4gtv-4gtv053
智林体育,https://mao.ffmking888.dpdns.org/?id=5pm65p6X6auU6IKy5Yaw&auth=30234cedf871581989d3c91a3daec1e9f50e024aafcfa2247e7d44d91bb8d02fbc3f571b2d67f9d82642cc1d0f133d89
智林体育,http://breezy-audrie-zspace-7524863c.koyeb.app/vipsir?token=leifeng&id=4gtv-4gtv101
智林体育,http://xtvantsc.xyz/litv_ts.php?id=4gtv-4gtv101
智林体育,https://tmxk.pp.ua/litv.php?token=tmxk&id=4gtv-4gtv101
博斯魅力,http://tw-ty-line-11-1-5.sudatech.store:20319/litv-longturn04/index.m3u8?proxy=true
博斯魅力,https://4gtv.dxjc.pp.ua/litv-longturn04/index.m3u8
博斯魅力,http://breezy-audrie-zspace-7524863c.koyeb.app/vipsir?token=leifeng&id=litv-longturn04
博斯魅力,https://tmxk.pp.ua/litv.php?token=tmxk&id=litv-longturn04
博斯高球1,http://breezy-audrie-zspace-7524863c.koyeb.app/vipsir?token=leifeng&id=litv-longturn05
博斯高球1,https://tmxk.pp.ua/litv.php?token=tmxk&id=litv-longturn05
博斯高球2,http://breezy-audrie-zspace-7524863c.koyeb.app/vipsir?token=leifeng&id=litv-longturn06
博斯高球2,http://xtvantsc.xyz/litv_ts.php?id=litv-longturn06
博斯高球2,https://tmxk.pp.ua/litv.php?token=tmxk&id=litv-longturn06
博斯运动1,http://breezy-audrie-zspace-7524863c.koyeb.app/vipsir?token=leifeng&id=litv-longturn07
博斯运动1,https://tmxk.pp.ua/litv.php?token=tmxk&id=litv-longturn07
博斯运动1,http://xtvantsc.xyz/litv_ts.php?id=litv-longturn07
博斯运动2,http://breezy-audrie-zspace-7524863c.koyeb.app/vipsir?token=leifeng&id=litv-longturn08
博斯运动2,https://tmxk.pp.ua/litv.php?token=tmxk&id=litv-longturn08
博斯运动2,http://xtvantsc.xyz/litv_ts.php?id=litv-longturn08
博斯网球1,http://breezy-audrie-zspace-7524863c.koyeb.app/vipsir?token=leifeng&id=litv-longturn09
博斯无限1,http://breezy-audrie-zspace-7524863c.koyeb.app/vipsir?token=leifeng&id=litv-longturn10
博斯无限2,http://breezy-audrie-zspace-7524863c.koyeb.app/vipsir?token=leifeng&id=litv-longturn13
博斯无限2,https://tmxk.pp.ua/litv.php?token=tmxk&id=litv-longturn13
博斯无限2,http://xtvantsc.xyz/litv_ts.php?id=litv-longturn13
橙记Orange丶4549169,https://goodiptv.club/douyu/4549169
baby丶贝贝431460,https://goodiptv.club/douyu/431460
怡宝妹妹丶434971,https://goodiptv.club/douyu/434971
Poison丶冰冰74374,https://goodiptv.club/douyu/74374
龙组队长天昊1487654,https://goodiptv.club/douyu/1487654
竹叶的熊猫3870925,https://goodiptv.club/douyu/3870925
Only丶邵氏4246519,https://goodiptv.club/douyu/4246519
苹果Zei妖2793084,https://goodiptv.club/douyu/2793084
苹果Zei甜1174353,https://goodiptv.club/douyu/1174353
永远快乐的小美女6091425,https://goodiptv.club/douyu/6091425
网神影厅508118,https://goodiptv.club/douyu/508118
一把钢刀镇斗虞7356023,https://goodiptv.club/douyu/7356023
我砸晕了牛顿奥1218414,https://goodiptv.club/douyu/1218414
过往1908 8721095,https://goodiptv.club/douyu/8721095
草帽丶海贼团997925,https://goodiptv.club/douyu/997925
粤语电影丶1226741,https://goodiptv.club/douyu/1226741
蕃薯粥粥煮好了11878141,https://goodiptv.club/douyu/11878141
萌小鬼3928,https://goodiptv.club/douyu/3928
当铁手团遇到光复社5875025,https://goodiptv.club/douyu/5875025
当幽兰剑遇上链子刀6027991,https://goodiptv.club/douyu/6027991
贾贵队长真男神299854,https://goodiptv.club/douyu/299854
懒猫是只喵260322,https://goodiptv.club/douyu/260322
智仗心5635000,https://goodiptv.club/douyu/5635000
师落6911044,https://goodiptv.club/douyu/6911044
单纯的顺才少爷10084875,https://goodiptv.club/douyu/10084875
聚聚聚一个月4105989,https://goodiptv.club/douyu/4105989
万事通熊猫7812810,https://goodiptv.club/douyu/7812810
米尼影院7642724,https://goodiptv.club/douyu/7642724
伊太刀刀747764,https://goodiptv.club/douyu/747764
小毅主播q6906628,https://goodiptv.club/douyu/6906628
小毅主播e11851549,https://goodiptv.club/douyu/11851549
奇光主播8009547,https://goodiptv.club/douyu/8009547
奇光主播e11849873,https://goodiptv.club/douyu/11849873
奇光主播q12560807,https://goodiptv.club/douyu/12560807
牛叔说电影2758565,https://goodiptv.club/douyu/2758565
涂涂观影团,https://live.ottiptv.cc/huya/30513350
亚、娜,https://live.ottiptv.cc/huya/30581465
影迷心公社,https://live.ottiptv.cc/huya/30522289
7喜先生,https://live.ottiptv.cc/huya/11342421
都爱看,https://live.ottiptv.cc/huya/26058097
港片 喜剧 动作,https://live.ottiptv.cc/yy/1355480591
【周星驰】搞笑电影,https://live.ottiptv.cc/yy/38670875
恐怖电影,https://live.ottiptv.cc/yy/24066336
林正英经典,https://live.ottiptv.cc/yy/1351505899
鬼片喜剧动作港剧,https://live.ottiptv.cc/yy/1355269576
英雄联盟,https://live.ottiptv.cc/douyu/288016
绝地求生,https://live.ottiptv.cc/douyu/100
云顶之弈,https://live.ottiptv.cc/douyu/522423
CF穿越火线,https://live.ottiptv.cc/douyu/5388537
cs go,https://live.ottiptv.cc/douyu/601514
王者荣耀,https://live.ottiptv.cc/douyu/1863767
和平精英,https://live.ottiptv.cc/douyu/999
DOTA2,https://live.ottiptv.cc/douyu/3811559
跑跑卡丁车,https://live.ottiptv.cc/douyu/7722576
跑跑卡丁车手游,https://live.ottiptv.cc/douyu/6672862
◆◆◆　https://raw.githubusercontent.com/adminouyang/231006/refs/heads/main/py/TvSources/iptv_speed.txt
TVBS亚洲,http://d2e1asnsl7br7b.cloudfront.net/7782e205e72f43aeb4a48ec97f66ebbe/index_5.m3u8?zshijd
CNA,https://d2e1asnsl7br7b.cloudfront.net/7782e205e72f43aeb4a48ec97f66ebbe/index_5.m3u8
都市,http://tvcdn.stream3.hndt.com/tv/65c3fbc5017e1000fde13faa00000000_transios/playlist.m3u8?wsSecret=8607ab6aae1eb2de80ae1f14995fdb3c&wsTime=1772294415
海峡卫视,http://38.64.72.148:80/hls/modn/list/4009/chunklist0.m3u8
海峡卫视,http://38.64.72.148:80/hls/modn/list/4009/playlist.m3u8
第一财经,http://satellitepull.cnr.cn/live/wx32dycjgb/playlist.m3u8
HBO,http://104.250.145.76/livehttpplay?channel_id=23356
CCTV,http://198.204.240.250:82/live/cctv4k.m3u8?jsbt=1760148172&jsbk=8ce47519e62b009dfa80f8fbfb2dd932
CCTV,http://198.204.240.250:82/live/cctv4k.m3u8?jsbt=1760495957&jsbk=138a7cd8fb02f369c744cf0ceb413e85
广西新闻,http://38.75.136.137:98/gslb/dsdqpub/gxxw.m3u8?auth=testpub
(外)大湾区卫视,http://38.75.136.137:98/gslb/dsdqpub/gdgj.m3u8?auth=testpub
CHC影迷电影,http://38.75.136.137:98/gslb/dsdqpub/chchd.m3u8?auth=testpub
兵团卫视,http://38.75.136.137:98/gslb/dsdqpub/btws.m3u8?auth=testpub
广西国际,http://38.75.136.137:98/gslb/dsdqpub/gxgj.m3u8?auth=testpub
HBO,http://148.113.160.49:14187
HBO,http://148.113.160.49:14176
CNA,https://d2e1asnsl7br7b.cloudfront.net/7782e205e72f43aeb4a48ec97f66ebbe/index_4.m3u8
人间卫视,http://61.216.67.119:1935/bltvhd/bltv1/playlist.m3u8
生命电视,http://61.216.67.119:1935/lifetv/lifetv.stream/manifest.m3u8
中天娱乐,http://61.221.215.25:8800/hls/47/index.m3u8
南京新闻综合,http://nklive.nbs.cn/hls/d511bc9d-a694-4453-b3a2-4fc842cc97a1/index.m3u8
合肥新闻,http://112.27.235.94:8000/hls/18/index.m3u8
永昌综合,http://play.kankanlive.com/live/1720408280309109.m3u8
陕西银龄,http://112.46.105.20:8009/hls/20/index.m3u8
西安都市,http://112.46.105.20:8009/hls/29/index.m3u8
黎城综合,http://111.53.96.67:8081/live/1/index.m3u8?%E5%85%B3%E6%B3%A8%E5%BE%AE%E4%BF%A1%E5%85%AC%E4%BC%97%E5%8F%B7[%E6%99%B4%E5%9B%AD]
黎城综合,http://111.53.96.67:8081/live/1/index.m3u8
苏州生活资讯,https://live-auth.51kandianshi.com/szgd/csztv5.m3u8
海峡卫视,http://8.138.7.223/tv/hxws.m3u8
长白朝语,http://hplayer1.juyun.tv:80/camera/11344136.m3u8
浙江钱江,http://l.cztvcloud.com/channels/lantian/SXyuyao2/720p.m3u8
文成新闻综合,http://l.cztvcloud.com/channels/lantian/SXwencheng1/720p.m3u8
浙江遂昌,http://l.cztvcloud.com/channels/lantian/SXsuichang1/720p.m3u8
万州三峡移民,http://123.146.162.24:8017/c2F0hmi/1000/live.m3u8
松阳综合,http://l.cztvcloud.com/channels/lantian/SXsongyang1/720p.m3u8
乐至综合,http://175.155.106.72:89/live1/live1.m3u8?zsicd
乐至综合,http://175.155.106.72:89/live1/live1.m3u8
上虞文化影院,http://l.cztvcloud.com/channels/lantian/SXshangyu2/720p.m3u8
浙江民生,http://ali-m-l.cztv.com/channels/lantian/channel06/720p.m3u8
乐至综合,http://175.155.106.72:89/live1/live1.m3u8?zsicd;http://rmlive.lzxrmtzx.com/live1/live1.m3u8?zsicd
鄂托克旗电视,http://110.19.181.138:10080/hls/F509Rh7GR/F509Rh7GR_live.m3u8?zneimd
纪实科教,http://120.76.248.139/live/bfgd/4200000113.m3u8
广东民生,http://183.11.239.36:808/hls/18/index.m3u8
中华特产,http://120.76.248.139/live/bfgd/4200000158.m3u8
山东生活,http://ls.qingting.fm/live/60260.m3u8
武义新闻综合,http://l.cztvcloud.com/channels/lantian/SXwuyi1/720p.m3u8
湖州公共民生,http://hzcm-live.media.hugd.com/1e6b554b9ab74513958c0e1ffe664d22/9acaa7634309494cb29a85eb12136607.m3u8?auth_key=2272900830-9a2389b8bf4e49d580d4ad807423d326-0-ea78a5c7a678c436263582d368f5009e
余杭未来E,http://l.cztvcloud.com/channels/lantian/SXyuhang3/720p.m3u8
浙江新闻,http://ali-xwl.cztv.com/live/channel071080Plxw.m3u8
江津新闻,http://222.179.155.21:1935/ch1.m3u8?zzhongqd
黄山新闻综合,http://hslive.hsnewsnet.com/lsdream/hve9Wjs/1000/live.m3u8
开化新闻综合,http://l.cztvcloud.com/channels/lantian/SXkaihua1/720p.m3u8?zzhed
伊犁哈萨克,http://110.153.180.106:55555/out_3/index.m3u8
浙江数码时代,http://ali-m-l.cztv.com/channels/lantian/channel12/720p.m3u8
数码时代,http://ali-m-l.cztv.com/channels/lantian/channel12/720p.m3u8?zzhed
伊犁经济法制,http://110.153.180.106:55555/out_4/index.m3u8
辽宁北方,http://120.76.248.139/live/bfgd/4200000071.m3u8
新视觉,http://120.76.248.139/live/bfgd/4200000249.m3u8
四海钓鱼,http://120.76.248.139/live/bfgd/4200000229.m3u8
cctv8kMCP,https://live.ottiptv.cc/mcp/cctv8k.m3u8?userid=5559462299&sign=108dfed2ebef74c79a972c13fe44e6a0cac6c5b22c220110cd7aeeaf761673ceb699497a914116e937dce0d0c8f84c3b3e50b9c81250ca2b747b999106431a97ea86ff464ee7b737a9f7bbc7521b&auth_token=1b99577efa5a3442ca4c7820d6e0b4e8
环球旅游,http://120.76.248.139/live/bfgd/4200000147.m3u8
车迷,http://120.76.248.139/live/bfgd/4200000146.m3u8
伊犁哈萨克,http://110.153.180.106:55555/out_3/index.m3u8?zxinjd
伊犁维吾尔,http://110.153.180.106:55555/out_2/index.m3u8
辽宁影视剧,http://120.76.248.139/live/bfgd/4200000070.m3u8
优优宝贝,http://120.76.248.139/live/bfgd/4200000153.m3u8
生态环境,http://120.76.248.139/live/bfgd/4200000149.m3u8
浙江教育,http://ali-m-l.cztv.com/channels/lantian/channel04/720p.m3u8
人间卫视,https://5ddce30eb4b55.streamlock.net/bltvhd/bltv1/playlist.m3u8
伊犁经济法制,http://110.153.180.106:55555/out_4/index.m3u8?zxinjd
浙江卫视MCP,https://live.ottiptv.cc/mcp/zhejiang.m3u8?userid=5559462299&sign=d117d9e03a647f0d237ee5d9d330eb6214b1c9cdb694579687bb862a0f39f845dd5a57a6f57a6aacd00c57285d490ddb37b8397f05f3c20ba49a1b8474fc5e3f4791a95db4ea45dcd4bd7491065a4689&auth_token=1b99577efa5a3442ca4c7820d6e0b4e8
延边卫视,https://srs.iyb983.cn:443/video/CYS/index.m3u8
玛纳斯,http://218.84.127.245:1026/hls/main1/playlist.m3u8?zxinjd
奎屯汉语,http://218.84.12.186:8001/hls/main/playlist.m3u8?zxinjd
❌河南鹤壁浚县古城景区北城门,https://gcalic.v.myalicdn.com/gc/hlzycc_1/index.m3u8
六安新闻综合,http://ls.qingting.fm/live/267.m3u8
东方卫视MCP,https://live.ottiptv.cc/mcp/dongfang.m3u8?userid=5559462299&sign=743c633fe7b76cbeb26e3322553f57a41daa69a17bc230a2d727e46710e8b8315f9382426c26214af5efe14229b33c3ad67eb8a9dab98ae0be8dde860ef71101c16a04c820054ea49df78650783a334c&auth_token=1b99577efa5a3442ca4c7820d6e0b4e8
什邡新闻,http://live.sfrmt.com:85/live/zhpd.m3u8?zsicd
浙江乌镇西市河,https://gcalic.v.myalicdn.com/gc/zjwzbblh_1/index.m3u8
汶川新闻综合,http://live.iwcmt.cn:90/live/zhxw.m3u8
苏州新闻综合,https://live-auth.51kandianshi.com/szgd/csztv1.m3u8
云南保山板桥镇青龙街,https://gcalic.v.myalicdn.com/gc/ylxs12_1/index.m3u8
❌云南大理南涧县无量村古树茶园,https://gcalic.v.myalicdn.com/gc/ztn_1/index.m3u8
宁夏经济,https://ls.qingting.fm/live/1841/64k.m3u8
山东济南趵突泉,https://gcalic.v.myalicdn.com/gc/wgw03_1/index.m3u8
云南保山比顿咖啡产业文化园,https://gcalic.v.myalicdn.com/gc/zyqcdx01_1/index.m3u8
❌河南商丘永城市日月湖景区,https://gcalic.v.myalicdn.com/gc/hgsspzxdpb_1/index.m3u8
青川综合,http://qcfile.qcrmt.com/nmip-media/channellive/channel100933/playlist.m3u8
贵州黔东南加榜梯田,https://gcalic.v.myalicdn.com/gc/qdls03_1/index.m3u8
云南昆明寻甸县城区,https://gcalic.v.myalicdn.com/gc/mdjxxmhjyxj_1/index.m3u8
❌望乡,https://gcalic.v.myalicdn.com/gc/hlwxt_1/index.m3u8
沈阳辽宁浑河桥,https://gcalic.v.myalicdn.com/gc/ljgcdsc_1/index.m3u8
❌西藏日喀则珠穆朗玛峰,https://gcalic.v.myalicdn.com/gc/qdls02_1/index.m3u8
❌云南丽江古城大研花巷观景,https://gcalic.v.myalicdn.com/gc/ljgcdyhxgjt_1/index.m3u8
陕西西安钟楼,https://gcalic.v.myalicdn.com/gc/blg03_1/index.m3u8
靖江新闻综合,http://ls.qingting.fm/live/23797.m3u8
邯郸公共,https://jwcdnqx.hebyun.com.cn/live/hdgg/1500k/tzwj_video.m3u8
邯郸新闻,https://jwcdnqx.hebyun.com.cn/live/hdxwzh/1500k/tzwj_video.m3u8
西藏林芝米林岷山彩门民宿,https://gcalic.v.myalicdn.com/gc/hkylxs06_1/index.m3u8
❌云南保山隆阳区拦河坝水库,https://gcalic.v.myalicdn.com/gc/sgns02_1/index.m3u8
余姚姚江文化,https://l.cztvcloud.com/channels/lantian/SXyuyao3/720p.m3u8
❌湖南邵阳崀山骆驼峰,https://gcalic.v.myalicdn.com/gc/dlst01_1/index.m3u8
武汉一台新闻综合,https://ls.qingting.fm/live/20198/64k.m3u8
灌阳新闻综合,https://ls.qingting.fm/live/5043/64k.m3u8
龙华电影,http://iptv.4666888.xyz/iptv2A.php?id=45
陕西渭南潼关县东山景区,https://gcalic.v.myalicdn.com/gc/hkylxs03_1/index.m3u8
象山综合,http://play-sh13.quklive.com/live/1702360350551252.m3u8?auth_key=2037107484-800189c57a5a44d3b823b60cf84f6756-0-a6f6828a62d5c167cff5e68735fa0d39
湖南卫视MCP,https://live.ottiptv.cc/mcp/hunan.m3u8?userid=5559462299&sign=a0c3316811983082e3106a2e5aac3e909cbd4119001ba141ddef056288c146545d8e93b1131221290c6c78e084eff085d2145307c523a43ed136084b95a0f5e4a08c7d0689e137e77b48df02e5&auth_token=1b99577efa5a3442ca4c7820d6e0b4e8
西峰综合,https://play.kankanlive.com/live/1683944827526991.m3u8
❌云南丽江古城万古楼遥望玉龙雪山,https://gcalic.v.myalicdn.com/gc/ljgcwglytylxs_1/index.m3u8
句容生活,http://jrlive.jrntv.com/live/_definst_/shenghuos/playlist.m3u8?%E5%85%B3%E6%B3%A8%E5%BE%AE%E4%BF%A1%E5%85%AC%E4%BC%97%E5%8F%B7[%E6%99%B4%E5%9B%AD]
❌山西大同鼓楼,https://gcalic.v.myalicdn.com/gc/emswfs_1/index.m3u8
❌贵州遵义赤水大瀑布,https://gcalic.v.myalicdn.com/gc/zjjsrsm_1/index.m3u8
旺苍新闻综合,http://channel.wcrmt.cn:80/nmip-media/channellive/channel105268/playlist.m3u8
河北承德金山岭长城,https://gcalic.v.myalicdn.com/gc/hkts03_1/index.m3u8
安徽黄山飞来石,https://gcalic.v.myalicdn.com/gc/hsptgy_1/index.m3u8
麻栗坡电视,http://tvdrs.wsrtv.com.cn:8100/channellive/mlptv.flv?zyund
深圳卫视MCP,https://live.ottiptv.cc/mcp/shenzheng.m3u8?userid=5559462299&sign=a8f629d5d28c46f22e06f6cb030d35259bd0846e0598791738bf557204bd9138a1a3fc2c41190ed6e6717f586c75d6bb4c41c8db9426eae0fcb0e98f93e002d9b5101526755b954e3383d12b51e6c21237&auth_token=1b99577efa5a3442ca4c7820d6e0b4e8
❌广西桂林漓江景区,https://gcalic.v.myalicdn.com/gc/gllj01_1/index.m3u8
❌河南南阳方城德云山景区,https://gcalic.v.myalicdn.com/gc/ztd_1/index.m3u8
武进新闻,https://live.wjyanghu.com/live/CH1.m3u8
辽宁卫视MCP,https://live.ottiptv.cc/mcp/liaoning.m3u8?userid=5559462299&sign=c4530082d16ac88ae89676d5050ce183644c9e8f4bf09de35c7f2f0ef6d4306ade4e2e9d0c5cbcdb5b6934397b05ff6dce0e3c8766a3d4746d69a92195ebbfbcd6d013fc5c0b716d0f728460d3a5283e&auth_token=1b99577efa5a3442ca4c7820d6e0b4e8
江苏卫视MCP,https://live.ottiptv.cc/mcp/jiangsu.m3u8?userid=5559462299&sign=0d8f1ab2ff25a49446f21812d2c77f0673cb51c5258e731c7d7cd3dce9247239ccd583d16770c6f4702dbc2691edb54cb0591e857f33c92f64bab7dd1fb831b9842873c2b81ccffca8ea4935ae7a06&auth_token=1b99577efa5a3442ca4c7820d6e0b4e8
山西卫视MCP,https://live.ottiptv.cc/mcp/shanxi.m3u8?userid=5559462299&sign=027f1f6eb9026ce51494d7a4eb34af6351f591b27e5966d44426a27eb42f0761b9a59f9ae7a434e1318527d2dc311d342496601b6750de0186fdb91157467ce26d3fbb30e14b64162c894dde4297&auth_token=1b99577efa5a3442ca4c7820d6e0b4e8
风云剧场MCP,https://live.ottiptv.cc/mcp/fyjc.m3u8?userid=5559462299&sign=a4d5ef4f9b7ebbfbc715ce3484c706fc0b42e56fe1b9cfe183f31a9abb4a802c4f999083a66d8ed44d28302b53db55662086974a54921b9a07274fbfa8c6db5ea07443f76f25090a2c0614a2&auth_token=1b99577efa5a3442ca4c7820d6e0b4e8
❌青海省祁连山国家公园,https://gcalic.v.myalicdn.com/gc/emspxps_1/index.m3u8
浙江经济,http://ali-m-l.cztv.com/channels/lantian/channel03/720p.m3u8
邢台生活,https://jwcdnqx.hebyun.com.cn/live/xtcsshpd/1500k/tzwj_video.m3u8
贵州卫视MCP,https://live.ottiptv.cc/mcp/guizhou.m3u8?userid=5559462299&sign=138b87d8abcd37622665f3a5a62c248ef2d8dabe32c0c9efc2afd9f827007c5ef580ef54909fe3e9c309d185034d9afc2eca635e744db63c84b56871ba4e93e4046ffa1dcec50da2f037c2dcce01d9&auth_token=1b99577efa5a3442ca4c7820d6e0b4e8
云南红河民族风情旅游月亮小镇,https://gcalic.v.myalicdn.com/gc/hsyg_1/index.m3u8
直播中国,https://gcalic.v.myalicdn.com/gc/wgw05_1/index.m3u8?contentid=2820180516001
CHC电影,http://183.237.95.108:9901/tsfile/live/1008_1.m3u8?key=txiptv&playlive=0&authid=0
梨园,https://dxtx.hntv.tv/live/lypd.m3u8?txSecret=10c771842a0be59e8b575d765173ec96&txTime=7B923E0A&wsSecret=41543190cdf375f1c73207222bb96542&wsTime=1769313549
萧山综合,http://l.cztvcloud.com/channels/lantian/SXxiaoshan1/720p.m3u8
浙江经济生活,http://ali-xwl.cztv.com/live/channel031080Plxw.m3u8
新昌生活,http://l.cztvcloud.com/channels/lantian/SXxinchang2/720p.m3u8
文山州新闻综合,http://m3u8.channel.wsrtv.com.cn/cms/videos/nmip-media/channellive/channel7/playlist.m3u8?zyund
武术,https://dxtx.hntv.tv/live/wssj.m3u8?txSecret=c38b4d31ba4c45c6babb5c47132123e3&txTime=7ABB976A&wsSecret=6c019ea1a670e182537b243ad2483afc&wsTime=1772294415
文物宝库,https://dxtx.hntv.tv/live/wwbk.m3u8?txSecret=317b89626134fd6bea6e129455b5ff18&txTime=7C4C635C&wsSecret=cb459429b3b4965ea65a591737e61ed6&wsTime=1772294415
河南卫视MCP,https://live.ottiptv.cc/mcp/henan.m3u8?userid=5559462299&sign=f3cd24bf0bb8b81b0f0c655968709e9b0c296992ceeedb5d6dbe51158273cdb9e088eba434d7a1e307b2a4adce1fe60c0856a71a853a492e52a8fda8d43d78cab3b1d1f621f33cdcf9afea1910&auth_token=1b99577efa5a3442ca4c7820d6e0b4e8
❌安徽黟县西递牌坊,https://gcalic.v.myalicdn.com/gc/yxxdpf_1/index.m3u8
余杭综合,http://l.cztvcloud.com/channels/lantian/SXyuhang1/720p.m3u8
句容影院,http://jrlive.jrntv.com/live/_definst_/yingshis/chunklist_w1994429382.m3u8?zjiangsd
安多卫视,https://liveout.xntv.tv/a65jur/96iln2.m3u8
❌五彩池,https://gcalic.v.myalicdn.com/gc/hlwcc_1/index.m3u8
句容党建,http://jrlive.jrntv.com/live/_definst_/dangjians/playlist.m3u8?%E5%85%B3%E6%B3%A8%E5%BE%AE%E4%BF%A1%E5%85%AC%E4%BC%97%E5%8F%B7[%E6%99%B4%E5%9B%AD]
江苏南京玄武湖公园,https://gcalic.v.myalicdn.com/gc/xwh01_1/index.m3u8
睛彩中原,https://dxtx.hntv.tv/live/jczy.m3u8?txSecret=e785008e49564e5e738439b4dd2ae68e&txTime=7C4C6207&wsSecret=8eeafeee16a1e795b97aa238651e7276&wsTime=1772294415
南京教科,http://nklive.nbs.cn/hls/75b3c462-b831-4de7-a34b-5d3221db2069/index.m3u8
浙江舟山嵊泗县中心渔港,https://gcalic.v.myalicdn.com/gc/emsyh_1/index.m3u8
❌山西晋城釜山泫水湖,https://gcalic.v.myalicdn.com/gc/zh02_1/index.m3u8
海南卫视MCP,https://live.ottiptv.cc/mcp/hainan.m3u8?userid=5559462299&sign=cd89d88de0a7dbfbbe80ea3b28ab94752fd81d371a26b380c9a586ad9241e500445840babe1995d7878e6066f03049896d765954df62823d0adf2bbe3ec498c2b484dad044169a8313766228b5a1&auth_token=1b99577efa5a3442ca4c7820d6e0b4e8
象视界,http://tvcdn.stream3.hndt.com/tv/d34d1a2b0178100022de972e00000000_transios/playlist.m3u8?wsSecret=35d988a6e779229d6556302295b0a052&wsTime=1772294415
可克达拉综合,http://file.loulannews.cn/nmip-media/channellive/channel103824/playlist.m3u8
民生,http://tvcdn.stream3.hndt.com/tv/65bef28a017e10009c49d5f900000000_transios/playlist.m3u8?wsSecret=368aee5b37a32451b43709e3f7ca8bc0&wsTime=1772294415
上虞新闻综合,http://l.cztvcloud.com/channels/lantian/SXshangyu1/720p.m3u8?zzhed
黑龙江哈尔滨霁虹桥,https://gcalic.v.myalicdn.com/gc/hkts09_1/index.m3u8
河南乡村,http://tvcdn.stream3.hndt.com/tv/65b8302b017e100019dc540f00000000_transios/playlist.m3u8?wsSecret=c1c4126753606b589f596404b2507e9f&wsTime=1772294415
电视剧,http://tvcdn.stream3.hndt.com/tv/65bd329b017e1000648cd2ed00000000_transios/playlist.m3u8?wsSecret=f2d2a0b397a14ead1152f31d8943027e&wsTime=1772294415
西藏山南浪卡子县鲁日拉景观,https://gcalic.v.myalicdn.com/gc/hkts07_1/index.m3u8
青海卫视MCP,https://live.ottiptv.cc/mcp/qinghai.m3u8?userid=5559462299&sign=46bd451b4ddce9160f86371f486c3ac44abd273f0d75529a529b26e6960a196f0711cfae2d40fdec3ffe295f1059b254a0b91a3e0351e4f8002e3c61e21a581c799c703851321f93c5a219b6bb84ac&auth_token=1b99577efa5a3442ca4c7820d6e0b4e8
河北农民,https://ls.qingting.fm/live/1650/64k.m3u8
耀才财经,https://v3.mediacast.hk/webcast/bshdlive-pc/playlist.m3u8
河北卫视MCP,https://live.ottiptv.cc/mcp/hebei.m3u8?userid=5559462299&sign=b2733d711e3f45ea8d7cc9c10c13e5c89ef0d14ab4aa57b3d5ae341c48b3953cd1a03c8f27dc68ee5435de858c9936a7a17962ac06d3e6fe9171beeca030e3e6f610adbe3a90662910ceefbade&auth_token=1b99577efa5a3442ca4c7820d6e0b4e8
云南西双版纳千年古寨曼丢,https://gcalic.v.myalicdn.com/gc/fcw03_1/index.m3u8
缙云综合,http://l.cztvcloud.com/channels/lantian/SXjinyun1/720p.m3u8?zzhed?
北京新闻,https://satellitepull.cnr.cn/live/wxbjxwgb/playlist.m3u8
余姚综合,https://l.cztvcloud.com/channels/lantian/SXyuyao1/720p.m3u8
安徽卫视MCP,https://live.ottiptv.cc/mcp/anhui.m3u8?userid=5559462299&sign=94a11302ba258aa8be2fb1838faea10d3a506bca2522877dd5e02ce8130b9b9cd1cdecea2d8189b771f2ab9509ad03f5871e4104970bf451c6e33d19bdeda4fbe5479e00bddf440878c6baeafe&auth_token=1b99577efa5a3442ca4c7820d6e0b4e8
安徽宣城溪桃大桥,https://gcalic.v.myalicdn.com/gc/zjjbfh_1/index.m3u8
福建新闻,http://satellitepull.cnr.cn/live/wx32fjxwgb/playlist.m3u8
兵团卫视MCP,https://live.ottiptv.cc/mcp/bintuan.m3u8?userid=5559462299&sign=1f5314e234017416285d99ac6e022a0df08b59010641ad0b5c7339ceb47374dd8f46c646d2764de97011354e9c8ed9a6345f84cd2755e60901db7aa65f6f7fa15f0148773dac29d19ee36c025664d2&auth_token=1b99577efa5a3442ca4c7820d6e0b4e8
嵊泗综合,http://l.cztvcloud.com/channels/lantian/SXshengsi1/720p.m3u8
广元公共,https://m3u8.channel.dzsm.com/nmip-media/channellive/channel101257/playlist.m3u8
邢台综合,http://jwplay.hebyun.com.cn/live/xtsrmtzs/1500k/tzwj_video.m3u8
❌北京门头沟清水镇黄安坨村,https://gcalic.v.myalicdn.com/gc/lpsgmjng01_1/index.m3u8
苏州社会经济,https://live-auth.51kandianshi.com/szgd/csztv2.m3u8
吉林卫视MCP,https://live.ottiptv.cc/mcp/jiling.m3u8?userid=5559462299&sign=6c3cbf901c906b7fedbe0ef09be88f8a77fd671d27a212241a79e8f2bb3acfbcccb3ad56e41b2d53c12752e431db73d32c8610efd92e836439d680a278dbc9fa1ad44b81bce53db95d4775c243a9&auth_token=1b99577efa5a3442ca4c7820d6e0b4e8
苏州文化生活,https://live-auth.51kandianshi.com/szgd/csztv3.m3u8
诸暨新闻综合,https://l.cztvcloud.com/channels/lantian/SXzhuji3/720p.m3u8
安顺新闻,http://hplayer1.juyun.tv/camera/154379194.m3u8
陕西公共,http://ls.qingting.fm/live/1222.m3u8
黄山公共生活,http://hslive.hsnewsnet.com/lsdream/iY92ady/1000/live.m3u8?zanhd
文山州公共,http://m3u8.channel.wsrtv.com.cn/cms/videos/nmip-media/channellive/channel8/playlist.m3u8
❌乐山大佛全景,https://gcalic.v.myalicdn.com/gc/lsdfgfl_1/index.m3u8
青海门源仙米国家森林公园,https://gcalic.v.myalicdn.com/gc/mdjxxdsb_1/index.m3u8
北京卫视超,http://183.215.134.239:19901/tsfile/live/0122_1.m3u8?key=txiptv&playlive=1&authid=0
铜陵新闻综合,https://ls.qingting.fm/live/21303/64k.m3u8
绍兴电视台公共,http://live.shaoxing.com.cn/video/s10001-sxtv2/index.m3u8?%E5%85%B3%E6%B3%A8%E5%BE%AE%E4%BF%A1%E5%85%AC%E4%BC%97%E5%8F%B7[%E6%99%B4%E5%9B%AD]
云南普洱景东县无量山羊山瀑布,https://gcalic.v.myalicdn.com/gc/blg05_1/index.m3u8
萧山新闻综合,https://l.cztvcloud.com/channels/lantian/SXxiaoshan1/720p.m3u8
新疆卫视MCP,https://live.ottiptv.cc/mcp/xinjiang.m3u8?userid=5559462299&sign=161a8a167a80f0a881760d742a08b9bab7b77d78cc5cc95608f9ce44a98b7eeafa3274f3487aef8ad442723e70e1db8bcf8effaf949162cb67e6dcfcef4adbb52273443c044fb4f461b511be4c8c6ea6&auth_token=1b99577efa5a3442ca4c7820d6e0b4e8
陕西咸阳乾陵景区,https://gcalic.v.myalicdn.com/gc/taishan02_1/index.m3u8
三明新闻综合,http://ls.qingting.fm/live/4885.m3u8
嘉峪关综合,http://play.kankanlive.com/live/1720583434627241.m3u8
平湖新闻综合,http://play-sh13.quklive.com/live/1690167908295069.m3u8?auth_key=2027466211-f190eec410c24473825cbe1d8541e545-0-f21db57ae1b534802c1cf7be86cc3aef
❌北京黄花城水长城,https://gcalic.v.myalicdn.com/gc/wgw01_1/index.m3u8
陕西渭南韩城市党家村景区,https://gcalic.v.myalicdn.com/gc/gly01_1/index.m3u8
❌云南大理无量樱花谷,https://gcalic.v.myalicdn.com/gc/taishan01_1/index.m3u8
哈尔滨都市咨询,http://stream.hrbtv.net/zxpd/sd/live.m3u8?zheild
文成综合,http://l.cztvcloud.com/channels/lantian/SXwencheng1/720p.m3u8?zzhed
易门综合,https://zb-live.ynurl.com/yimen/3b75a2f9-7941-46b7-992d-a9796fbca5fe.m3u8
庆元新闻综合,http://l.cztvcloud.com/channels/lantian/SXqingyuan1/720p.m3u8?fbl=
遂昌综合,http://l.cztvcloud.com/channels/lantian/SXsuichang1/720p.m3u8?zzhed
内蒙古乌审旗萨拉乌苏考古遗迹公园,https://gcalic.v.myalicdn.com/gc/taishan06_1/index.m3u8
❌西藏林芝工布江达县岷山错高民宿,https://gcalic.v.myalicdn.com/gc/zjjybf_1/index.m3u8
广安公共,http://live1.gatv.com.cn:85/live/GGPD.m3u8
法治,http://tvcdn.stream3.hndt.com/tv/65be54a9017e1000af59fb4800000000_transios/playlist.m3u8?wsSecret=2523d263371a9d266c0e8b028f16028f&wsTime=1772294415
新闻,http://tvcdn.stream3.hndt.com/tv/65bb6966017e100059b75a8500000000_transios/playlist.m3u8?wsSecret=0048d98b477e95c723943408ceccafc4&wsTime=1772294415
吉林乡村,https://satellitepull.cnr.cn/live/wxjlxcgb/playlist.m3u8
云和新闻综合,http://l.cztvcloud.com/channels/lantian/SXyunhe1/720p.m3u8
浙江乌镇蓝印花布,https://gcalic.v.myalicdn.com/gc/zjwzlyhb_1/index.m3u8
洞头综合,http://l.cztvcloud.com/channels/lantian/SXdongtou1/720p.m3u8
新昌新闻综合,https://l.cztvcloud.com/channels/lantian/SXxinchang1/720p.m3u8
❌陕西西安长安三河水库,https://gcalic.v.myalicdn.com/gc/ahhs01_1/index.m3u8
武进生活,http://live.wjyanghu.com/live/CH2.m3u8
福建经济,http://satellitepull.cnr.cn/live/wx32fjdnjjgb/playlist.m3u8
❌黑龙江萝北县嘟噜河省级自然保护区,https://gcalic.v.myalicdn.com/gc/taishan03_1/index.m3u8
周口扶沟,http://live.dxhmt.cn:9081/tv/11621-1.m3u8
上海第一财经,https://satellitepull.cnr.cn/live/wx32dycjgb/playlist.m3u8
井研综合,http://tvfile.jyrmt.cn/nmip-media/channellive/channel104452/playlist.m3u8
❌安徽黟县芦村远眺,https://gcalic.v.myalicdn.com/gc/yxlcyt_1/index.m3u8
湖南邵阳莨山八角寨,https://gcalic.v.myalicdn.com/gc/hkts02_1/index.m3u8
❌云南大理云南驿茶马古道,https://gcalic.v.myalicdn.com/gc/tyhjtys_1/index.m3u8
湖北卫视MCP,https://live.ottiptv.cc/mcp/hubei.m3u8?userid=5559462299&sign=62f85905e26f898373ac9e1ab56d6f4c3c4e3ae8f89c9241b6f03a16d42e047914c6e5aba0cc422884370e689d1944d1fd16e9c8d45caf201027bd5dda473324696c8783fcc37ec4eb456f3296&auth_token=1b99577efa5a3442ca4c7820d6e0b4e8
公共,http://tvcdn.stream3.hndt.com/tv/65b93894017e10000ae6b07d00000000_transios/playlist.m3u8?wsSecret=396978c3f5b9cfdd95e99c1469f2b216&wsTime=1772294415
TVB明珠,http://iptv.4666888.xyz/iptv2A.php?id=29
甘肃敦煌月牙泉,https://gcalic.v.myalicdn.com/gc/dhyyqst_1/index.m3u8
福建南平武夷山玉女峰,https://gcalic.v.myalicdn.com/gc/wysynf_1/index.m3u8
七台河新闻综合,http://live.qthnews.org.cn:1935/live/live1/800k/tzwj_video.m3u8
陕西渭南蒲城县中心广场,https://gcalic.v.myalicdn.com/gc/hsxksqj_1/index.m3u8
浙江乌镇白莲塔,https://gcalic.v.myalicdn.com/gc/zjwzblt_1/index.m3u8
淅川电视,http://live.dxhmt.cn:9081/tv/11326-1.m3u8
亳州农村,http://zbbf2.ahbztv.com/live/418.m3u8
❌江苏徐州之夜,https://gcalic.v.myalicdn.com/gc/hspyt_1/index.m3u8
雅安新闻综合,https://play.yunxya.com/channellive/xinwen.m3u8
剑阁综合,https://m3u8.channel.dzsm.com/nmip-media/channellive/channel105549/playlist.m3u8
江西卫视MCP,https://live.ottiptv.cc/mcp/jiangxi.m3u8?userid=5559462299&sign=d12de9bed1b55a2753e61f8b942853e09216f45fe6ee4f0570678acdae0cac17daf047dabae4b7bfead76b466bf49492916540c64ae9b3dd4ae56272949a5768389a62e1a7cad0a4965533664b5304&auth_token=1b99577efa5a3442ca4c7820d6e0b4e8
新疆昌吉州天山天池定海神针,http://gctxyc.liveplay.myqcloud.com/gc/xjtcdhsz_1/index.m3u8
❌西藏林芝南迦巴瓦,https://gcalic.v.myalicdn.com/gc/jhs05_1/index.m3u8
新疆昌吉州天山天池海西平,https://gcalic.v.myalicdn.com/gc/drs01_1/index.m3u8
白银综合,http://play.kankanlive.com/live/1720408089419110.m3u8
❌陕西西安阎良关山石川河风景区,https://gcalic.v.myalicdn.com/gc/nss01_1/index.m3u8
云南卫视MCP,https://live.ottiptv.cc/mcp/yunnan.m3u8?userid=5559462299&sign=42ee1c1eb497b0d791e5f746784996f014fe30d50c5ea7d70208df8236f3ca11c8b91b1882fa03c463c310e68517edef11cea8819b7bfa40ae99e78de054e1a1a0e4f9a84532c764a0d1d767e174&auth_token=1b99577efa5a3442ca4c7820d6e0b4e8
云南普洱澜沧县景迈山,https://gcalic.v.myalicdn.com/gc/tms05_1/index.m3u8
西藏卫视MCP,https://live.ottiptv.cc/mcp/xizang.m3u8?userid=5559462299&sign=2a9d6751c6e6f78cc0465f5e557b8b4e6d45292527052e89e7ae123c66b0354552381a5135db921243b8afdaefb871b845ec2fa4a53e616f58e4076fb87ceb03fd3a2ac6634f16dc272bdbe12809&auth_token=1b99577efa5a3442ca4c7820d6e0b4e8
cctv2MCP,https://live.ottiptv.cc/mcp/cctv2.m3u8?userid=5559462299&sign=84b340c32ad78dbc6e3fd16cb6c1dd393ef2f572296dc7c91587599b2e35423d3ec04b966a482ff9078d007cc3d3b965e4d4f26243c311f6a454e224692ba216c4ba04245bcc0516f3c7c08389&auth_token=1b99577efa5a3442ca4c7820d6e0b4e8
伊犁维吾尔,http://110.153.180.106:55555/out_2/index.m3u8?zxinjd
广东深圳福田红树林,https://gcalic.v.myalicdn.com/gc/djyqyl1_1/index.m3u8
云南德宏勐焕大金塔,https://gcalic.v.myalicdn.com/gc/dhyyqsm_1/index.m3u8
上海新闻综合,https://mgtv.ottiptv.cc/migu/651632657.m3u8?migutoken=348c9164063c2b1df215dd2fa7cd92cb119d8a335ae0edfb5d615a6c714e71b669eee2f5ff1730afa92af7ca41d0aa96e3a280d7e5f2069eb8a3b852f3ebc270147489d7c8bfb08a7c4b9c4d80
松潘新闻综合,http://live.spccmc.com:90/live/spxwzh.m3u8
广元综合,https://m3u8.channel.dzsm.com/nmip-media/channellive/channel100999/playlist.m3u8
海宁新闻综合,https://p2hs.vzan.com/slowlive/317913155078575177/live.m3u8
太谷新闻综合,https://p2.vzan.com/slowlive/596867413819827251/live.m3u8?zbid=1725814272&tpid=1516989100&type=0
❌河南焦作云台山红石峡,https://gcalic.v.myalicdn.com/gc/pts01_1/index.m3u8
安徽黄山卧云峰,http://gctxyc.liveplay.myqcloud.com/gc/wgw02_1/index.m3u8
淮安新闻综合,https://mgtv.ottiptv.cc/migu/639731826.m3u8?migutoken=383a4690d772fe16ccec98f2da2e7e0c3b362ae2d9a0fa219e9a7bb76bb96d4ca6392f861efb0a61154552c563897f4660867745735f85e310ec9fb52d7fc55cd30da8d55169f8c415c5a69a15
云霄综合,https://live.zzyxxw.com:2443/live/xwzh.m3u8
湖州新闻综合,http://hzcm-live.media.hugd.com/3f5fa7d64c7c46a38c6bd8ad35e836cc/65128273761b4731ae53729ea6dcf932.m3u8?auth_key=2277598215-9d21c15111244bea8d298c361d31a72e-0-d031198f58d44b0e91ba2e3f3b188865
江苏宿迁骆马湖罗曼园,https://gcalic.v.myalicdn.com/gc/ljgcszsnkgc_1/index.m3u8
新疆天山天池马牙山,https://gcalic.v.myalicdn.com/gc/hkylxs05_1/index.m3u8
❌重庆渝中李子坝,https://gcalic.v.myalicdn.com/gc/ylh04_1/index.m3u8
南宁都市生活,http://615bbf179ba53515dccad7b1da5d1ad9.livehwc3.cn/hls.nntv.cn/nnlive/WLSH_24.m3u8?sub_m3u8=true&edge_slice=true&user_session_id=2598844eaee8a4265e706fc14b3fc11d
西宁新闻综合,https://liveout.xntv.tv/a65jur/90p2i1.m3u8
陇川综合,https://zb-live.ynurl.com/longchuan/58f88df3-605e-4c57-865c-8e8f85241ca1.m3u8
北京密云古水北镇,https://gcalic.v.myalicdn.com/gc/dlst03_1/index.m3u8
辽宁广播电视台影视剧,https://mgtv.ottiptv.cc/mg/962067517.m3u8?userid=5559462299&sign=4a3cdc9d8566c4b1b0293f44bde33d86133647266b47d059321776262ac794eaf9c4609945870a06e339afd0daff6f9421d03cb49388065606ceeea40e07cb81511f2ff448a627efb384e262423d9f6e41&auth_token=1b99577efa5a3442ca4c7820d6e0b4e8
湖州文化娱乐,http://hzcm-live.media.hugd.com/613c47f0ab0d4eaa98b21378d0db6ded/0051d31c9dd543a7825eea4e49675b2a.m3u8?auth_key=2277598059-0a5ebfa1c0dc4671b42a60810fc37039-0-fa625b7d1feab612062453c12e3c8887
陕西西安大雁塔,https://gcalic.v.myalicdn.com/gc/hkylxs01_1/index.m3u8
哈密二套,https://tvpull.hmgbtv.com/hmtv/channel108259412c6a6711/playlist.m3u8
东南卫视MCP,https://live.ottiptv.cc/mcp/dongnan.m3u8?userid=5559462299&sign=6f7542c1b76504235b22831b1de4a3db9d07f644364142a6a4e4ed0276628ff5d0459d44f34027966ff2c1ea94dab2a480a865d4721d12ac8c3997e4e6ec1c62703fa1c95bce0253cf31b6a51809e9&auth_token=1b99577efa5a3442ca4c7820d6e0b4e8
陕西新闻资讯,https://mgtv.ottiptv.cc/migu/956909289.m3u8?migutoken=d4f3f5a8bf93821548ae70c6bd12860956574c27b3b1ef52c88c8e3d72259b1727a6dbf5d6a5de850afac4c7ffe2f2124bb3b558a89906cd32ccc8913f0f22dd74b7a84514b6015bff75903d9c
甘肃卫视MCP,https://live.ottiptv.cc/mcp/gansu.m3u8?userid=5559462299&sign=4b5a52649c79f437acc84504d8dc40b733d67ee4e3ed5b33dc36befd5a27ea92e44bc666035e760e87c2cfdf70f47d44388385e15d2ae145da58b849c7eb0cae52b8063d121f1645f37e1b27df&auth_token=1b99577efa5a3442ca4c7820d6e0b4e8
凤凰电影,http://39.107.120.164:8080/live/diyp_fhdy.m3u8
国学MCP,https://live.ottiptv.cc/mcp/guoxue.m3u8?userid=5559462299&sign=ab4b8519ba08b6529dff85bd67c9066f3f6a876ac3007aa60f59ca8d1aca9a2e1da1c993dc4499b449921f1725a0204a47d17ca3a6022b7a1b26814f21a893c888a76d0d2613abe3f9c6c9e98979&auth_token=1b99577efa5a3442ca4c7820d6e0b4e8
武清综合,https://tvpull.smartwq.cn/wqlive/convergencemedia/playlist.m3u8?ztianjd
海南新闻,http://ls.qingting.fm/live/1861.m3u8
公共新闻,https://mgtv.ottiptv.cc/mg/626064693.m3u8?userid=5559462299&sign=4ff87e280b25bb0ad43da1efedf5db5481dcbb70e5a4c948713beeba1bfbe8edaf0fabce85096fbe7ca21d6f77a7944732c868380e17ca60c9d1e7ef05088b3868aff73aa49e638e7ae56cae0c5305b5d9&auth_token=1b99577efa5a3442ca4c7820d6e0b4e8
六安公共,http://ls.qingting.fm/live/1794199.m3u8
中国农林卫视,https://mgtv.ottiptv.cc/mg/956904896.m3u8?userid=5559462299&sign=f7368f0d5d79f2ea0363c66be69c8d759ce1117ae11d6d127fdbbe6ea866777c6ed2ce7d9bacb936b5fe9181e264b44749f2c22ddb7189364fba6c6b9079f7a05289ce9f45912973fd884dc562d18c1eaa&auth_token=1b99577efa5a3442ca4c7820d6e0b4e8
江苏综艺,https://mgtv.ottiptv.cc/mg/626065193.m3u8?userid=5559462299&sign=e48abe4c55a10d4b26fb9aaecff3f802965632b7bf08a9a59d382ebb166aef38a9aabc8adba37b857f94010fd795c261c0cd60e0375eefbb6a2c0705e163333e75644a6178f02344b3acc4650af6860bab&auth_token=1b99577efa5a3442ca4c7820d6e0b4e8
宁夏卫视MCP,https://live.ottiptv.cc/mcp/ningxia.m3u8?userid=5559462299&sign=5e268c3ab7ddaf5847bb97c1a03ca23a119315c05a8289fee9ec825ec791dc0d5c15459cc02245782b93256f032e8b003dd07066642848544273bc490115909219327b0fd00e7938c3eb3f4d692d30&auth_token=1b99577efa5a3442ca4c7820d6e0b4e8
北京卫视MCP,https://live.ottiptv.cc/mcp/beijing.m3u8?userid=5559462299&sign=8d9b99a1f82521f5923d157ae5d17aff38d43df9cd9d069ffe7d924fae0715dee2ef6a8ad0b04e53226b622e2afd3929efa4f342902083dd68c713175e1b62dd3b93c1dd704db913ba92770e3ea438&auth_token=1b99577efa5a3442ca4c7820d6e0b4e8
发现之旅,https://mgtv.ottiptv.cc/mg/624878970.m3u8?userid=5559462299&sign=1289c536566e3d18d9c341b45b0f8b62fef45650acc12cf9be0d8374dad9f6a527f59055ad27e5fae1670c2276eeb13fd78d1df4e759a3649f1d3bc9b0c13490a8d73d3cfc50a9da6e9177da3495da66a5&auth_token=1b99577efa5a3442ca4c7820d6e0b4e8
❌江苏无锡大剧院,https://gcalic.v.myalicdn.com/gc/taishan05_1/index.m3u8
武乡新闻综合,http://uzoiczhh.live.sxmty.com/live/hls/0d41f1480c4042d49927858f01fde707/53130407737b417b9a6259b57246bae3.m3u8?zshanxd
宁夏广播电视台文旅,https://mgtv.ottiptv.cc/mg/962067523.m3u8?userid=5559462299&sign=b7b20f7fc5f262b4fda36c91b7bdc2b65b05dff45b5477b08484b8071340129a7928f6d3040653ce2ce9b758426f34b7935bc35be68745acae0ed391e8cd1fdd125238b66d5d30dcd8b61f45458126bf8f&auth_token=1b99577efa5a3442ca4c7820d6e0b4e8
广东卫视MCP,https://live.ottiptv.cc/mcp/guangdong.m3u8?userid=5559462299&sign=896ec4c8196ab1a65688e67f2faa04d98f480bf6d7deefcd8a76c988a6b2327ea48103910a83783720aeb24f89fc0b0164a47f727154e5d22a950763a37c35932e51a3d2fa20d9f7ffe87e0923345bbb9a&auth_token=1b99577efa5a3442ca4c7820d6e0b4e8
抗战经典影片,https://mgtv.ottiptv.cc/mg/617432318.m3u8?userid=5559462299&sign=bc806cedba4bb89ed8ae5c1ccd96505bf9bde9cbec5b95b6504acd78c3597f91365853e5f288fd71fecdc946738d820d0bb94dddc0101c2780658e2143350b28162ba4f07667fc4bae0ef187c93af9d446&auth_token=1b99577efa5a3442ca4c7820d6e0b4e8
中学生,https://mgtv.ottiptv.cc/mg/708869532.m3u8?userid=5559462299&sign=a7d3cad14c38b1f22d562afdfc7a8c761d929ccb2054547f1fa2dbdd0de072a0ff81527aa88f27469f7b441fe4b998a4e587840b3fe4da2ae69934def09f2cc57796d35dbb0628e0c9014f373d5e4b8209&auth_token=1b99577efa5a3442ca4c7820d6e0b4e8
和美乡途轮播,https://mgtv.ottiptv.cc/mg/713591450.m3u8?userid=5559462299&sign=eb5af2b11b978f041396338beda6bd5c9deaf9c0bd45eff1ee247f59d7ba501363b8d22327ed6ca2403d2211d0f8a51b0c7262692587489b0e539d51c4be76f32da1b1421366337594bb0918fd2efad781&auth_token=1b99577efa5a3442ca4c7820d6e0b4e8
山东卫视MCP,https://live.ottiptv.cc/mcp/shandong.m3u8?userid=5559462299&sign=18cea097c616cf2053b266115db858250cff75c39c932f90d5d3e87caf8344cb0a36d3c7dd92105d7dc3f2ae27f344e6dd5f59f35b83476c3b12efafec6805ba44ac66096d201b3bc2c5918407c791b3&auth_token=1b99577efa5a3442ca4c7820d6e0b4e8
哈密三套,https://tvpull.hmgbtv.com/hmtv/channelfb0e5c505477aa44/playlist.m3u8
徐州新闻综合,https://mgtv.ottiptv.cc/mg/639731747.m3u8?userid=5559462299&sign=d8c60e3b8a55561008e7c883e500329590a9a428fc66d1e20c2db5258c567b733c4c11a2c461bc6b0ef6e5cd9ebe27a3fc9ca116dfae18661e972dbf99dba0071377fe7c400b47ceff3ddee013cef776b0&auth_token=1b99577efa5a3442ca4c7820d6e0b4e8
连云港新闻综合,https://mgtv.ottiptv.cc/mg/639731715.m3u8?userid=5559462299&sign=ce7dbb34106508181107a7e97769cb6ea0ab183c2cca87cefb117c2b068140030865947bb83ce2b275bcdd5e7ab5ae4a9c795a713c66c6f627315fd3c19ba18f3e183141836950e6ebd7833b8a9ee27d0b&auth_token=1b99577efa5a3442ca4c7820d6e0b4e8
陕西体育休闲,https://mgtv.ottiptv.cc/migu/956909356.m3u8?migutoken=2cd1b3120e6a6d3cec136ca61cb23c24512860d4956d391b8c7d8a1fce58c3fa549930217eede8887c05f73eb24ac9692be10bdd06557f58130ff6717e37e1b6ba38adfacf8e74298fe1d4f48c
经典香港电影,https://mgtv.ottiptv.cc/mg/625703337.m3u8?userid=5559462299&sign=457c3d2779bde88d7e0a8ee0540f254d0c85dee2420adc29acf35c3f9208a4481948ed73a7979a6f8e5a8073e6af22f5ad57f6332468eb775d8d15d61de996847fc5b9af7a2e27376514a06133b5417748&auth_token=1b99577efa5a3442ca4c7820d6e0b4e8
宜兴新闻综合,https://mgtv.ottiptv.cc/mg/955227996.m3u8?userid=5559462299&sign=dbee0306d1da02e44fbd333f94cbed2bccc3fbc8ebec938c1f2fda14095121936ae1e8bb08d9bacc8675ea5894a8802371a0b71eda61c93e02a4e9302e35b768e4b400ba420349f6f909bd7c6f3bdc4993&auth_token=1b99577efa5a3442ca4c7820d6e0b4e8
荆门新闻综合,http://stream.jmtv.com.cn/xwzh/sd/live.m3u8
江苏国际,https://mgtv.ottiptv.cc/mg/626064674.m3u8?userid=5559462299&sign=fe3a67138762082ee844649c029998d370a823a82922dda6b19204da770eccae6eaf77b6b366422529f4e9daeb4d946805f69f94991f270266093001262d09b9e3354b458ebabfa765d40b448e2762fa07&auth_token=1b99577efa5a3442ca4c7820d6e0b4e8
财富天下,https://mgtv.ottiptv.cc/mg/956923159.m3u8?userid=5559462299&sign=1221e80ea22fa2faa4ff1522d8bd9b51fe299df436e5ecf50b0804c0b58c79df2053d563d4f31ebdc009bd6087dccf6370c5dbd426eb38ada9a3a0f270438c96069e64dd9a87268c7b4ad7b2691ff61a0d&auth_token=1b99577efa5a3442ca4c7820d6e0b4e8
东莞生活资讯,https://stream.sun0769.com/dgrtv1/mp4tv2_800/index.m3u8
盐城新闻综合,https://mgtv.ottiptv.cc/mg/639731825.m3u8?userid=5559462299&sign=a0f49161eb0a60cc42c5f4c918fbf728ab4aa7aaf941a7196e59f9ed67beb1ecb894fe55720c70b18e15152cee44c183c7cc32d48f0fde80ed4d1c4777c85fe47031e53a02099f3cbf9078db55d819e7fb&auth_token=1b99577efa5a3442ca4c7820d6e0b4e8
辽宁广播电视台生活,https://mgtv.ottiptv.cc/mg/962045226.m3u8?userid=5559462299&sign=36e93152a051f66c369ba037548582a18a0a49aa9116ae0caf6ccd7b4ca31ade9d8d4224d31d1944895a17cedafb367d9d904aadcaed817d437c0197cdb744cedf91946f77059790d21b7d3f84102db726&auth_token=1b99577efa5a3442ca4c7820d6e0b4e8
东莞新闻综合,https://stream.sun0769.com/dgrtv1/mp4tv1_800/index.m3u8
新片放映厅,https://mgtv.ottiptv.cc/mg/619495952.m3u8?userid=5559462299&sign=91517e9b3a9e06c540c1bcb933d560a08ef81de3be4144e8f9aaa707bc775a50888bc0f0330ed1f24ab95fd1fb8a6c5308c4464f9f103362e3437090d900a041fb420e805d142103c8910f9c75555a9c38&auth_token=1b99577efa5a3442ca4c7820d6e0b4e8
南通新闻综合,https://mgtv.ottiptv.cc/migu/955227985.m3u8?migutoken=03e9c85f19b5ac291f5863436507873a8f47ec3c677c7857c89bda5778edc8e38fc38b4270aa374c49eee39b39ffaf80a20b750130c27760df766c0cf7b5d437be8dc60c1ced9117d98f6c9b3e
上视东方影视,https://mgtv.ottiptv.cc/mg/617290047.m3u8?userid=5559462299&sign=c139ea1220b8d03ecb3b9bfcdc55aa86aea6ceea385c566345b1da9c37acc1e94740328797a2ef130d18dee94b6481335fdb5128c0aa7664894aa53b0585daf5d601de9b2d814c841feb02e6fb34a07835&auth_token=1b99577efa5a3442ca4c7820d6e0b4e8
番禺综合,http://video.epaper.pybtv.cn:8080/live/rtmp_live_demo.flv
名山综合,https://m3u8channel-bx.yunxya.com/nmip-media/channellive/channel104666/playlist.m3u8
浙江乌镇龙形田,https://gcalic.v.myalicdn.com/gc/zjwzlxt_1/index.m3u8
江苏城市,https://mgtv.ottiptv.cc/mg/626064714.m3u8?userid=5559462299&sign=04b30d2eec3d391c3f7d5522740ab738085fc9224ec901bf49e8d3e502deeea77a5af772bd53769c5b991d00deb1c26484b7b37de0108ade106c0814a33f5bb68379cbb18fd04969b8c13e77ad76c2bda1&auth_token=1b99577efa5a3442ca4c7820d6e0b4e8
江苏教育,https://mgtv.ottiptv.cc/mg/628008321.m3u8?userid=5559462299&sign=ee3b6643c904671f992ce193c8875e102a703bdd2d7b88f854af78bc402ca736e4d33eee2c0d605f8c209b224a0c845cf9506a6637b7797c3a6b140c2d2bbb3b2a9e2dc6658d0df0c0e3e3844360944f37&auth_token=1b99577efa5a3442ca4c7820d6e0b4e8
◆◆◆　https://raw.githubusercontent.com/adminouyang/231006/refs/heads/main/py/%E4%BC%98%E8%B4%A8%E6%BA%90/output/ipv4/result.txt
CCTV3,http://39.152.103.17:8089/tsfile/live/1002_1.m3u8
发现之旅,http://hlsztemgsplive.miguvideo.com:8080/wd_r3/cnr/faxianzhilv/1000/index.m3u8?msisdn=20260311040206fb8f3682450444119e8199afad461c03&mdspid=&spid=699004&netType=0&sid=5500212893&pid=2028597139&timestamp=20260311040206&Channel_ID=0116_2600000900-99000-201600010010027&ProgramID=624878970&ParentNodeID=-99&assertID=5500212893&client_ip=218.28.233.106&SecurityKey=20260311040206&promotionId=&mvid=5100001701&mcid=500020&playurlVersion=WX-A1-9.2.2-RELEASE&userid=&jmhm=&videocodec=h264&appCode=miguvideo_android&bean=mgspad&tid=android&conFee=0&encrypt=e8b32948434411855029cd3f19e83757
卫生健康,http://107.150.60.122/live/wsjk.m3u8
中国天气,http://hlsztemgsplive.miguvideo.com:8080/migu/kailu/zgtq/50/20251103/index.m3u8?msisdn=20260311040214d6beb8c6ad2547119514cc0a0199c660&mdspid=&spid=600697&netType=0&sid=5910022296&pid=2028597139&timestamp=20260311040214&Channel_ID=0116_2600000900-99000-201600010010027&ProgramID=959986621&ParentNodeID=-99&assertID=5910022296&client_ip=218.28.233.106&SecurityKey=20260311040214&promotionId=&mvid=5900006772&mcid=500020&playurlVersion=WX-A1-9.2.2-RELEASE&userid=&jmhm=&videocodec=h264&appCode=miguvideo_android&bean=mgspad&tid=android&conFee=0&encrypt=caece72194bf4c5868aa5a0033d0ccc3
中学生,http://hlsztemgsplive.miguvideo.com:8080/migu/kailu/20210415/cctvzhongxuesheng/50/index.m3u8?msisdn=2026031104020666e77738b00d450da7be4cd69722a53e&mdspid=&spid=699004&netType=0&sid=5910019355&pid=2028597139&timestamp=20260311040206&Channel_ID=0116_2600000900-99000-201600010010027&ProgramID=708869532&ParentNodeID=-99&assertID=5910019355&client_ip=218.28.233.106&SecurityKey=20260311040206&promotionId=&mvid=5900002149&mcid=500020&playurlVersion=WX-A1-9.2.2-RELEASE&userid=&jmhm=&videocodec=h264&appCode=miguvideo_android&bean=mgspad&tid=android&conFee=0&encrypt=bd5071fa5bab0a27ab1619bffd405939
老故事,http://hlsztemgsplive.miguvideo.com:8080/migu/kailu/cctvlaogushi/50/20231109/index.m3u8?msisdn=20260311040206a07d82203b454c43852a32aae247b1a2&mdspid=&spid=699004&netType=0&sid=5910022002&pid=2028597139&timestamp=20260311040206&Channel_ID=0116_2600000900-99000-201600010010027&ProgramID=884121956&ParentNodeID=-99&assertID=5910022002&client_ip=218.28.233.106&SecurityKey=20260311040206&promotionId=&mvid=5900006372&mcid=500020&playurlVersion=WX-A1-9.2.2-RELEASE&userid=&jmhm=&videocodec=h264&appCode=miguvideo_android&bean=mgspad&tid=android&conFee=0&encrypt=35a0dc28b683ebd100c82b2ff814a987
山东教育卫视,http://test1.live.sdetv.com.cn/live/dianshizhibo/playlist.m3u8
山东教育卫视,https://test1.live.sdetv.com.cn/live/dianshizhibo/playlist.m3u8
兵团卫视,http://218.13.170.98:9901/tsfile/live/0115_1.m3u8
抗战经典影片,http://hlsztemgsplive.miguvideo.com:8080/wd-virtuallive5100002089-75/index.m3u8?msisdn=2026031104021457f85cf43073478eb599ddecd0623fe1&mdspid=&spid=800033&netType=0&sid=5500002717&pid=2028597139&timestamp=20260311040214&Channel_ID=0116_2600000900-99000-201600010010027&ProgramID=617432318&ParentNodeID=-99&assertID=5500002717&client_ip=218.28.233.106&SecurityKey=20260311040214&promotionId=&mvid=5100002089&mcid=500020&playurlVersion=WX-A1-9.2.2-RELEASE&userid=&jmhm=&videocodec=h264&appCode=miguvideo_android&bean=mgspad&tid=android&conFee=0&encrypt=f1904d2b085da1e56c764887ebe0c4aa
四海钓鱼,http://hlsztemgsplive.miguvideo.com:8080/wd_r4/peoplecn/shdiaoyu/600/index.m3u8?msisdn=20260311040207d2c340799ade4f2d929a8632f79db907&mdspid=&spid=600697&netType=0&sid=5910022184&pid=2028597139&timestamp=20260311040207&Channel_ID=0116_2600000900-99000-201600010010027&ProgramID=637444975&ParentNodeID=-99&assertID=5910022184&client_ip=218.28.233.106&SecurityKey=20260311040207&promotionId=&mvid=5100132656&mcid=500020&playurlVersion=WX-A1-9.2.2-RELEASE&userid=&jmhm=&videocodec=h264&appCode=miguvideo_android&bean=mgspad&tid=android&conFee=0&encrypt=dfa238df1fb40ed71abfe45ec3a9ab69
文物宝库,https://dxtx.hntv.tv/live/wwbk.m3u8?txSecret=317b89626134fd6bea6e129455b5ff18&txTime=7C4C635C&wsSecret=fa9bf7669d75de3dd27650572969f5c4&wsTime=1773187117
武术世界,http://hlsztemgsplive.miguvideo.com:8080/migu/kailu/wssj/50/20250915/index.m3u8?msisdn=20260311040207d5d7b87703e94f76beb494f3802f9fb0&mdspid=&spid=600697&netType=0&sid=5910022201&pid=2028597139&timestamp=20260311040207&Channel_ID=0116_2600000900-99000-201600010010027&ProgramID=958475359&ParentNodeID=-99&assertID=5910022201&client_ip=218.28.233.106&SecurityKey=20260311040207&promotionId=&mvid=5900006724&mcid=500020&playurlVersion=WX-A1-9.2.2-RELEASE&userid=&jmhm=&videocodec=h264&appCode=miguvideo_android&bean=mgspad&tid=android&conFee=0&encrypt=e247e9e0e6695608259859bb7458f6af
武术世界,https://dxtx.hntv.tv/live/wssj.m3u8?txSecret=c38b4d31ba4c45c6babb5c47132123e3&txTime=7ABB976A&wsSecret=3d7e38d06e6c1c25f89fe15ab0cc562a&wsTime=1773187117
新片放映厅,http://hlsztemgsplive.miguvideo.com:8080/wd-virtuallive5100030975-75/index.m3u8?msisdn=2026031104021487888e9fbcc14516a78ae67df139b5c2&mdspid=&spid=800033&netType=0&sid=5500035175&pid=2028597139&timestamp=20260311040214&Channel_ID=0116_2600000900-99000-201600010010027&ProgramID=619495952&ParentNodeID=-99&assertID=5500035175&client_ip=218.28.233.106&SecurityKey=20260311040214&promotionId=&mvid=5100030975&mcid=500020&playurlVersion=WX-A1-9.2.2-RELEASE&userid=&jmhm=&videocodec=h264&appCode=miguvideo_android&bean=mgspad&tid=android&conFee=0&encrypt=9654833aef31a7b0c916cbca5675e576
环球旅游,http://hlsztemgsplive.miguvideo.com:8080/migu/kailu/hqly/50/20250915/index.m3u8?msisdn=2026031104021765180a9b2f4347968996229cc677bc4b&mdspid=&spid=600697&netType=0&sid=5910022200&pid=2028597139&timestamp=20260311040217&Channel_ID=0116_2600000900-99000-201600010010027&ProgramID=958475356&ParentNodeID=-99&assertID=5910022200&client_ip=218.28.233.106&SecurityKey=20260311040217&promotionId=&mvid=5900006723&mcid=500020&playurlVersion=WX-A1-9.2.2-RELEASE&userid=&jmhm=&videocodec=h264&appCode=miguvideo_android&bean=mgspad&tid=android&conFee=0&encrypt=96c5f6f14235ac0ff78638f805a32108
广东4K超,http://183.11.239.36:808/hls/9/index.m3u8
广东少儿,http://183.11.239.36:808/hls/175/index.m3u8
广东影视,http://hlsztemgsplive.miguvideo.com:8080/wd_r1/2018/nfmedia/nfys/1000/index.m3u8?msisdn=202603110202064ca6230c8f914a34adcda2b8028c48ff&mdspid=&spid=699054&netType=0&sid=2206173738&pid=2028597139&timestamp=20260311020206&Channel_ID=0116_2600000900-99000-201600010010027&ProgramID=614961829&ParentNodeID=-99&assertID=2206173738&client_ip=218.28.233.106&SecurityKey=20260311020206&promotionId=&mvid=2206173738&mcid=500020&playurlVersion=ZQ-A1-9.2.2-RELEASE&userid=&jmhm=&videocodec=h264&appCode=miguvideo_android&bean=mgspad&tid=android&conFee=0&encrypt=5c77d730fef775d46ec28041d0ab3c2b
新闻综合,http://tvpull.dxhmt.cn:9081/tv/10326-1.m3u8
邓州新闻,http://live.dxhmt.cn:9081/tv/11381-1.m3u8
沁阳新闻综合,http://live.dxhmt.cn:9081/tv/10882-1.m3u8
开封文化旅游,http://live.dxhmt.cn:9081/tv/10200-3.m3u8
江苏国际,http://hlsztemgsplive.miguvideo.com:8080/wd_r2/jstv/jsguoji/600/index.m3u8?msisdn=20260311040210a3051bf2c646484ba45254312c19d339&mdspid=&spid=699067&netType=0&sid=5500260577&pid=2028597139&timestamp=20260311040210&Channel_ID=0116_2600000900-99000-201600010010027&ProgramID=626064674&ParentNodeID=-99&assertID=5500260577&client_ip=218.28.233.106&SecurityKey=20260311040210&promotionId=&mvid=5100186482&mcid=500020&playurlVersion=WX-A1-9.2.2-RELEASE&userid=&jmhm=&videocodec=h264&appCode=miguvideo_android&bean=mgspad&tid=android&conFee=0&encrypt=e734f9c3bac41cd3b3cccd092de6ab8f
江苏城市,http://hlsztemgsplive.miguvideo.com:8080/wd_r2/jstv/jschengshi/600/index.m3u8?msisdn=20260311040210464c7ad589fe4cb294772d97e56d57e3&mdspid=&spid=699067&netType=0&sid=5500260508&pid=2028597139&timestamp=20260311040210&Channel_ID=0116_2600000900-99000-201600010010027&ProgramID=626064714&ParentNodeID=-99&assertID=5500260508&client_ip=218.28.233.106&SecurityKey=20260311040210&promotionId=&mvid=5100186409&mcid=500020&playurlVersion=WX-A1-9.2.2-RELEASE&userid=&jmhm=&videocodec=h264&appCode=miguvideo_android&bean=mgspad&tid=android&conFee=0&encrypt=2756b5ac85dbb0e5f5e8a0cd2277bc5e
江苏影视,http://hlsztemgsplive.miguvideo.com:8080/wd_r2/jstv/jsyingshi/600/index.m3u8?msisdn=202603110402100b1c0447c7414b749622dc93d0fb7e75&mdspid=&spid=699067&netType=0&sid=5500260517&pid=2028597139&timestamp=20260311040210&Channel_ID=0116_2600000900-99000-201600010010027&ProgramID=626064697&ParentNodeID=-99&assertID=5500260517&client_ip=218.28.233.106&SecurityKey=20260311040210&promotionId=&mvid=5100186424&mcid=500020&playurlVersion=WX-A1-9.2.2-RELEASE&userid=&jmhm=&videocodec=h264&appCode=miguvideo_android&bean=mgspad&tid=android&conFee=0&encrypt=ef2ec9a62b4d5df1d41a35bdba325492
江苏综艺,http://hlsztemgsplive.miguvideo.com:8080/wd_r2/jstv/jszongyi/600/index.m3u8?msisdn=20260311040211b2778548afc942aa8b850b089b8436dc&mdspid=&spid=699067&netType=0&sid=5500260513&pid=2028597139&timestamp=20260311040211&Channel_ID=0116_2600000900-99000-201600010010027&ProgramID=626065193&ParentNodeID=-99&assertID=5500260513&client_ip=218.28.233.106&SecurityKey=20260311040211&promotionId=&mvid=5100186420&mcid=500020&playurlVersion=WX-A1-9.2.2-RELEASE&userid=&jmhm=&videocodec=h264&appCode=miguvideo_android&bean=mgspad&tid=android&conFee=0&encrypt=bd1897e60fa676c29915597732472efe
江苏教育,http://hlsztemgsplive.miguvideo.com:8080/wd_r2/jstv/jsjiaoyu/600/index.m3u8?msisdn=2026031104021040baa955b1e240dd9e22c3ed0c4408a0&mdspid=&spid=699067&netType=0&sid=5500287493&pid=2028597139&timestamp=20260311040210&Channel_ID=0116_2600000900-99000-201600010010027&ProgramID=628008321&ParentNodeID=-99&assertID=5500287493&client_ip=218.28.233.106&SecurityKey=20260311040210&promotionId=&mvid=5101012819&mcid=500020&playurlVersion=WX-A1-9.2.2-RELEASE&userid=&jmhm=&videocodec=h264&appCode=miguvideo_android&bean=mgspad&tid=android&conFee=0&encrypt=65020bdd1e6b47bf4abc1ed677cb727d
南京十八生活,http://hlsztemgsplive.miguvideo.com:8080/migu/kailu/nanjingsb/50/20230719/index.m3u8?msisdn=202603110402100ec25c9bdded4d6183c10f7f71b62145&mdspid=&spid=699067&netType=0&sid=5910021864&pid=2028597139&timestamp=20260311040210&Channel_ID=0116_2600000900-99000-201600010010027&ProgramID=838151753&ParentNodeID=-99&assertID=5910021864&client_ip=218.28.233.106&SecurityKey=20260311040210&promotionId=&mvid=5900006207&mcid=500020&playurlVersion=WX-A1-9.2.2-RELEASE&userid=&jmhm=&videocodec=h264&appCode=miguvideo_android&bean=mgspad&tid=android&conFee=0&encrypt=2e47186e63a8247b6d52587d131ac421
南京少儿,http://nklive.nbs.cn/hls/e0981f3f-1a20-4a59-b8d1-17feb83a4610/index.m3u8
徐州新闻综合,http://hlsztemgsplive.miguvideo.com:8080/wd_r2/jstv/xzxinwenzonghe/600/index.m3u8?msisdn=20260311040211a18e39a080fa4b9ea2b4eb74a315f982&mdspid=&spid=699067&netType=0&sid=5500469368&pid=2028597139&timestamp=20260311040211&Channel_ID=0116_2600000900-99000-201600010010027&ProgramID=639731747&ParentNodeID=-99&assertID=5500469368&client_ip=218.28.233.106&SecurityKey=20260311040211&promotionId=&mvid=5102012620&mcid=500020&playurlVersion=WX-A1-9.2.2-RELEASE&userid=&jmhm=&videocodec=h264&appCode=miguvideo_android&bean=mgspad&tid=android&conFee=0&encrypt=e4871231c3e54ed060cd67c74edc3de3
盐城新闻综合,http://hlsztemgsplive.miguvideo.com:8080/migu/kailu/ycxwzh/50/20250604/index.m3u8?msisdn=2026031104021176b441728d6a48c3be2297021ccf774e&mdspid=&spid=699067&netType=0&sid=5500469360&pid=2028597139&timestamp=20260311040211&Channel_ID=0116_2600000900-99000-201600010010027&ProgramID=639731825&ParentNodeID=-99&assertID=5500469360&client_ip=218.28.233.106&SecurityKey=20260311040211&promotionId=&mvid=5102012617&mcid=500020&playurlVersion=WX-A1-9.2.2-RELEASE&userid=&jmhm=&videocodec=h264&appCode=miguvideo_android&bean=mgspad&tid=android&conFee=0&encrypt=8ad8164a2851b9e17f35d8684cd7394e
宜兴新闻,http://hlsztemgsplive.miguvideo.com:8080/migu/kailu/yxxwzh/50/20250604/index.m3u8?msisdn=20260311040212d79be0433bf240c2b98dd07fc4b8255f&mdspid=&spid=699067&netType=0&sid=5910022179&pid=2028597139&timestamp=20260311040212&Channel_ID=0116_2600000900-99000-201600010010027&ProgramID=955227996&ParentNodeID=-99&assertID=5910022179&client_ip=218.28.233.106&SecurityKey=20260311040212&promotionId=&mvid=5900006707&mcid=500020&playurlVersion=WX-A1-9.2.2-RELEASE&userid=&jmhm=&videocodec=h264&appCode=miguvideo_android&bean=mgspad&tid=android&conFee=0&encrypt=de260edeeb4a38608d05f147f369ec26
泰州-1,http://hlsztemgsplive.miguvideo.com:8080/wd_r2/jstv/tzxinwenzonghe/600/index.m3u8?msisdn=20260311040211d295185542844a48b4a486fc29bb644d&mdspid=&spid=699067&netType=0&sid=5500469354&pid=2028597139&timestamp=20260311040211&Channel_ID=0116_2600000900-99000-201600010010027&ProgramID=639731818&ParentNodeID=-99&assertID=5500469354&client_ip=218.28.233.106&SecurityKey=20260311040211&promotionId=&mvid=5102012615&mcid=500020&playurlVersion=WX-A1-9.2.2-RELEASE&userid=&jmhm=&videocodec=h264&appCode=miguvideo_android&bean=mgspad&tid=android&conFee=0&encrypt=c3e4dbaea30f207673fb519d217a74ec
江阴新闻综合,http://hlsztemgsplive.miguvideo.com:8080/migu/kailu/jyxwzh/50/20250604/index.m3u8?msisdn=2026031104021242892db7489a4643842ccc46eb17f47c&mdspid=&spid=699067&netType=0&sid=5910022177&pid=2028597139&timestamp=20260311040212&Channel_ID=0116_2600000900-99000-201600010010027&ProgramID=955227979&ParentNodeID=-99&assertID=5910022177&client_ip=218.28.233.106&SecurityKey=20260311040212&promotionId=&mvid=5900006705&mcid=500020&playurlVersion=WX-A1-9.2.2-RELEASE&userid=&jmhm=&videocodec=h264&appCode=miguvideo_android&bean=mgspad&tid=android&conFee=0&encrypt=7ccd7d7d23131421cd47e36aa9d2a33e
宿迁新闻综合,http://hlsztemgsplive.miguvideo.com:8080/wd_r2/jstv/sqxinwenzonghe/600/index.m3u8?msisdn=202603110402110ea1b2def5c246af8d3351fe0cf77b00&mdspid=&spid=699067&netType=0&sid=5500469357&pid=2028597139&timestamp=20260311040211&Channel_ID=0116_2600000900-99000-201600010010027&ProgramID=639731832&ParentNodeID=-99&assertID=5500469357&client_ip=218.28.233.106&SecurityKey=20260311040211&promotionId=&mvid=5102012616&mcid=500020&playurlVersion=WX-A1-9.2.2-RELEASE&userid=&jmhm=&videocodec=h264&appCode=miguvideo_android&bean=mgspad&tid=android&conFee=0&encrypt=349f09fdadb6365697467a6c11d5139d
连云港新闻综合,http://hlsztemgsplive.miguvideo.com:8080/wd_r2/jstv/lygxinwenzonghe/600/index.m3u8?msisdn=202603110402113329b1139f704afb8c2d793773b36a2b&mdspid=&spid=699067&netType=0&sid=5500469369&pid=2028597139&timestamp=20260311040211&Channel_ID=0116_2600000900-99000-201600010010027&ProgramID=639731715&ParentNodeID=-99&assertID=5500469369&client_ip=218.28.233.106&SecurityKey=20260311040211&promotionId=&mvid=5102012621&mcid=500020&playurlVersion=WX-A1-9.2.2-RELEASE&userid=&jmhm=&videocodec=h264&appCode=miguvideo_android&bean=mgspad&tid=android&conFee=0&encrypt=4ed767fe704425ad459adeeb3f8efb66
镇江新闻综合,http://hlsztemgsplive.miguvideo.com:8080/migu/kailu/zjxwzh/50/20251127/index.m3u8?msisdn=2026031104021321ef9cb9ec0c4748b4a75409c0e23a24&mdspid=&spid=699067&netType=0&sid=5500469365&pid=2028597139&timestamp=20260311040213&Channel_ID=0116_2600000900-99000-201600010010027&ProgramID=639731783&ParentNodeID=-99&assertID=5500469365&client_ip=218.28.233.106&SecurityKey=20260311040213&promotionId=&mvid=5102012619&mcid=500020&playurlVersion=WX-A1-9.2.2-RELEASE&userid=&jmhm=&videocodec=h264&appCode=miguvideo_android&bean=mgspad&tid=android&conFee=0&encrypt=5d2d86a8a0c68367c716cbd49303237b
宁夏广播电视台文旅,http://hlsztemgsplive.miguvideo.com:8080/migu/kailu/nxwl/50/20251225/index.m3u8?msisdn=2026031104021346e0ef2a08ce4409b44e6f166c7357fd&mdspid=&spid=600697&netType=0&sid=5910022328&pid=2028597139&timestamp=20260311040213&Channel_ID=0116_2600000900-99000-201600010010027&ProgramID=962067523&ParentNodeID=-99&assertID=5910022328&client_ip=218.28.233.106&SecurityKey=20260311040213&promotionId=&mvid=5900006788&mcid=500020&playurlVersion=WX-A1-9.2.2-RELEASE&userid=&jmhm=&videocodec=h264&appCode=miguvideo_android&bean=mgspad&tid=android&conFee=0&encrypt=d70a668e59d3486dbab329ec5159114c
延边卫视,https://srs.iyb983.cn/video/CYS/index.m3u8
陕西秦腔,http://hlsztemgsplive.miguvideo.com:8080/migu/kailu/sxqqpd/50/20250804/index.m3u8?msisdn=20260311040212281f76527574463089410a7b32c32de9&mdspid=&spid=600572&netType=0&sid=5910022188&pid=2028597139&timestamp=20260311040212&Channel_ID=0116_2600000900-99000-201600010010027&ProgramID=956909303&ParentNodeID=-99&assertID=5910022188&client_ip=218.28.233.106&SecurityKey=20260311040212&promotionId=&mvid=5900006711&mcid=500020&playurlVersion=WX-A1-9.2.2-RELEASE&userid=&jmhm=&videocodec=h264&appCode=miguvideo_android&bean=mgspad&tid=android&conFee=0&encrypt=2325ec94f67cf32362f043c360c6663b
陕西银龄,http://hlsztemgsplive.miguvideo.com:8080/migu/kailu/sxylpd/50/20250804/index.m3u8?msisdn=2026031104021284f7d96f26de4e7193961b410315b2cc&mdspid=&spid=600572&netType=0&sid=5910022191&pid=2028597139&timestamp=20260311040212&Channel_ID=0116_2600000900-99000-201600010010027&ProgramID=956909362&ParentNodeID=-99&assertID=5910022191&client_ip=218.28.233.106&SecurityKey=20260311040212&promotionId=&mvid=5900006714&mcid=500020&playurlVersion=WX-A1-9.2.2-RELEASE&userid=&jmhm=&videocodec=h264&appCode=miguvideo_android&bean=mgspad&tid=android&conFee=0&encrypt=370ef545a01d79deb705e77d7564b7b9
经典香港电影,http://hlsztemgsplive.miguvideo.com:8080/wd_r2/virtuallive/5100180869/75/index.m3u8?msisdn=2026031104021481bb845bc48144f0b9d429a51156987e&mdspid=&spid=800033&netType=0&sid=5500242089&pid=2028597139&timestamp=20260311040214&Channel_ID=0116_2600000900-99000-201600010010027&ProgramID=625703337&ParentNodeID=-99&assertID=5500242089&client_ip=218.28.233.106&SecurityKey=20260311040214&promotionId=&mvid=5100180869&mcid=500020&playurlVersion=WX-A1-9.2.2-RELEASE&userid=&jmhm=&videocodec=h264&appCode=miguvideo_android&bean=mgspad&tid=android&conFee=0&encrypt=71febe584a2cf444522070eac1454d81
人间卫视,https://5ddce30eb4b55.streamlock.net/bltvhd/bltv1/chunklist_w511254805.m3u8
三立戏剧,http://61.221.215.25:8800/hls/41/index.m3u8
CGTN,http://hlsztemgsplive.miguvideo.com:8080/envivo_x/2018/SD/cctvnews/1000/index.m3u8?msisdn=202603110402070ac6d05904c842c2b94addeb78bf8ea4&mdspid=&spid=699004&netType=0&sid=2202196407&pid=2028597139&timestamp=20260311040207&Channel_ID=0116_2600000900-99000-201600010010027&ProgramID=609017205&ParentNodeID=-99&assertID=2202196407&client_ip=218.28.233.106&SecurityKey=20260311040207&promotionId=&mvid=2202196407&mcid=500020&playurlVersion=WX-A1-9.2.2-RELEASE&userid=&jmhm=&videocodec=h264&appCode=miguvideo_android&bean=mgspad&tid=android&conFee=0&encrypt=941256567be65246922323484c68c4d5
CGTN俄语,http://hlsztemgsplive.miguvideo.com:8080/envivo_v/2018/SD/cctv/eyu/1000/index.m3u8?msisdn=20260311040206d4b89e2fc1e74e3188d32d2dffb13389&mdspid=&spid=699004&netType=0&sid=2200179332&pid=2028597139&timestamp=20260311040206&Channel_ID=0116_2600000900-99000-201600010010027&ProgramID=609006446&ParentNodeID=-99&assertID=2200179332&client_ip=218.28.233.106&SecurityKey=20260311040206&promotionId=&mvid=2200179332&mcid=500020&playurlVersion=WX-A1-9.2.2-RELEASE&userid=&jmhm=&videocodec=h264&appCode=miguvideo_android&bean=mgspad&tid=android&conFee=0&encrypt=d48596b7caacdf14eb427113790d1ea2
CGTN外语纪录,http://hlsztemgsplive.miguvideo.com:8080/envivo_v/2018/SD/cctv/doc/1000/index.m3u8?msisdn=20260311040206d5fcb2cbacaf41ee8a3c3da4378984f6&mdspid=&spid=699004&netType=0&sid=2200179356&pid=2028597139&timestamp=20260311040206&Channel_ID=0116_2600000900-99000-201600010010027&ProgramID=609006487&ParentNodeID=-99&assertID=2200179356&client_ip=218.28.233.106&SecurityKey=20260311040206&promotionId=&mvid=2200179356&mcid=500020&playurlVersion=WX-A1-9.2.2-RELEASE&userid=&jmhm=&videocodec=h264&appCode=miguvideo_android&bean=mgspad&tid=android&conFee=0&encrypt=0f07841a5987f14884e86f7a7a819f6d
CGTN法语,http://hlsztemgsplive.miguvideo.com:8080/envivo_v/2018/SD/cctv/fayu/1000/index.m3u8?msisdn=20260311040206aa90a16d47534a05b42b970b75a3ccc4&mdspid=&spid=699004&netType=0&sid=2200179324&pid=2028597139&timestamp=20260311040206&Channel_ID=0116_2600000900-99000-201600010010027&ProgramID=609006476&ParentNodeID=-99&assertID=2200179324&client_ip=218.28.233.106&SecurityKey=20260311040206&promotionId=&mvid=2200179324&mcid=500020&playurlVersion=WX-A1-9.2.2-RELEASE&userid=&jmhm=&videocodec=h264&appCode=miguvideo_android&bean=mgspad&tid=android&conFee=0&encrypt=53ae728b5e24c93ca9e552d18deef28e
CGTN西班牙语,http://hlsztemgsplive.miguvideo.com:8080/envivo_v/2018/SD/cctv/xibanya/1000/index.m3u8?msisdn=20260311040206ddb5042e5b914987864d1a1292120005&mdspid=&spid=699004&netType=0&sid=2200179337&pid=2028597139&timestamp=20260311040206&Channel_ID=0116_2600000900-99000-201600010010027&ProgramID=609006450&ParentNodeID=-99&assertID=2200179337&client_ip=218.28.233.106&SecurityKey=20260311040206&promotionId=&mvid=2200179337&mcid=500020&playurlVersion=WX-A1-9.2.2-RELEASE&userid=&jmhm=&videocodec=h264&appCode=miguvideo_android&bean=mgspad&tid=android&conFee=0&encrypt=001f05c6622fb75ce4f76ceb8177abd7
CGTN阿拉伯语,http://hlsztemgsplive.miguvideo.com:8080/envivo_v/SD/cctv/alabo/1000/index.m3u8?msisdn=20260311040206d926da7f431140979bf3396e319ebb4b&mdspid=&spid=699004&netType=0&sid=2200179303&pid=2028597139&timestamp=20260311040206&Channel_ID=0116_2600000900-99000-201600010010027&ProgramID=609154345&ParentNodeID=-99&assertID=2200179303&client_ip=218.28.233.106&SecurityKey=20260311040206&promotionId=&mvid=2200179303&mcid=500020&playurlVersion=WX-A1-9.2.2-RELEASE&userid=&jmhm=&videocodec=h264&appCode=miguvideo_android&bean=mgspad&tid=android&conFee=0&encrypt=4e18765ba7ebd877377a15b77f684b6d
CNA,http://d2e1asnsl7br7b.cloudfront.net/7782e205e72f43aeb4a48ec97f66ebbe/index_5.m3u8
CNA,http://d2e1asnsl7br7b.cloudfront.net/7782e205e72f43aeb4a48ec97f66ebbe/index_4.m3u8
CNN,https://turnerlive.warnermediacdn.com/hls/live/586495/cnngo/cnn_slate/VIDEO_4_1064000.m3u8
中华特产,http://hlsztemgsplive.miguvideo.com:8080/migu/kailu/zhtc/50/20251103/index.m3u8?msisdn=202603110402176bb217edd1da43dca8d0e310661120ee&mdspid=&spid=600697&netType=0&sid=5910022295&pid=2028597139&timestamp=20260311040217&Channel_ID=0116_2600000900-99000-201600010010027&ProgramID=959986618&ParentNodeID=-99&assertID=5910022295&client_ip=218.28.233.106&SecurityKey=20260311040217&promotionId=&mvid=5900006771&mcid=500020&playurlVersion=WX-A1-9.2.2-RELEASE&userid=&jmhm=&videocodec=h264&appCode=miguvideo_android&bean=mgspad&tid=android&conFee=0&encrypt=3919f92f51481edcee9e74138da439a1
体坛名栏汇,http://hlsztemgsplive.miguvideo.com:8080/wd_r3/cctv/titanminglan/600/index.m3u8?msisdn=202603110402077def887df1df4519b7590b543831403c&mdspid=&spid=699004&netType=0&sid=5500315687&pid=2028597139&timestamp=20260311040207&Channel_ID=0116_2600000900-99000-201600010010027&ProgramID=629943305&ParentNodeID=-99&assertID=5500315687&client_ip=218.28.233.106&SecurityKey=20260311040207&promotionId=&mvid=5101034219&mcid=500020&playurlVersion=WX-A1-9.2.2-RELEASE&userid=&jmhm=&videocodec=h264&appCode=miguvideo_android&bean=mgspad&tid=android&conFee=0&encrypt=c5f43af928b8630e1e2e59205d473dd2
公共新闻,http://hlsztemgsplive.miguvideo.com:8080/wd_r2/jstv/jsgonggong/600/index.m3u8?msisdn=202603110402114c42615e5ed24149bb883c5ebc24101f&mdspid=&spid=699067&netType=0&sid=5500260520&pid=2028597139&timestamp=20260311040211&Channel_ID=0116_2600000900-99000-201600010010027&ProgramID=626064693&ParentNodeID=-99&assertID=5500260520&client_ip=218.28.233.106&SecurityKey=20260311040211&promotionId=&mvid=5100186429&mcid=500020&playurlVersion=WX-A1-9.2.2-RELEASE&userid=&jmhm=&videocodec=h264&appCode=miguvideo_android&bean=mgspad&tid=android&conFee=0&encrypt=7123f2e4e480dc7e57a10d7db00c06e3
凤凰古城东关门,https://gcalic.v.myalicdn.com/gc/fhgcdgm_1/index.m3u8
凤凰古城南华山,https://gcalic.v.myalicdn.com/gc/fhgcdnhs_1/index.m3u8
和美乡途轮播,http://hlsztemgsplive.miguvideo.com:8080/migu/virtuallive2/5900002411/50/20210706/index.m3u8?msisdn=202603110402146116a7c0cfee406784250deef69e504e&mdspid=&spid=800033&netType=0&sid=5910019525&pid=2028597139&timestamp=20260311040214&Channel_ID=0116_2600000900-99000-201600010010027&ProgramID=713591450&ParentNodeID=-99&assertID=5910019525&client_ip=218.28.233.106&SecurityKey=20260311040214&promotionId=&mvid=5900002421&mcid=500020&playurlVersion=WX-A1-9.2.2-RELEASE&userid=&jmhm=&videocodec=h264&appCode=miguvideo_android&bean=mgspad&tid=android&conFee=0&encrypt=8162ecd29d8564bb910b54b89d6698f3
新动力量创一流,http://hlsztemgsplive.miguvideo.com:8080/migu/virtuallive2/5900002409/50/20210706/index.m3u8?msisdn=202603110402174639f42eb7124b15a1984952c72c5eb8&mdspid=&spid=800033&netType=0&sid=5910019523&pid=2028597139&timestamp=20260311040217&Channel_ID=0116_2600000900-99000-201600010010027&ProgramID=713589837&ParentNodeID=-99&assertID=5910019523&client_ip=218.28.233.106&SecurityKey=20260311040217&promotionId=&mvid=5900002419&mcid=500020&playurlVersion=WX-A1-9.2.2-RELEASE&userid=&jmhm=&videocodec=h264&appCode=miguvideo_android&bean=mgspad&tid=android&conFee=0&encrypt=030ba0201f099d9920f6866c1affd71f
更新日期: 2026-3-10 18:32:35,http://hlsztemgsplive.miguvideo.com:8080/migu/kailu/cctv1hd265/51/20191230/01.m3u8?msisdn=c51d5bdf7da3f733f5f7fec9903f7fae&mdspid=&spid=699004&netType=4&sid=2201057821&pid=2028597139&timestamp=20260310181306&Channel_ID=0116_2600031500-99000-200300140100004&ProgramID=608807420&ParentNodeID=-99&assertID=2201057821&client_ip=219.152.91.246&SecurityKey=20260310181306&promotionId=&mvid=2201057821&mcid=500020&playurlVersion=WX-A1-9.2.2-RELEASE&userid=&jmhm=&videocodec=h265&appCode=miguvideo_android&bean=mgspad&tid=android&conFee=0&mtv_session=3a93f084cff3861224202122bc275682&sv=10004&ct=android&playUrlSsn=c51d5bdf7da3f733f5f7fec9903f7fae1773137585474&prlId=c51d5bdf7da3f733f5f7fec9903f7fae1773137585476&jid=c51d5bdf7da3f733f5f7fec9903f7fae1773137585125V&is_advertise=0&sjid=subsession_1773137585781&HlsSubType=1&HlsProfileId=1&nphaid=0&encrypt=a923891fcff1858017badc9f5590c560
最强综艺趴,http://hlsztemgsplive.miguvideo.com:8080/wd_r3/cctv/zuiqiangzongyi/600/index.m3u8?msisdn=202603110402164a1ca296c2134a62a4d19313dc5869b5&mdspid=&spid=699004&netType=0&sid=5500315654&pid=2028597139&timestamp=20260311040216&Channel_ID=0116_2600000900-99000-201600010010027&ProgramID=629942228&ParentNodeID=-99&assertID=5500315654&client_ip=218.28.233.106&SecurityKey=20260311040216&promotionId=&mvid=5101034202&mcid=500020&playurlVersion=WX-A1-9.2.2-RELEASE&userid=&jmhm=&videocodec=h264&appCode=miguvideo_android&bean=mgspad&tid=android&conFee=0&encrypt=089a72ab37bb2763f89b4d96e6cd8d41
法·时尚,http://lb.streaming.sk/fashiontv/stream/chunklist_w1906011378.m3u8
泸州3,http://m3u8.channel.luzhoubs.com/nmip-media/channellive/channel103074/playlist.m3u8
熊猫01,http://hlsztemgsplive.miguvideo.com:8080/ws_x/2018/xiongmao/HD/1000/index.m3u8?msisdn=202603110402158afc3204ecb846759acfdcac661e2b0e&mdspid=&spid=699004&netType=0&sid=2202634723&pid=2028597139&timestamp=20260311040215&Channel_ID=0116_2600000900-99000-201600010010027&ProgramID=609158151&ParentNodeID=-99&assertID=2202634723&client_ip=218.28.233.106&SecurityKey=20260311040215&promotionId=&mvid=2202634723&mcid=500020&playurlVersion=WX-A1-9.2.2-RELEASE&userid=&jmhm=&videocodec=h264&appCode=miguvideo_android&bean=mgspad&tid=android&conFee=0&encrypt=b81d2a0258213a26dc1e4f4175c3de2a
熊猫1,http://hlsztemgsplive.miguvideo.com:8080/envivo_x/2018/SD/xiongmao01/1000/index.m3u8?msisdn=202603110402150ba6aa16dabd48078b717b91764bda44&mdspid=&spid=699004&netType=0&sid=2200200699&pid=2028597139&timestamp=20260311040215&Channel_ID=0116_2600000900-99000-201600010010027&ProgramID=608933610&ParentNodeID=-99&assertID=2200200699&client_ip=218.28.233.106&SecurityKey=20260311040215&promotionId=&mvid=2200200699&mcid=500020&playurlVersion=WX-A1-9.2.2-RELEASE&userid=&jmhm=&videocodec=h264&appCode=miguvideo_android&bean=mgspad&tid=android&conFee=0&encrypt=2d393520dbf76bd49f377798a2feeafc
熊猫10,http://hlsztemgsplive.miguvideo.com:8080/envivo_x/2018/SD/xiongmao10/1000/index.m3u8?msisdn=20260311040216637211045472432b949a4a16091d3185&mdspid=&spid=699004&netType=0&sid=2200192937&pid=2028597139&timestamp=20260311040216&Channel_ID=0116_2600000900-99000-201600010010027&ProgramID=609169285&ParentNodeID=-99&assertID=2200192937&client_ip=218.28.233.106&SecurityKey=20260311040216&promotionId=&mvid=2200192937&mcid=500020&playurlVersion=WX-A1-9.2.2-RELEASE&userid=&jmhm=&videocodec=h264&appCode=miguvideo_android&bean=mgspad&tid=android&conFee=0&encrypt=8cd5154251b4ea560531cd1a0451445d
熊猫2,http://hlsztemgsplive.miguvideo.com:8080/envivo_x/2018/SD/xiongmao02/1000/index.m3u8?msisdn=202603110402154ea1b7c042674962b11a0c30f05d2781&mdspid=&spid=699004&netType=0&sid=2200200717&pid=2028597139&timestamp=20260311040215&Channel_ID=0116_2600000900-99000-201600010010027&ProgramID=608933640&ParentNodeID=-99&assertID=2200200717&client_ip=218.28.233.106&SecurityKey=20260311040215&promotionId=&mvid=2200200717&mcid=500020&playurlVersion=WX-A1-9.2.2-RELEASE&userid=&jmhm=&videocodec=h264&appCode=miguvideo_android&bean=mgspad&tid=android&conFee=0&encrypt=1ea3394d38051fb434c8c9305993c0ba
熊猫3,http://hlsztemgsplive.miguvideo.com:8080/envivo_x/2018/SD/xiongmao03/1000/index.m3u8?msisdn=20260311040215ee1d617a34904c60a2e11abb39349c37&mdspid=&spid=699004&netType=0&sid=2200200738&pid=2028597139&timestamp=20260311040215&Channel_ID=0116_2600000900-99000-201600010010027&ProgramID=608934619&ParentNodeID=-99&assertID=2200200738&client_ip=218.28.233.106&SecurityKey=20260311040215&promotionId=&mvid=2200200738&mcid=500020&playurlVersion=WX-A1-9.2.2-RELEASE&userid=&jmhm=&videocodec=h264&appCode=miguvideo_android&bean=mgspad&tid=android&conFee=0&encrypt=7534ef9ddfc14fba98b38b19e0eb76a7
熊猫4,http://hlsztemgsplive.miguvideo.com:8080/envivo_x/2018/SD/xiongmao04/1000/index.m3u8?msisdn=20260311040216c6bc73efe2e04e0986b6f2602a6211d6&mdspid=&spid=699004&netType=0&sid=2200200771&pid=2028597139&timestamp=20260311040216&Channel_ID=0116_2600000900-99000-201600010010027&ProgramID=608934721&ParentNodeID=-99&assertID=2200200771&client_ip=218.28.233.106&SecurityKey=20260311040216&promotionId=&mvid=2200200771&mcid=500020&playurlVersion=WX-A1-9.2.2-RELEASE&userid=&jmhm=&videocodec=h264&appCode=miguvideo_android&bean=mgspad&tid=android&conFee=0&encrypt=b8515a19ee28a0786535f913e3398a59
熊猫5,http://hlsztemgsplive.miguvideo.com:8080/envivo_x/2018/SD/xiongmao05/1000/index.m3u8?msisdn=2026031104021647c538c4762d4cd1b6e67eb0347b2698&mdspid=&spid=699004&netType=0&sid=2200200791&pid=2028597139&timestamp=20260311040216&Channel_ID=0116_2600000900-99000-201600010010027&ProgramID=608935104&ParentNodeID=-99&assertID=2200200791&client_ip=218.28.233.106&SecurityKey=20260311040216&promotionId=&mvid=2200200791&mcid=500020&playurlVersion=WX-A1-9.2.2-RELEASE&userid=&jmhm=&videocodec=h264&appCode=miguvideo_android&bean=mgspad&tid=android&conFee=0&encrypt=29bd1ab5634bec92c21be0679bd78954
熊猫6,http://hlsztemgsplive.miguvideo.com:8080/envivo_x/2018/SD/xiongmao06/1000/index.m3u8?msisdn=2026031104021664b4353a299446ec8fbf245c935866a5&mdspid=&spid=699004&netType=0&sid=2200200817&pid=2028597139&timestamp=20260311040216&Channel_ID=0116_2600000900-99000-201600010010027&ProgramID=608935797&ParentNodeID=-99&assertID=2200200817&client_ip=218.28.233.106&SecurityKey=20260311040216&promotionId=&mvid=2200200817&mcid=500020&playurlVersion=WX-A1-9.2.2-RELEASE&userid=&jmhm=&videocodec=h264&appCode=miguvideo_android&bean=mgspad&tid=android&conFee=0&encrypt=7e23058f0388e383bc2988dd8e1bb439
熊猫7,http://hlsztemgsplive.miguvideo.com:8080/envivo_x/2018/SD/xiongmao07/1000/index.m3u8?msisdn=202603110402162c4e56ee2ab2485db20b19972caf184e&mdspid=&spid=699004&netType=0&sid=2200192831&pid=2028597139&timestamp=20260311040216&Channel_ID=0116_2600000900-99000-201600010010027&ProgramID=609169286&ParentNodeID=-99&assertID=2200192831&client_ip=218.28.233.106&SecurityKey=20260311040216&promotionId=&mvid=2200192831&mcid=500020&playurlVersion=WX-A1-9.2.2-RELEASE&userid=&jmhm=&videocodec=h264&appCode=miguvideo_android&bean=mgspad&tid=android&conFee=0&encrypt=0a775dcb59ca1e3aecc4823b0bbd8924
熊猫8,http://hlsztemgsplive.miguvideo.com:8080/envivo_x/2018/SD/xiongmao08/1000/index.m3u8?msisdn=202603110402165d231ea84c22477bb2fc00e82ad8382b&mdspid=&spid=699004&netType=0&sid=2200192881&pid=2028597139&timestamp=20260311040216&Channel_ID=0116_2600000900-99000-201600010010027&ProgramID=609169287&ParentNodeID=-99&assertID=2200192881&client_ip=218.28.233.106&SecurityKey=20260311040216&promotionId=&mvid=2200192881&mcid=500020&playurlVersion=WX-A1-9.2.2-RELEASE&userid=&jmhm=&videocodec=h264&appCode=miguvideo_android&bean=mgspad&tid=android&conFee=0&encrypt=084af17e62a0f15e082213b2b1d8f104
熊猫9,http://hlsztemgsplive.miguvideo.com:8080/envivo_x/2018/SD/xiongmao09/1000/index.m3u8?msisdn=20260311040216f97214b3c4e0477ea6894e988650d2b2&mdspid=&spid=699004&netType=0&sid=2200192899&pid=2028597139&timestamp=20260311040216&Channel_ID=0116_2600000900-99000-201600010010027&ProgramID=609169226&ParentNodeID=-99&assertID=2200192899&client_ip=218.28.233.106&SecurityKey=20260311040216&promotionId=&mvid=2200192899&mcid=500020&playurlVersion=WX-A1-9.2.2-RELEASE&userid=&jmhm=&videocodec=h264&appCode=miguvideo_android&bean=mgspad&tid=android&conFee=0&encrypt=ece1a9f6bf85ede1a417b6000011fb15
睛彩中原,https://dxtx.hntv.tv/live/jczy.m3u8?txSecret=e785008e49564e5e738439b4dd2ae68e&txTime=7C4C6207&wsSecret=1205abb3c4c77222b50d73f222bf356b&wsTime=1773187117
经典动画大集合,http://hlsztemgsplive.miguvideo.com:8080/wd_r3/cctv/jingdiandonghua/600/index.m3u8?msisdn=2026031104021713987bd1be14408484e9b20a79d9454c&mdspid=&spid=699004&netType=0&sid=5500315652&pid=2028597139&timestamp=20260311040217&Channel_ID=0116_2600000900-99000-201600010010027&ProgramID=629942219&ParentNodeID=-99&assertID=5500315652&client_ip=218.28.233.106&SecurityKey=20260311040217&promotionId=&mvid=5101034205&mcid=500020&playurlVersion=WX-A1-9.2.2-RELEASE&userid=&jmhm=&videocodec=h264&appCode=miguvideo_android&bean=mgspad&tid=android&conFee=0&encrypt=5dbea9c79452bc6b7641aa90f23e9b7e
茶,http://hlsztemgsplive.miguvideo.com:8080/migu/kailu/ydcmc/50/20251225/index.m3u8?msisdn=20260311040217bdce3f5ef77e4af3ac56cd92c3988057&mdspid=&spid=600603&netType=0&sid=5910022320&pid=2028597139&timestamp=20260311040217&Channel_ID=0116_2600000900-99000-201600010010027&ProgramID=961930369&ParentNodeID=-99&assertID=5910022320&client_ip=218.28.233.106&SecurityKey=20260311040217&promotionId=&mvid=5900006785&mcid=500020&playurlVersion=WX-A1-9.2.2-RELEASE&userid=&jmhm=&videocodec=h264&appCode=miguvideo_android&bean=mgspad&tid=android&conFee=0&encrypt=f9d385289c2d680121a6d9001390afa6
茶,http://hlszymgsplive.miguvideo.com:8080/migu/kailu/ydcmc/50/20251225/index.m3u8?msisdn=202603110458499fa21a40b1e549769443c039e13049cf&mdspid=&spid=600603&netType=0&sid=5910022320&pid=2028597139&timestamp=20260311045849&Channel_ID=0116_2600034600-99000-201600010010028&ProgramID=961930369&ParentNodeID=-99&assertID=5910022320&client_ip=39.98.44.106&SecurityKey=20260311045849&promotionId=&mvid=5900006785&mcid=500020&playurlVersion=ZQ-A1-9.2.2-RELEASE&userid=&jmhm=&videocodec=h264&appCode=miguvideo_android&bean=mgspad&tid=android&conFee=0&encrypt=5bb4ebb26c05f8754edce7e1691f55a7&sv=10004&ct=android
财富天下,http://hlsztemgsplive.miguvideo.com:8080/migu/kailu/cftx/50/20250804/index.m3u8?msisdn=202603110402134bdfb4b82e2447dd96b57e055b8e693f&mdspid=&spid=600697&netType=0&sid=5910022193&pid=2028597139&timestamp=20260311040213&Channel_ID=0116_2600000900-99000-201600010010027&ProgramID=956923159&ParentNodeID=-99&assertID=5910022193&client_ip=218.28.233.106&SecurityKey=20260311040213&promotionId=&mvid=5900006715&mcid=500020&playurlVersion=WX-A1-9.2.2-RELEASE&userid=&jmhm=&videocodec=h264&appCode=miguvideo_android&bean=mgspad&tid=android&conFee=0&encrypt=c2318510a545cba20a405f7926cbd2ad
赛事最经典,http://hlsztemgsplive.miguvideo.com:8080/wd_r3/cctv/saishijingdian/600/index.m3u8?msisdn=2026031104020707c60576b24742a89dc5119cb8d3fcf2&mdspid=&spid=699004&netType=0&sid=5500592947&pid=2028597139&timestamp=20260311040207&Channel_ID=0116_2600000900-99000-201600010010027&ProgramID=646596895&ParentNodeID=-99&assertID=5500592947&client_ip=218.28.233.106&SecurityKey=20260311040207&promotionId=&mvid=5101034296&mcid=500020&playurlVersion=WX-A1-9.2.2-RELEASE&userid=&jmhm=&videocodec=h264&appCode=miguvideo_android&bean=mgspad&tid=android&conFee=0&encrypt=1ff6f9d73cfdc3f6ec89802876e35718
鹤壁新闻,http://pili-live-hls.hebitv.com/hebi/hbtv.m3u8
◆◆◆　https://cloud.7so.top/f/Bgw1H8/%E5%A4%A7%E6%94%B9.txt
长清新闻|澜露直播,http://1.94.31.214/php/qilu.php?id=jncqxw
济阳综合|澜露直播,http://1.94.31.214/php/qilu.php?id=jnjyzh
济阳影视|澜露直播,http://1.94.31.214/php/qilu.php?id=jnjyys
平阴综合|澜露直播,http://1.94.31.214/php/qilu.php?id=jnpyzh
平阴乡村|澜露直播,http://1.94.31.214/php/qilu.php?id=jnpyxc
商河综合|澜露直播,http://1.94.31.214/php/qilu.php?id=jnshzh
商河影视|澜露直播,http://1.94.31.214/php/qilu.php?id=jnshys
章丘综合|澜露直播,http://1.94.31.214/php/qilu.php?id=jnzqzh
章丘公共|澜露直播,http://1.94.31.214/php/qilu.php?id=jnzqgg
李沧|澜露直播,http://1.94.31.214/php/qilu.php?id=qdlc
黄岛综合|澜露直播,http://1.94.31.214/php/qilu.php?id=qdhdzh
黄岛生活|澜露直播,http://1.94.31.214/php/qilu.php?id=qdhdsh
即墨综合|澜露直播,http://1.94.31.214/php/qilu.php?id=qdjmzh
即墨生活|澜露直播,http://1.94.31.214/php/qilu.php?id=qdjmsh
胶州综合|澜露直播,http://1.94.31.214/php/qilu.php?id=qdjzzh
胶州生活|澜露直播,http://1.94.31.214/php/qilu.php?id=qdjzsh
崂山|澜露直播,http://1.94.31.214/php/qilu.php?id=qdls
莱西综合|澜露直播,http://1.94.31.214/php/qilu.php?id=qdlxzh
莱西生活|澜露直播,http://1.94.31.214/php/qilu.php?id=qdlxsh
平度新闻|澜露直播,http://1.94.31.214/php/qilu.php?id=qdpdxw
平度生活|澜露直播,http://1.94.31.214/php/qilu.php?id=qdpdsh
莒县综合|澜露直播,http://1.94.31.214/php/qilu.php?id=rzjx1
岚山|澜露直播,http://1.94.31.214/php/qilu.php?id=rzls
五莲综合|澜露直播,http://1.94.31.214/php/qilu.php?id=rzwlzh
五莲文化|澜露直播,http://1.94.31.214/php/qilu.php?id=rzwlwh
长岛|澜露直播,http://1.94.31.214/php/qilu.php?id=ytcd
福山综合|澜露直播,http://1.94.31.214/php/qilu.php?id=ytfszh
福山生活|澜露直播,http://1.94.31.214/php/qilu.php?id=ytfssh
海阳综合|澜露直播,http://1.94.31.214/php/qilu.php?id=ythyzh
海阳综艺|澜露直播,http://1.94.31.214/php/qilu.php?id=ythyzy
龙口综合|澜露直播,http://1.94.31.214/php/qilu.php?id=ytlkzh
龙口生活|澜露直播,http://1.94.31.214/php/qilu.php?id=ytlksh
莱山综合|澜露直播,http://1.94.31.214/php/qilu.php?id=ytlszh
莱山影视|澜露直播,http://1.94.31.214/php/qilu.php?id=ytlsys
莱阳综合|澜露直播,http://1.94.31.214/php/qilu.php?id=ytlyzh
莱阳民生|澜露直播,http://1.94.31.214/php/qilu.php?id=ytlyms
莱州综合|澜露直播,http://1.94.31.214/php/qilu.php?id=ytlzzh
牟平综合|澜露直播,http://1.94.31.214/php/qilu.php?id=ytmpzh
蓬莱综合|澜露直播,http://1.94.31.214/php/qilu.php?id=ytplzh
栖霞综合|澜露直播,http://1.94.31.214/php/qilu.php?id=ytqxzh
栖霞苹果|澜露直播,http://1.94.31.214/php/qilu.php?id=ytqxpg
招远综合|澜露直播,http://1.94.31.214/php/qilu.php?id=ytzyzh
招远综艺|澜露直播,http://1.94.31.214/php/qilu.php?id=ytzyzy
费县综合|澜露直播,http://1.94.31.214/php/qilu.php?id=lyfxzh
费县生活|澜露直播,http://1.94.31.214/php/qilu.php?id=lyfxsh
河东综合|澜露直播,http://1.94.31.214/php/qilu.php?id=lyhdys
河东影视|澜露直播,http://1.94.31.214/php/qilu.php?id=lyhdzh
莒南综合|澜露直播,http://1.94.31.214/php/qilu.php?id=lyjnzh
莒南影视|澜露直播,http://1.94.31.214/php/qilu.php?id=lyjnys
兰山综合|澜露直播,http://1.94.31.214/php/qilu.php?id=lylszh
临沭综合|澜露直播,http://1.94.31.214/php/qilu.php?id=lyls1
临沭生活|澜露直播,http://1.94.31.214/php/qilu.php?id=lyls2
罗庄综合|澜露直播,http://1.94.31.214/php/qilu.php?id=lylzzh
罗庄影视|澜露直播,http://1.94.31.214/php/qilu.php?id=lylzys
蒙阴1|澜露直播,http://1.94.31.214/php/qilu.php?id=lymy1
蒙阴2|澜露直播,http://1.94.31.214/php/qiu.php?=idlymy2
平邑综合|澜露直播,http://1.94.31.214/php/qilu.php?id=lypyzh
平阴生活|澜露直播,http://1.94.31.214/php/qilu.php?id=lypysh
郯城1|澜露直播,http://1.94.31.214/php/qilu.php?id=lytc1
郯城2|澜露直播,http://1.94.31.214/php/qilu.php?id=lytc2
沂南综合|澜露直播,http://1.94.31.214/php/qilu.php?id=lyynzh
沂南红色影视|澜露直播,http://1.94.31.214/php/qilu.php?id=lyynys
沂水综合|澜露直播,http://1.94.31.214/php/qilu.php?id=lyys1
沂水生活|澜露直播,http://1.94.31.214/php/qilu.php?id=lyys2
金乡综合|澜露直播,http://1.94.31.214/php/qilu.php?id=jijxzh
金乡生活|澜露直播,http://1.94.31.214/php/qilu.php?id=jijxsh
梁山综合|澜露直播,http://1.94.31.214/php/qilu.php?id=jilszh
曲阜新闻|澜露直播,http://1.94.31.214/php/qilu.php?id=jiqfxw
任城新闻|澜露直播,http://1.94.31.214/php/qilu.php?id=jircxw
任城影视|澜露直播,http://1.94.31.214/php/qilu.php?id=jircys
泗水新闻|澜露直播,http://1.94.31.214/php/qilu.php?id=jissxw
泗水文化|澜露直播,http://1.94.31.214/php/qilu.php?id=jisswh
鱼台新闻|澜露直播,http://1.94.31.214/php/qilu.php?id=jiytxw
鱼台生活|澜露直播,http://1.94.31.214/php/qilu.php?id=jiytsh
兖州新闻|澜露直播,http://1.94.31.214/php/qilu.php?id=jiyzxw
兖州生活|澜露直播,http://1.94.31.214/php/qilu.php?id=jiyzsh
成武综合|澜露直播,http://1.94.31.214/php/qilu.php?id=hzcwzh
成武综艺|澜露直播,http://1.94.31.214/php/qilu.php?id=hzcwzy
曹县综合|澜露直播,http://1.94.31.214/php/qilu.php?id=hzcxzh
东明|澜露直播,http://1.94.31.214/php/qilu.php?id=hzdmxw
定陶1|澜露直播,http://1.94.31.214/php/qilu.php?id=hzdt1
定陶2|澜露直播,http://1.94.31.214/php/qilu.php?id=hzdt2
鄄城综合|澜露直播,http://1.94.31.214/php/qilu.php?id=hzjczh
巨野新闻|澜露直播,http://1.94.31.214/php/qilu.php?id=hzjyxw
牡丹新闻|澜露直播,http://1.94.31.214/php/qilu.php?id=hzmdxw
牡丹综艺|澜露直播,http://1.94.31.214/php/qilu.php?id=hzmdzy
单县综合|澜露直播,http://1.94.31.214/php/qilu.php?id=hzsxzh
郓城新闻|澜露直播,http://1.94.31.214/php/qilu.php?id=hzycxw
郓城综艺|澜露直播,http://1.94.31.214/php/qilu.php?id=hzyczy
山亭综合|澜露直播,http://1.94.31.214/php/qilu.php?id=zzstzh
市中综合|澜露直播,http://1.94.31.214/php/qilu.php?id=zzszzh
滕州综合|澜露直播,http://1.94.31.214/php/qilu.php?id=zztzzh
薛城新闻|澜露直播,http://1.94.31.214/php/qilu.php?id=zzxcxw
峄城综合|澜露直播,http://1.94.31.214/php/qilu.php?id=zzyczh
台儿庄新闻|澜露直播,http://1.94.31.214/php/qilu.php?id=zztezxw
东营区新闻|澜露直播,http://1.94.31.214/php/qilu.php?id=dydyqxw
东营区科教|澜露直播,http://1.94.31.214/php/qilu.php?id=dydyqkj
广饶新闻|澜露直播,http://1.94.31.214/php/qilu.php?id=dygrzh
利津新闻|澜露直播,http://1.94.31.214/php/qilu.php?id=dyljzh
利津文化|澜露直播,http://1.94.31.214/php/qilu.php?id=dyljwh
潍坊滨海新闻|澜露直播,http://1.94.31.214/php/qilu.php?id=wfbhxw
昌乐综合|澜露直播,http://1.94.31.214/php/qilu.php?id=wfclzh
昌邑综合|澜露直播,http://1.94.31.214/php/qilu.php?id=wfcyzh
昌邑经济|澜露直播,http://1.94.31.214/php/qilu.php?id=wfcyjj
坊子综合|澜露直播,http://1.94.31.214/php/qilu.php?id=wffzxw
高密综合|澜露直播,http://1.94.31.214/php/qilu.php?id=wfgmzh
高密党建|澜露直播,http://1.94.31.214/php/qilu.php?id=wfgmdj
潍坊高新区|澜露直播,http://1.94.31.214/php/qilu.php?id=wfgxq
寒亭综合|澜露直播,http://1.94.31.214/php/qilu.php?id=wfhtxw
临朐综合|澜露直播,http://1.94.31.214/php/qilu.php?id=wflqxw
青州综合|澜露直播,http://1.94.31.214/php/qilu.php?id=wfqzzh
潍城|澜露直播,http://1.94.31.214/php/qilu.php?id=wfwc
奎文|澜露直播,http://1.94.31.214/php/qilu.php?id=wfkwtv
安丘综合|澜露直播,http://1.94.31.214/php/qilu.php?id=wfaqzh
陵城综合|澜露直播,http://1.94.31.214/php/qilu.php?id=dzlczh
乐陵综合|澜露直播,http://1.94.31.214/php/qilu.php?id=dzllxw
乐陵综艺|澜露直播,http://1.94.31.214/php/qilu.php?id=dzllcs
临邑|澜露直播,http://1.94.31.214/php/qilu.php?id=dzly1
宁津综合|澜露直播,http://1.94.31.214/php/qilu.php?id=dznjzh
平原综合|澜露直播,http://1.94.31.214/php/qilu.php?id=dzpyzh
齐河综合|澜露直播,http://1.94.31.214/php/qilu.php?id=dzqhzh
庆云综合|澜露直播,http://1.94.31.214/php/qilu.php?id=dzqyzh
庆云生活|澜露直播,http://1.94.31.214/php/qilu.php?id=dzqysh
武城综合|澜露直播,http://1.94.31.214/php/qilu.php?id=dzwczh
武城综艺|澜露直播,http://1.94.31.214/php/qilu.php?id=dzwczy
夏津综合|澜露直播,http://1.94.31.214/php/qilu.php?id=dzxjzh
夏津公共|澜露直播,http://1.94.31.214/php/qilu.php?id=dzxjgg
禹城综合|澜露直播,http://1.94.31.214/php/qilu.php?id=dzyczh
禹城综艺|澜露直播,http://1.94.31.214/php/qilu.php?id=dzyczy
环翠TV|澜露直播,http://1.94.31.214/php/qilu.php?id=whhczh
荣成综合|澜露直播,http://1.94.31.214/php/qilu.php?id=whrczh
荣成生活|澜露直播,http://1.94.31.214/php/qilu.php?id=whrcsh
乳山综合|澜露直播,http://1.94.31.214/php/qilu.php?id=whrszh
乳山生活|澜露直播,http://1.94.31.214/php/qilu.php?id=whrssh
文登2|澜露直播,http://1.94.31.214/php/qilu.php?id=whwd2
滨城TV|澜露直播,http://1.94.31.214/php/qilu.php?id=bzbctv
博兴综合|澜露直播,http://1.94.31.214/php/qilu.php?id=bzbxzh
博兴生活|澜露直播,http://1.94.31.214/php/qilu.php?id=bzbxsh
惠民综合|澜露直播,http://1.94.31.214/php/qilu.php?id=bzhmzh
惠民影视|澜露直播,http://1.94.31.214/php/qilu.php?id=bzhmys
无棣综合|澜露直播,http://1.94.31.214/php/qilu.php?id=bzwdzh
无棣综艺|澜露直播,http://1.94.31.214/php/qilu.php?id=bzwdzy
阳信综合|澜露直播,http://1.94.31.214/php/qilu.php?id=bzyxxw
邹平综合|澜露直播,http://1.94.31.214/php/qilu.php?id=bzzpzh
邹平民生|澜露直播,http://1.94.31.214/php/qilu.php?id=bzzpms
沾化综合|澜露直播,http://1.94.31.214/php/qilu.php?id=bzzhzh
沾化综艺|澜露直播,http://1.94.31.214/php/qilu.php?id=bzzhzy
博山新闻|澜露直播,http://1.94.31.214/php/qilu.php?id=zbbsxw
博山图文|澜露直播,http://1.94.31.214/php/qilu.php?id=zbbstw
高青综合|澜露直播,http://1.94.31.214/php/qilu.php?id=zbgqzh
高青影视|澜露直播,http://1.94.31.214/php/qilu.php?id=zbgqys
桓台综合|澜露直播,http://1.94.31.214/php/qilu.php?id=zbht1
桓台影视|澜露直播,http://1.94.31.214/php/qilu.php?id=zbht2
临淄新闻|澜露直播,http://1.94.31.214/php/qilu.php?id=zblzxw
临淄生活|澜露直播,http://1.94.31.214/php/qilu.php?id=zblzsh
沂源综合|澜露直播,http://1.94.31.214/php/qilu.php?id=zbyyzh
沂源生活|澜露直播,http://1.94.31.214/php/qilu.php?id=zbyysh
淄川新闻|澜露直播,http://1.94.31.214/php/qilu.php?id=zbzcxw
淄川生活|澜露直播,http://1.94.31.214/php/qilu.php?id=zbzcsh
张店综合|澜露直播,http://1.94.31.214/php/qilu.php?id=zbzd1
张店图文|澜露直播,http://1.94.31.214/php/qilu.php?id=zbzd2
茌平综合|澜露直播,http://1.94.31.214/php/qilu.php?id=lccpzh
茌平生活|澜露直播,http://1.94.31.214/php/qilu.php?id=lccpsh
东昌|澜露直播,http://1.94.31.214/php/qilu.php?id=lcdczh
东阿综合|澜露直播,http://1.94.31.214/php/qilu.php?id=lcdezh
东阿综艺|澜露直播,http://1.94.31.214/php/qilu.php?id=lcdezy
高唐综合|澜露直播,http://1.94.31.214/php/qilu.php?id=lcgtzh
高唐综艺|澜露直播,http://1.94.31.214/php/qilu.php?id=lcgtzy
冠县综合|澜露直播,http://1.94.31.214/php/qilu.php?id=lcgxzh
临清综合|澜露直播,http://1.94.31.214/php/qilu.php?id=lclqzh
临清经济|澜露直播,http://1.94.31.214/php/qilu.php?id=lclqjj
莘县综合|澜露直播,http://1.94.31.214/php/qilu.php?id=lcsxzh
莘县生活|澜露直播,http://1.94.31.214/php/qilu.php?id=lcsxsh
阳谷综合|澜露直播,http://1.94.31.214/php/qilu.php?id=lcygzh
阳谷影视|澜露直播,http://1.94.31.214/php/qilu.php?id=lcygys
东平综合|澜露直播,http://1.94.31.214/php/qilu.php?id=tadpzh
东平民生|澜露直播,http://1.94.31.214/php/qilu.php?id=tadpms
岱岳|澜露直播,http://1.94.31.214/php/qilu.php?id=tady
肥城生活|澜露直播,http://1.94.31.214/php/qilu.php?id=tafcsh
宁阳1|澜露直播,http://1.94.31.214/php/qilu.php?id=tany1
宁阳2|澜露直播,http://1.94.31.214/php/qilu.php?id=tany2
泰山|澜露直播,http://1.94.31.214/php/qilu.php?id=tats
山东新闻|澜露直播,http://58.57.223.226:8200/hls/19/index.m3u8
山东齐鲁|澜露直播,http://nw.jiayinkeji.xin/migunew/gtqilu.php?id=qlpd
山东综艺|澜露直播,http://nw.jiayinkeji.xin/migunew/gtqilu.php?id=yxzy
山东生活|澜露直播,http://nw.jiayinkeji.xin/migunew/gtqilu.php?id=yxsh
山东文旅|澜露直播,http://nw.jiayinkeji.xin/migunew/gtqilu.php?id=yxys
山东农科|澜露直播,http://nw.jiayinkeji.xin/migunew/gtqilu.php?id=nkpd
山东体育|澜露直播,http://nw.jiayinkeji.xin/migunew/gtqilu.php?id=typd
济宁综合|澜露直播,https://srs.jnnews.tv/video/JTV-1/index.m3u8
济宁生活|澜露直播,https://srs.jnnews.tv/video/JTV-2/index.m3u8
济宁公共|澜露直播,https://srs.jnnews.tv/video/JTV-3/index.m3u8
菏泽1|澜露直播,http://live.hznet.tv:1935/live/live1/500K/tzwj_video.m3u8
菏泽2|澜露直播,http://live.hznet.tv:1935/live/live2/500K/tzwj_video.m3u8
东平综合|澜露直播,http://47.109.155.164/爱齐鲁.php?id=tadpzh
东平生活|澜露直播,http://47.109.155.164/爱齐鲁.php?id=tadpsh
岱岳TV|澜露直播,http://47.109.155.164/爱齐鲁.php?id=tady
泰山TV|澜露直播,http://47.109.155.164/爱齐鲁.php?id=tats
肥城综合|澜露直播,http://47.109.155.164/爱齐鲁.php?id=tafczh
宁阳综合|澜露直播,http://47.109.155.164/爱齐鲁.php?id=tany1
新泰综合|澜露直播,http://47.109.155.164/爱齐鲁.php?id=taxtzh
长清新闻|澜露直播,http://47.109.155.164/爱齐鲁.php?id=jncqxw
济铁电视台|澜露直播,http://47.109.155.164/爱齐鲁.php?id=jnjrtv
济阳综合|澜露直播,http://47.109.155.164/爱齐鲁.php?id=jnjyzh
历城新闻综合|澜露直播,http://47.109.155.164/爱齐鲁.php?id=jnlcxw
平阴综合|澜露直播,http://47.109.155.164/爱齐鲁.php?id=jnpyzh
商河综合|澜露直播,http://47.109.155.164/爱齐鲁.php?id=jnshzh
章丘综合|澜露直播,http://47.109.155.164/爱齐鲁.php?id=jnzqzh
东营新闻综合|澜露直播,http://47.109.155.164/爱齐鲁.php?id=dyxwzh
东营区新闻综合|澜露直播,http://47.109.155.164/爱齐鲁.php?id=dydyqxw
广饶综合|澜露直播,http://47.109.155.164/爱齐鲁.php?id=dygrzh
垦利新闻综合|澜露直播,http://47.109.155.164/爱齐鲁.php?id=dyklzh
利津综合|澜露直播,http://47.109.155.164/爱齐鲁.php?id=dyljzh
城阳综合|澜露直播,http://47.109.155.164/爱齐鲁.php?id=qdcytv
黄岛综合|澜露直播,http://47.109.155.164/爱齐鲁.php?id=qdhdzh
即墨综合|澜露直播,http://47.109.155.164/爱齐鲁.php?id=qdjmzh
胶州综合|澜露直播,http://47.109.155.164/爱齐鲁.php?id=qdjzzh
李沧TV|澜露直播,http://47.109.155.164/爱齐鲁.php?id=qdlc
崂山TV|澜露直播,http://47.109.155.164/爱齐鲁.php?id=qdls
莱西综合|澜露直播,http://47.109.155.164/爱齐鲁.php?id=qdlxzh
平度新闻综合|澜露直播,http://47.109.155.164/爱齐鲁.php?id=qdpdxw
潍坊新闻综合|澜露直播,http://47.109.155.164/爱齐鲁.php?id=wfxwzh
潍坊科教文旅|澜露直播,http://47.109.155.164/爱齐鲁.php?id=wfkjwl
潍坊高新区|澜露直播,http://47.109.155.164/爱齐鲁.php?id=wfgxq
安丘综合|澜露直播,http://47.109.155.164/爱齐鲁.php?id=wfaqzh
滨海新闻综合|澜露直播,http://47.109.155.164/爱齐鲁.php?id=wfbhxw
昌乐综合|澜露直播,http://47.109.155.164/爱齐鲁.php?id=wfclzh
昌邑综合|澜露直播,http://47.109.155.164/爱齐鲁.php?id=wfcyzh
坊子新闻综合|澜露直播,http://47.109.155.164/爱齐鲁.php?id=wffzxw
高密综合|澜露直播,http://47.109.155.164/爱齐鲁.php?id=wfgmzh
寒亭新闻|澜露直播,http://47.109.155.164/爱齐鲁.php?id=wfhtxw
奎文电视台|澜露直播,http://47.109.155.164/爱齐鲁.php?id=wfkwtv
临朐新闻综合|澜露直播,http://47.109.155.164/爱齐鲁.php?id=wflqzh
青州综合|澜露直播,http://47.109.155.164/爱齐鲁.php?id=wfqzzh
潍城TV|澜露直播,http://47.109.155.164/爱齐鲁.php?id=wfwc
诸城新闻综合|澜露直播,http://47.109.155.164/爱齐鲁.php?id=wfzczh
寿光综合|澜露直播,http://47.109.155.164/爱齐鲁.php?id=wfsgzh
长岛TV|澜露直播,http://47.109.155.164/爱齐鲁.php?id=ytcd
福山综合|澜露直播,http://47.109.155.164/爱齐鲁.php?id=ytfszh
海阳综合|澜露直播,http://47.109.155.164/爱齐鲁.php?id=ythyzh
龙口综合|澜露直播,http://47.109.155.164/爱齐鲁.php?id=ytlkzh
莱山综合|澜露直播,http://47.109.155.164/爱齐鲁.php?id=ytlszh
莱阳综合|澜露直播,http://47.109.155.164/爱齐鲁.php?id=ytlyzh
莱州综合|澜露直播,http://47.109.155.164/爱齐鲁.php?id=ytlzzh
牟平综合|澜露直播,http://47.109.155.164/爱齐鲁.php?id=ytmpzh
蓬莱综合|澜露直播,http://47.109.155.164/爱齐鲁.php?id=ytplzh
栖霞综合|澜露直播,http://47.109.155.164/爱齐鲁.php?id=ytqxzh
招远综合|澜露直播,http://47.109.155.164/爱齐鲁.php?id=ytzyzh
博山新闻|澜露直播,http://47.109.155.164/爱齐鲁.php?id=zbbsxw
高青综合|澜露直播,http://47.109.155.164/爱齐鲁.php?id=zbgqzh
桓台综合|澜露直播,http://47.109.155.164/爱齐鲁.php?id=zbht1
临淄新闻综合|澜露直播,http://47.109.155.164/爱齐鲁.php?id=zblzxw
临淄生活服务|澜露直播,http://47.109.155.164/爱齐鲁.php?id=zblzsh
沂源综合|澜露直播,http://47.109.155.164/爱齐鲁.php?id=zbyyzh
淄川新闻|澜露直播,http://47.109.155.164/爱齐鲁.php?id=zbzcxw
张店1|澜露直播,http://47.109.155.164/爱齐鲁.php?id=zbzd1
周村新闻|澜露直播,http://47.109.155.164/爱齐鲁.php?id=zbzctv1
山亭综合|澜露直播,http://47.109.155.164/爱齐鲁.php?id=zzstzh
枣庄市中综合|澜露直播,http://47.109.155.164/爱齐鲁.php?id=zzszzh
滕州综合|澜露直播,http://47.109.155.164/爱齐鲁.php?id=zztzxw
薛城新闻综合|澜露直播,http://47.109.155.164/爱齐鲁.php?id=zzxcxw
峄城综合|澜露直播,http://47.109.155.164/爱齐鲁.php?id=zzyczh
滨城TV|澜露直播,http://47.109.155.164/爱齐鲁.php?id=bzbctv
博兴综合|澜露直播,http://47.109.155.164/爱齐鲁.php?id=bzbxzh
惠民综合|澜露直播,http://47.109.155.164/爱齐鲁.php?id=bzhmzh
无棣综合|澜露直播,http://47.109.155.164/爱齐鲁.php?id=bzwdzh
阳信新闻综合|澜露直播,http://47.109.155.164/爱齐鲁.php?id=bzyxxw
沾化综合|澜露直播,http://47.109.155.164/爱齐鲁.php?id=bzzhzh
邹平综合|澜露直播,http://47.109.155.164/爱齐鲁.php?id=bzzpzh
德州新闻综合|澜露直播,http://47.109.155.164/爱齐鲁.php?id=dzxwzh
陵城综合|澜露直播,http://47.109.155.164/爱齐鲁.php?id=dzlczh
乐陵新闻综合|澜露直播,http://47.109.155.164/爱齐鲁.php?id=dzllxw
临邑1|澜露直播,http://47.109.155.164/爱齐鲁.php?id=dzly1
宁津综合|澜露直播,http://47.109.155.164/爱齐鲁.php?id=dznjzh
平原综合|澜露直播,http://47.109.155.164/爱齐鲁.php?id=dzpyzh
庆云综合|澜露直播,http://47.109.155.164/爱齐鲁.php?id=dzqyzh
武城综合|澜露直播,http://47.109.155.164/爱齐鲁.php?id=dzwczh
夏津综合|澜露直播,http://47.109.155.164/爱齐鲁.php?id=dzxjzh
禹城综合|澜露直播,http://47.109.155.164/爱齐鲁.php?id=dzyczh
成武综合|澜露直播,http://47.109.155.164/爱齐鲁.php?id=hzcwzh
曹县综合|澜露直播,http://47.109.155.164/爱齐鲁.php?id=hzcxzh
东明新闻综合|澜露直播,http://47.109.155.164/爱齐鲁.php?id=hzdmxw
定陶新闻|澜露直播,http://47.109.155.164/爱齐鲁.php?id=hzdt1
定陶综艺|澜露直播,http://47.109.155.164/爱齐鲁.php?id=hzdt2
鄄城综合|澜露直播,http://47.109.155.164/爱齐鲁.php?id=hzjczh
巨野新闻|澜露直播,http://47.109.155.164/爱齐鲁.php?id=hzjyxw
牡丹区新闻综合|澜露直播,http://47.109.155.164/爱齐鲁.php?id=hzmdxw
单县综合|澜露直播,http://47.109.155.164/爱齐鲁.php?id=hzsxzh
郓城新闻|澜露直播,http://47.109.155.164/爱齐鲁.php?id=hzycxw
嘉祥综合|澜露直播,http://47.109.155.164/爱齐鲁.php?id=jijiazh
金乡综合|澜露直播,http://47.109.155.164/爱齐鲁.php?id=jijxzh
梁山综合|澜露直播,http://47.109.155.164/爱齐鲁.php?id=jilszh
曲阜新闻综合|澜露直播,http://47.109.155.164/爱齐鲁.php?id=jiqfxw
任城新闻综合|澜露直播,http://47.109.155.164/爱齐鲁.php?id=jircxw
泗水新闻综合|澜露直播,http://47.109.155.164/爱齐鲁.php?id=jissxw
汶上综合|澜露直播,http://47.109.155.164/爱齐鲁.php?id=jiwszh
鱼台新闻|澜露直播,http://47.109.155.164/爱齐鲁.php?id=jiytxw
兖州新闻|澜露直播,http://47.109.155.164/爱齐鲁.php?id=jiyzxw
邹城综合|澜露直播,http://47.109.155.164/爱齐鲁.php?id=jizczh
茌平综合|澜露直播,http://47.109.155.164/爱齐鲁.php?id=lccpzh
东昌综合|澜露直播,http://47.109.155.164/爱齐鲁.php?id=lcdczh
东阿综合|澜露直播,http://47.109.155.164/爱齐鲁.php?id=lcdezh
高唐综合|澜露直播,http://47.109.155.164/爱齐鲁.php?id=lcgtzh
冠县综合|澜露直播,http://47.109.155.164/爱齐鲁.php?id=lcgxzh
临清综合|澜露直播,http://47.109.155.164/爱齐鲁.php?id=lclqzh
莘县综合|澜露直播,http://47.109.155.164/爱齐鲁.php?id=lcsxzh
阳谷综合|澜露直播,http://47.109.155.164/爱齐鲁.php?id=lcygzh
费县综合|澜露直播,http://47.109.155.164/爱齐鲁.php?id=lyfxzh
河东综合|澜露直播,http://47.109.155.164/爱齐鲁.php?id=lyhdzh
莒南综合|澜露直播,http://47.109.155.164/爱齐鲁.php?id=lyjnzh
兰陵综合|澜露直播,http://47.109.155.164/爱齐鲁.php?id=lyllzh
兰山综合|澜露直播,http://47.109.155.164/爱齐鲁.php?id=lylszh
临沭综合|澜露直播,http://47.109.155.164/爱齐鲁.php?id=lyls1
罗庄综合|澜露直播,http://47.109.155.164/爱齐鲁.php?id=lylzzh
蒙阴综合|澜露直播,http://47.109.155.164/爱齐鲁.php?id=lymy1
平邑综合|澜露直播,http://47.109.155.164/爱齐鲁.php?id=lypyzh
郯城综合|澜露直播,http://47.109.155.164/爱齐鲁.php?id=lytc1
沂南综合|澜露直播,http://47.109.155.164/爱齐鲁.php?id=lyynzh
沂水综合|澜露直播,http://47.109.155.164/爱齐鲁.php?id=lyys1
莒县综合|澜露直播,http://47.109.155.164/爱齐鲁.php?id=rzjx1
岚山TV|澜露直播,http://47.109.155.164/爱齐鲁.php?id=rzls
五莲综合|澜露直播,http://47.109.155.164/爱齐鲁.php?id=rzwlzh
威海新闻综合|澜露直播,http://47.109.155.164/爱齐鲁.php?id=whxwzh
威海环翠综合|澜露直播,http://47.109.155.164/爱齐鲁.php?id=whhczh
荣成综合|澜露直播,http://47.109.155.164/爱齐鲁.php?id=whrczh
乳山综合|澜露直播,http://47.109.155.164/爱齐鲁.php?id=whrszh
文登TV1|澜露直播,http://47.109.155.164/爱齐鲁.php?id=whwd1
齐鲁|澜露直播,http://43.138.196.212/q0l.php?id=qlpd
济阳综合|澜露直播,http://43.138.196.212/q0l.php?id=jnjyzh
济阳影视|澜露直播,http://43.138.196.212/q0l.php?id=jnjyys
商河综合|澜露直播,http://43.138.196.212/q0l.php?id=jnshzh
商河影视|澜露直播,http://43.138.196.212/q0l.php?id=jnshys
长清综合|澜露直播,http://43.138.196.212/q0l.php?id=jncqxw
长清生活|澜露直播,http://43.138.196.212/q0l.php?id=jncqsh
章丘综合|澜露直播,http://43.138.196.212/q0l.php?id=jnzq1
章丘TV-2|澜露直播,http://43.138.196.212/q0l.php?id=jnzq2
平阴综合|澜露直播,http://43.138.196.212/q0l.php?id=jnpyzh
平阴生活|澜露直播,http://43.138.196.212/q0l.php?id=jnpysh
济铁电视台|澜露直播,http://43.138.196.212/q0l.php?id=jnjrtv
平度新闻综合|澜露直播,http://43.138.196.212/q0l.php?id=qdpdxw
平度生活服务|澜露直播,http://43.138.196.212/q0l.php?id=qdpdsh
李沧|澜露直播,http://43.138.196.212/q0l.php?id=qdlc
莱西生活|澜露直播,http://43.138.196.212/q0l.php?id=qdlxsh
崂山|澜露直播,http://43.138.196.212/q0l.php?id=qdls
胶州综合|澜露直播,http://43.138.196.212/q0l.php?id=qdjzxw
胶州生活|澜露直播,http://43.138.196.212/q0l.php?id=qdjzsh
博山新闻|澜露直播,http://43.138.196.212/q0l.php?id=zbbsxw
博山图文|澜露直播,http://43.138.196.212/q0l.php?id=zbbstw
桓台综合|澜露直播,http://43.138.196.212/q0l.php?id=zbht1
桓台影视|澜露直播,http://43.138.196.212/q0l.php?id=zbht2
高青综合|澜露直播,http://43.138.196.212/q0l.php?id=zbgqzh
高青影视|澜露直播,http://43.138.196.212/q0l.php?id=zbgqys
淄川新闻|澜露直播,http://43.138.196.212/q0l.php?id=zbzcxw
淄川生活|澜露直播,http://43.138.196.212/q0l.php?id=zbzcsh
张店综合|澜露直播,http://43.138.196.212/q0l.php?id=zbzd1
临淄新闻综合|澜露直播,http://43.138.196.212/q0l.php?id=zblzxw
沂源生活|澜露直播,http://43.138.196.212/q0l.php?id=zbyysh
山亭综合|澜露直播,http://43.138.196.212/q0l.php?id=zzstzh
利津综合|澜露直播,http://43.138.196.212/q0l.php?id=dyljxw
利津文化生活|澜露直播,http://43.138.196.212/q0l.php?id=dyljwh
东营区综合|澜露直播,http://43.138.196.212/q0l.php?id=dyqxw
广饶综合|澜露直播,http://43.138.196.212/q0l.php?id=dygrxw
招远综合|澜露直播,http://43.138.196.212/q0l.php?id=ytzyzh
招远综艺|澜露直播,http://43.138.196.212/q0l.php?id=ytzyzy
龙口综合|澜露直播,http://43.138.196.212/q0l.php?id=ytlkzh
龙口生活|澜露直播,http://43.138.196.212/q0l.php?id=ytlksh
蓬莱新闻|澜露直播,http://43.138.196.212/q0l.php?id=ytplxw
蓬莱综合|澜露直播,http://43.138.196.212/q0l.php?id=ytplzh
栖霞综合|澜露直播,http://43.138.196.212/q0l.php?id=ytqxzh
栖霞苹果|澜露直播,http://43.138.196.212/q0l.php?id=ytqxpg
长岛|澜露直播,http://43.138.196.212/q0l.php?id=ytcd
福山综合|澜露直播,http://43.138.196.212/q0l.php?id=ytfszh
莱州综合|澜露直播,http://43.138.196.212/q0l.php?id=ytlzzh
莱阳综合|澜露直播,http://43.138.196.212/q0l.php?id=ytlyxw
莱阳民生综艺|澜露直播,http://43.138.196.212/q0l.php?id=ytlyms
莱山综合|澜露直播,http://43.138.196.212/q0l.php?id=ytlszh
莱山影视|澜露直播,http://43.138.196.212/q0l.php?id=ytlsys
海阳综合|澜露直播,http://43.138.196.212/q0l.php?id=ythyzh
牟平新闻|澜露直播,http://43.138.196.212/q0l.php?id=ytmpxw
潍坊新闻综合|澜露直播,http://43.138.196.212/q0l.php?id=wfxwzh
潍坊生活|澜露直播,http://43.138.196.212/q0l.php?id=wfsh
潍坊影视综艺|澜露直播,http://43.138.196.212/q0l.php?id=wfyswy
潍坊科教文旅|澜露直播,http://43.138.196.212/q0l.php?id=wfkjwl
潍坊高新区|澜露直播,http://43.138.196.212/q0l.php?id=wfgxq
昌乐综合|澜露直播,http://43.138.196.212/q0l.php?id=wfclxw
潍城TV|澜露直播,http://43.138.196.212/q0l.php?id=wfwc
高密综合|澜露直播,http://43.138.196.212/q0l.php?id=wfgmxw
青州综合|澜露直播,http://43.138.196.212/q0l.php?id=wfqzzh
奎文|澜露直播,http://43.138.196.212/q0l.php?id=wfkw
寒亭新闻|澜露直播,http://43.138.196.212/q0l.php?id=wfhtxw
安丘综合|澜露直播,http://43.138.196.212/q0l.php?id=wfaqxw
安丘民生|澜露直播,http://43.138.196.212/q0l.php?id=wfaqms
临朐综合|澜露直播,http://43.138.196.212/q0l.php?id=wflqxw
鱼台新闻|澜露直播,http://43.138.196.212/q0l.php?id=jiytxw
任城综合|澜露直播,http://43.138.196.212/q0l.php?id=jircxw
梁山综合|澜露直播,http://43.138.196.212/q0l.php?id=jilszh
泗水新闻综合|澜露直播,http://43.138.196.212/q0l.php?id=jissxw
泗水文化生活|澜露直播,http://43.138.196.212/q0l.php?id=jisswh
金乡生活|澜露直播,http://43.138.196.212/q0l.php?id=jijxsh
邹城综合|澜露直播,http://43.138.196.212/q0l.php?id=jizcxw
邹城文化生活|澜露直播,http://43.138.196.212/q0l.php?id=jizcwh
兖州新闻|澜露直播,http://43.138.196.212/q0l.php?id=jiyzxw
肥城综合|澜露直播,http://43.138.196.212/q0l.php?id=tafczh
肥城生活|澜露直播,http://43.138.196.212/q0l.php?id=tafcsh
宁阳2|澜露直播,http://43.138.196.212/q0l.php?id=tany2
东平综合|澜露直播,http://43.138.196.212/q0l.php?id=tadpxw
岱岳TV|澜露直播,http://43.138.196.212/q0l.php?id=tady
威海新闻综合|澜露直播,http://43.138.196.212/q0l.php?id=whxwzh
威海都市生活|澜露直播,http://43.138.196.212/q0l.php?id=whgg
威海海洋|澜露直播,http://43.138.196.212/q0l.php?id=whhy
荣成综合|澜露直播,http://43.138.196.212/q0l.php?id=whrczh
荣成生活|澜露直播,http://43.138.196.212/q0l.php?id=whrcsh
莒县综合|澜露直播,http://43.138.196.212/q0l.php?id=rzjx1
莒县新闻|澜露直播,http://43.138.196.212/q0l.php?id=rzjxxw
五莲文化旅游|澜露直播,http://43.138.196.212/q0l.php?id=rzwlwh
无棣综合|澜露直播,http://43.138.196.212/q0l.php?id=bzwdzh
无棣综艺|澜露直播,http://43.138.196.212/q0l.php?id=bzwdzy
惠民综合|澜露直播,http://43.138.196.212/q0l.php?id=bzhmzh
惠民影视|澜露直播,http://43.138.196.212/q0l.php?id=bzhmys
阳信新闻综合|澜露直播,http://43.138.196.212/q0l.php?id=bzyxxw
庆云综合|澜露直播,http://43.138.196.212/q0l.php?id=dzqyxw
武城综合|澜露直播,http://43.138.196.212/q0l.php?id=dzwcxw
武城综艺影视|澜露直播,http://43.138.196.212/q0l.php?id=dzwczy
陵城综合|澜露直播,http://43.138.196.212/q0l.php?id=dzlcxw
夏津综合|澜露直播,http://43.138.196.212/q0l.php?id=dzxjzh
夏津公共|澜露直播,http://43.138.196.212/q0l.php?id=dzxjgg
禹城综艺|澜露直播,http://43.138.196.212/q0l.php?id=dzyczy
乐陵新闻综合|澜露直播,http://43.138.196.212/q0l.php?id=dzllxw
乐陵城市生活|澜露直播,http://43.138.196.212/q0l.php?id=dzllcs
茌平综合|澜露直播,http://43.138.196.212/q0l.php?id=lccpzh
茌平生活|澜露直播,http://43.138.196.212/q0l.php?id=lccpsh
临清综合[768*576]|澜露直播,http://43.138.196.212/q0l.php?id=lclqzh
临清经济信息[768*576]|澜露直播,http://43.138.196.212/q0l.php?id=lclqjj
冠县综合|澜露直播,http://43.138.196.212/q0l.php?id=lcgxzh
莘县2|澜露直播,http://43.138.196.212/q0l.php?id=lcsx2
费县综合|澜露直播,http://43.138.196.212/q0l.php?id=lyfxzh
郯城TV-1|澜露直播,http://43.138.196.212/q0l.php?id=lytc1
郯城TV-2|澜露直播,http://43.138.196.212/q0l.php?id=lytc2
莒南影视|澜露直播,http://43.138.196.212/q0l.php?id=lyjnys
兰陵综合|澜露直播,http://43.138.196.212/q0l.php?id=lyllzh
兰陵公共|澜露直播,http://43.138.196.212/q0l.php?id=lyllgg
沂水综合|澜露直播,http://43.138.196.212/q0l.php?id=lyys1
沂水生活|澜露直播,http://43.138.196.212/q0l.php?id=lyys2
罗庄综合|澜露直播,http://43.138.196.212/q0l.php?id=lylzzh
临沭综合|澜露直播,http://43.138.196.212/q0l.php?id=lyls1
临沭生活|澜露直播,http://43.138.196.212/q0l.php?id=lyls2
河东影视|澜露直播,http://43.138.196.212/q0l.php?id=lyhdys
平邑综合|澜露直播,http://43.138.196.212/q0l.php?id=lypyxw
曹县综合|澜露直播,http://43.138.196.212/q0l.php?id=hzcxxw
郓城新闻|澜露直播,http://43.138.196.212/q0l.php?id=hzycxw
郓城综艺|澜露直播,http://43.138.196.212/q0l.php?id=hzyczy
鄄城综合|澜露直播,http://43.138.196.212/q0l.php?id=hzjczh
单县综合|澜露直播,http://43.138.196.212/q0l.php?id=hzsxzhz
济南新闻综合|澜露直播,http://140.210.9.53:8800/SuanFaZhibo/live5/shandong/jinan.php?id=1676
济南都市|澜露直播,http://140.210.9.53:8800/SuanFaZhibo/live5/shandong/jinan.php?id=1807
济南文旅体育|澜露直播,http://140.210.9.53:8800/SuanFaZhibo/live5/shandong/jinan.php?id=1842
济南生活|澜露直播,http://140.210.9.53:8800/SuanFaZhibo/live5/shandong/jinan.php?id=1855
济南少儿|澜露直播,http://140.210.9.53:8800/SuanFaZhibo/live5/shandong/jinan.php?id=2234
济南鲁中|澜露直播,http://140.210.9.53:8800/SuanFaZhibo/live5/shandong/jinan.php?id=1857
联通烟台公共|澜露直播,http://xiaole51.3322.org:7000/rtp/239.253.248.252:8000
联通烟台新闻|澜露直播,http://xiaole51.3322.org:7000/rtp/239.253.248.254:8000
联通烟台影视|澜露直播,http://xiaole51.3322.org:7000/rtp/239.253.248.250:8000
山东齐鲁|澜露直播,http://yp.qqqtv.top/1/api.php?id=%E5%B1%B1%E4%B8%9C%E9%BD%90%E9%B2%81&auth=666858
山东体育休闲|澜露直播,http://yp.qqqtv.top/1/api.php?id=%E5%B1%B1%E4%B8%9C%E4%BD%93%E8%82%B2%E4%BC%91%E9%97%B2&auth=666858
山东农科|澜露直播,http://yp.qqqtv.top/1/api.php?id=%E5%B1%B1%E4%B8%9C%E5%86%9C%E7%A7%91&auth=666858
山东新闻|澜露直播,http://yp.qqqtv.top/1/api.php?id=%E5%B1%B1%E4%B8%9C%E6%96%B0%E9%97%BB&auth=666858
山东少儿|澜露直播,http://yp.qqqtv.top/1/api.php?id=%E5%B1%B1%E4%B8%9C%E5%B0%91%E5%84%BF&auth=666858
山东文旅|澜露直播,http://yp.qqqtv.top/1/api.php?id=%E5%B1%B1%E4%B8%9C%E6%96%87%E6%97%85&auth=666858
山东综艺|澜露直播,http://yp.qqqtv.top/1/api.php?id=%E5%B1%B1%E4%B8%9C%E7%BB%BC%E8%89%BA&auth=666858
山东生活|澜露直播,http://yp.qqqtv.top/1/api.php?id=%E5%B1%B1%E4%B8%9C%E7%94%9F%E6%B4%BB&auth=666858
山东居家购物|澜露直播,http://yp.qqqtv.top/1/api.php?id=%E5%B1%B1%E4%B8%9C%E5%B1%85%E5%AE%B6%E8%B4%AD%E7%89%A9&auth=666858
收藏天下|澜露直播,http://yp.qqqtv.top/1/api.php?id=%E6%94%B6%E8%97%8F%E5%A4%A9%E4%B8%8B&auth=666858
山东教育卫视|澜露直播,http://yp.qqqtv.top/1/api.php?id=%E5%B1%B1%E4%B8%9C%E6%95%99%E8%82%B2%E5%8D%AB%E8%A7%86&auth=666858
海洋|澜露直播,http://yp.qqqtv.top/1/api.php?id=%E6%B5%B7%E6%B4%8B%E9%A2%91%E9%81%93&auth=666858
济南新闻|澜露直播,http://yp.qqqtv.top/1/api.php?id=%E6%B5%8E%E5%8D%97%E6%96%B0%E9%97%BB&auth=666858
济南都市|澜露直播,http://yp.qqqtv.top/1/api.php?id=%E6%B5%8E%E5%8D%97%E9%83%BD%E5%B8%82&auth=666858
济南文旅体育|澜露直播,http://yp.qqqtv.top/1/api.php?id=%E6%B5%8E%E5%8D%97%E6%96%87%E6%97%85%E4%BD%93%E8%82%B2&auth=666858
济南生活|澜露直播,http://yp.qqqtv.top/1/api.php?id=%E6%B5%8E%E5%8D%97%E7%94%9F%E6%B4%BB&auth=666858
济南少儿|澜露直播,http://yp.qqqtv.top/1/api.php?id=%E6%B5%8E%E5%8D%97%E5%B0%91%E5%84%BF&auth=666858
济南鲁中|澜露直播,http://yp.qqqtv.top/1/api.php?id=%E6%B5%8E%E5%8D%97%E9%B2%81%E4%B8%AD&auth=666858
济南城市|澜露直播,http://yp.qqqtv.top/1/api.php?id=%E6%B5%8E%E5%8D%97%E5%9F%8E%E5%B8%82&auth=666858
济南地铁|澜露直播,http://yp.qqqtv.top/1/api.php?id=%E6%B5%8E%E5%8D%97%E5%9C%B0%E9%93%81&auth=666858
济南移动|澜露直播,http://yp.qqqtv.top/1/api.php?id=%E6%B5%8E%E5%8D%97%E7%A7%BB%E5%8A%A8&auth=666858
济南教育|澜露直播,http://yp.qqqtv.top/1/api.php?id=%E6%B5%8E%E5%8D%97%E6%95%99%E8%82%B2&auth=666858
青岛新闻综合|澜露直播,http://yp.qqqtv.top/1/api.php?id=%E9%9D%92%E5%B2%9B%E6%96%B0%E9%97%BB%E7%BB%BC%E5%90%88&auth=666858
青岛生活服务|澜露直播,http://yp.qqqtv.top/1/api.php?id=%E9%9D%92%E5%B2%9B%E7%94%9F%E6%B4%BB%E6%9C%8D%E5%8A%A1&auth=666858
青岛影视|澜露直播,http://yp.qqqtv.top/1/api.php?id=%E9%9D%92%E5%B2%9B%E5%BD%B1%E8%A7%86%E9%A2%91%E9%81%93&auth=666858
青岛休闲资讯|澜露直播,http://yp.qqqtv.top/1/api.php?id=%E9%9D%92%E5%B2%9B%E4%BC%91%E9%97%B2%E8%B5%84%E8%AE%AF&auth=666858
青岛都市|澜露直播,http://yp.qqqtv.top/1/api.php?id=%E9%9D%92%E5%B2%9B%E9%83%BD%E5%B8%82%E9%A2%91%E9%81%93&auth=666858
青岛教育|澜露直播,http://yp.qqqtv.top/1/api.php?id=%E9%9D%92%E5%B2%9B%E6%95%99%E8%82%B2%E9%A2%91%E9%81%93&auth=666858
青岛李沧|澜露直播,http://yp.qqqtv.top/1/api.php?id=%E9%9D%92%E5%B2%9B%E6%9D%8E%E6%B2%A7%E9%A2%91%E9%81%93&auth=666858
青岛城阳|澜露直播,http://yp.qqqtv.top/1/api.php?id=%E9%9D%92%E5%B2%9B%E5%9F%8E%E9%98%B3%E9%A2%91%E9%81%93&auth=666858
日照新闻综合|澜露直播,http://yp.qqqtv.top/1/api.php?id=%E6%97%A5%E7%85%A7%E6%96%B0%E9%97%BB%E7%BB%BC%E5%90%88&auth=666858
日照公共|澜露直播,http://yp.qqqtv.top/1/api.php?id=%E6%97%A5%E7%85%A7%E5%85%AC%E5%85%B1%E9%A2%91%E9%81%93&auth=666858
日照科教|澜露直播,http://yp.qqqtv.top/1/api.php?id=%E6%97%A5%E7%85%A7%E7%A7%91%E6%95%99%E9%A2%91%E9%81%93&auth=666858
烟台新闻综合|澜露直播,http://yp.qqqtv.top/1/api.php?id=%E7%83%9F%E5%8F%B0%E6%96%B0%E9%97%BB%E7%BB%BC%E5%90%88&auth=666858
烟台公共|澜露直播,http://yp.qqqtv.top/1/api.php?id=%E7%83%9F%E5%8F%B0%E5%85%AC%E5%85%B1%E9%A2%91%E9%81%93&auth=666858
烟台影视|澜露直播,http://yp.qqqtv.top/1/api.php?id=%E7%83%9F%E5%8F%B0%E5%BD%B1%E8%A7%86%E9%A2%91%E9%81%93&auth=666858
临沂综合|澜露直播,http://yp.qqqtv.top/1/api.php?id=%E4%B8%B4%E6%B2%82%E7%BB%BC%E5%90%88%E9%A2%91%E9%81%93&auth=666858
临沂经济|澜露直播,http://yp.qqqtv.top/1/api.php?id=%E4%B8%B4%E6%B2%82%E7%BB%8F%E6%B5%8E%E9%A2%91%E9%81%93&auth=666858
临沂公共|澜露直播,http://yp.qqqtv.top/1/api.php?id=%E4%B8%B4%E6%B2%82%E5%85%AC%E5%85%B1%E9%A2%91%E9%81%93&auth=666858
济宁综合|澜露直播,http://yp.qqqtv.top/1/api.php?id=%E6%B5%8E%E5%AE%81%E7%BB%BC%E5%90%88%E9%A2%91%E9%81%93&auth=666858
济宁生活|澜露直播,http://yp.qqqtv.top/1/api.php?id=%E6%B5%8E%E5%AE%81%E7%94%9F%E6%B4%BB%E9%A2%91%E9%81%93&auth=666858
济宁公共|澜露直播,http://yp.qqqtv.top/1/api.php?id=%E6%B5%8E%E5%AE%81%E5%85%AC%E5%85%B1%E9%A2%91%E9%81%93&auth=666858
菏泽新闻综合|澜露直播,http://yp.qqqtv.top/1/api.php?id=%E8%8F%8F%E6%B3%BD%E6%96%B0%E9%97%BB%E7%BB%BC%E5%90%88&auth=666858
菏泽经济生活|澜露直播,http://yp.qqqtv.top/1/api.php?id=%E8%8F%8F%E6%B3%BD%E7%BB%8F%E6%B5%8E%E7%94%9F%E6%B4%BB&auth=666858
菏泽影视|澜露直播,http://yp.qqqtv.top/1/api.php?id=%E8%8F%8F%E6%B3%BD%E5%BD%B1%E8%A7%86%E9%A2%91%E9%81%93&auth=666858
枣庄新闻综合|澜露直播,http://yp.qqqtv.top/1/api.php?id=%E6%9E%A3%E5%BA%84%E6%96%B0%E9%97%BB%E7%BB%BC%E5%90%88&auth=666858
枣庄经济生活|澜露直播,http://yp.qqqtv.top/1/api.php?id=%E6%9E%A3%E5%BA%84%E7%BB%8F%E6%B5%8E%E7%94%9F%E6%B4%BB&auth=666858
枣庄公共|澜露直播,http://yp.qqqtv.top/1/api.php?id=%E6%9E%A3%E5%BA%84%E5%85%AC%E5%85%B1%E9%A2%91%E9%81%93&auth=666858
东营新闻综合|澜露直播,http://yp.qqqtv.top/1/api.php?id=%E4%B8%9C%E8%90%A5%E6%96%B0%E9%97%BB%E7%BB%BC%E5%90%88&auth=666858
东营公共|澜露直播,http://yp.qqqtv.top/1/api.php?id=%E4%B8%9C%E8%90%A5%E5%85%AC%E5%85%B1%E9%A2%91%E9%81%93&auth=666858
东营科教|澜露直播,http://yp.qqqtv.top/1/api.php?id=%E4%B8%9C%E8%90%A5%E7%A7%91%E6%95%99%E9%A2%91%E9%81%93&auth=666858
潍坊新闻综合|澜露直播,http://yp.qqqtv.top/1/api.php?id=%E6%BD%8D%E5%9D%8A%E6%96%B0%E9%97%BB%E7%BB%BC%E5%90%88&auth=666858
潍坊经济生活|澜露直播,http://yp.qqqtv.top/1/api.php?id=%E6%BD%8D%E5%9D%8A%E7%BB%8F%E6%B5%8E%E7%94%9F%E6%B4%BB&auth=666858
潍坊影视综艺|澜露直播,http://yp.qqqtv.top/1/api.php?id=%E6%BD%8D%E5%9D%8A%E5%BD%B1%E8%A7%86%E7%BB%BC%E8%89%BA&auth=666858
潍坊科教文旅|澜露直播,http://yp.qqqtv.top/1/api.php?id=%E6%BD%8D%E5%9D%8A%E7%A7%91%E6%95%99%E6%96%87%E6%97%85&auth=666858
德州新闻|澜露直播,http://yp.qqqtv.top/1/api.php?id=%E5%BE%B7%E5%B7%9E%E6%96%B0%E9%97%BB%E9%A2%91%E9%81%93&auth=666858
德州经济生活|澜露直播,http://yp.qqqtv.top/1/api.php?id=%E5%BE%B7%E5%B7%9E%E7%BB%8F%E6%B5%8E%E7%94%9F%E6%B4%BB&auth=666858
威海综合|澜露直播,http://yp.qqqtv.top/1/api.php?id=%E5%A8%81%E6%B5%B7%E7%BB%BC%E5%90%88%E9%A2%91%E9%81%93&auth=666858
威海都市生活|澜露直播,http://yp.qqqtv.top/1/api.php?id=%E5%A8%81%E6%B5%B7%E9%83%BD%E5%B8%82%E7%94%9F%E6%B4%BB&auth=666858
威海海洋|澜露直播,http://yp.qqqtv.top/1/api.php?id=%E5%A8%81%E6%B5%B7%E6%B5%B7%E6%B4%8B%E9%A2%91%E9%81%93&auth=666858
滨州新闻综合|澜露直播,http://yp.qqqtv.top/1/api.php?id=%E6%BB%A8%E5%B7%9E%E6%96%B0%E9%97%BB%E7%BB%BC%E5%90%88&auth=666858
滨州民生|澜露直播,http://yp.qqqtv.top/1/api.php?id=%E6%BB%A8%E5%B7%9E%E6%B0%91%E7%94%9F%E9%A2%91%E9%81%93&auth=666858
聊城新闻综合|澜露直播,http://yp.qqqtv.top/1/api.php?id=%E8%81%8A%E5%9F%8E%E6%96%B0%E9%97%BB%E7%BB%BC%E5%90%88&auth=666858
聊城民生|澜露直播,http://yp.qqqtv.top/1/api.php?id=%E8%81%8A%E5%9F%8E%E6%B0%91%E7%94%9F%E9%A2%91%E9%81%93&auth=666858
泰安综合|澜露直播,http://yp.qqqtv.top/1/api.php?id=%E6%B3%B0%E5%AE%89%E7%BB%BC%E5%90%88%E9%A2%91%E9%81%93&auth=666858
泰安经济生活|澜露直播,http://yp.qqqtv.top/1/api.php?id=%E6%B3%B0%E5%AE%89%E7%BB%8F%E6%B5%8E%E7%94%9F%E6%B4%BB&auth=666858
长清新闻综合|澜露直播,http://yp.qqqtv.top/1/api.php?id=%E9%95%BF%E6%B8%85%E6%96%B0%E9%97%BB%E7%BB%BC%E5%90%88&auth=666858
济阳综合|澜露直播,http://yp.qqqtv.top/1/api.php?id=%E6%B5%8E%E9%98%B3%E7%BB%BC%E5%90%88%E9%A2%91%E9%81%93&auth=666858
济阳影视|澜露直播,http://yp.qqqtv.top/1/api.php?id=%E6%B5%8E%E9%98%B3%E5%BD%B1%E8%A7%86%E9%A2%91%E9%81%93&auth=666858
历城综合|澜露直播,http://yp.qqqtv.top/1/api.php?id=%E5%8E%86%E5%9F%8E%E7%BB%BC%E5%90%88%E9%A2%91%E9%81%93&auth=666858
平阴综合|澜露直播,http://yp.qqqtv.top/1/api.php?id=%E5%B9%B3%E9%98%B4%E7%BB%BC%E5%90%88%E9%A2%91%E9%81%93&auth=666858
平阴生活|澜露直播,http://yp.qqqtv.top/1/api.php?id=%E5%B9%B3%E9%98%B4%E7%94%9F%E6%B4%BB%E9%A2%91%E9%81%93&auth=666858
商河综合|澜露直播,http://yp.qqqtv.top/1/api.php?id=%E5%95%86%E6%B2%B3%E7%BB%BC%E5%90%88%E9%A2%91%E9%81%93&auth=666858
商河影视|澜露直播,http://yp.qqqtv.top/1/api.php?id=%E5%95%86%E6%B2%B3%E5%BD%B1%E8%A7%86%E9%A2%91%E9%81%93&auth=666858
章丘综合|澜露直播,http://yp.qqqtv.top/1/api.php?id=%E7%AB%A0%E4%B8%98%E7%BB%BC%E5%90%88%E9%A2%91%E9%81%93&auth=666858
章丘公共|澜露直播,http://yp.qqqtv.top/1/api.php?id=%E7%AB%A0%E4%B8%98%E5%85%AC%E5%85%B1%E9%A2%91%E9%81%93&auth=666858
黄岛新闻综合|澜露直播,http://yp.qqqtv.top/1/api.php?id=%E9%BB%84%E5%B2%9B%E6%96%B0%E9%97%BB%E7%BB%BC%E5%90%88&auth=666858
黄岛生活财经|澜露直播,http://yp.qqqtv.top/1/api.php?id=%E9%BB%84%E5%B2%9B%E7%94%9F%E6%B4%BB%E8%B4%A2%E7%BB%8F&auth=666858
即墨新闻综合|澜露直播,http://yp.qqqtv.top/1/api.php?id=%E5%8D%B3%E5%A2%A8%E6%96%B0%E9%97%BB%E7%BB%BC%E5%90%88&auth=666858
即墨生活服务|澜露直播,http://yp.qqqtv.top/1/api.php?id=%E5%8D%B3%E5%A2%A8%E7%94%9F%E6%B4%BB%E6%9C%8D%E5%8A%A1&auth=666858
胶州新闻|澜露直播,http://yp.qqqtv.top/1/api.php?id=%E8%83%B6%E5%B7%9E%E6%96%B0%E9%97%BB%E9%A2%91%E9%81%93&auth=666858
胶州生活|澜露直播,http://yp.qqqtv.top/1/api.php?id=%E8%83%B6%E5%B7%9E%E7%94%9F%E6%B4%BB%E9%A2%91%E9%81%93&auth=666858
崂山电视台|澜露直播,http://yp.qqqtv.top/1/api.php?id=%E5%B4%82%E5%B1%B1%E7%94%B5%E8%A7%86%E5%8F%B0&auth=666858
莱西综合|澜露直播,http://yp.qqqtv.top/1/api.php?id=%E8%8E%B1%E8%A5%BF%E7%BB%BC%E5%90%88%E9%A2%91%E9%81%93&auth=666858
莱西生活|澜露直播,http://yp.qqqtv.top/1/api.php?id=%E8%8E%B1%E8%A5%BF%E7%94%9F%E6%B4%BB%E9%A2%91%E9%81%93&auth=666858
平度新闻综合|澜露直播,http://yp.qqqtv.top/1/api.php?id=%E5%B9%B3%E5%BA%A6%E6%96%B0%E9%97%BB%E7%BB%BC%E5%90%88&auth=666858
平度生活服务|澜露直播,http://yp.qqqtv.top/1/api.php?id=%E5%B9%B3%E5%BA%A6%E7%94%9F%E6%B4%BB%E6%9C%8D%E5%8A%A1&auth=666858
莒县电视一套|澜露直播,http://yp.qqqtv.top/1/api.php?id=%E8%8E%92%E5%8E%BF%E7%94%B5%E8%A7%86%E4%B8%80%E5%A5%97&auth=666858
莒县电视二套|澜露直播,http://yp.qqqtv.top/1/api.php?id=%E8%8E%92%E5%8E%BF%E7%94%B5%E8%A7%86%E4%BA%8C%E5%A5%97&auth=666858
岚山综合|澜露直播,http://yp.qqqtv.top/1/api.php?id=%E5%B2%9A%E5%B1%B1%E7%BB%BC%E5%90%88%E9%A2%91%E9%81%93&auth=666858
五莲新闻综合|澜露直播,http://yp.qqqtv.top/1/api.php?id=%E4%BA%94%E8%8E%B2%E6%96%B0%E9%97%BB%E7%BB%BC%E5%90%88&auth=666858
五莲文化旅游|澜露直播,http://yp.qqqtv.top/1/api.php?id=%E4%BA%94%E8%8E%B2%E6%96%87%E5%8C%96%E6%97%85%E6%B8%B8&auth=666858
长岛综合|澜露直播,http://yp.qqqtv.top/1/api.php?id=%E9%95%BF%E5%B2%9B%E7%BB%BC%E5%90%88%E9%A2%91%E9%81%93&auth=666858
福山综合|澜露直播,http://yp.qqqtv.top/1/api.php?id=%E7%A6%8F%E5%B1%B1%E7%BB%BC%E5%90%88%E9%A2%91%E9%81%93&auth=666858
海阳新闻综合|澜露直播,http://yp.qqqtv.top/1/api.php?id=%E6%B5%B7%E9%98%B3%E6%96%B0%E9%97%BB%E7%BB%BC%E5%90%88&auth=666858
龙口新闻综合|澜露直播,http://yp.qqqtv.top/1/api.php?id=%E9%BE%99%E5%8F%A3%E6%96%B0%E9%97%BB%E7%BB%BC%E5%90%88&auth=666858
龙口生活|澜露直播,http://yp.qqqtv.top/1/api.php?id=%E9%BE%99%E5%8F%A3%E7%94%9F%E6%B4%BB%E9%A2%91%E9%81%93&auth=666858
莱山综合|澜露直播,http://yp.qqqtv.top/1/api.php?id=%E8%8E%B1%E5%B1%B1%E7%BB%BC%E5%90%88%E9%A2%91%E9%81%93&auth=666858
莱山影视|澜露直播,http://yp.qqqtv.top/1/api.php?id=%E8%8E%B1%E5%B1%B1%E5%BD%B1%E8%A7%86%E9%A2%91%E9%81%93&auth=666858
莱阳新闻综合|澜露直播,http://yp.qqqtv.top/1/api.php?id=%E8%8E%B1%E9%98%B3%E6%96%B0%E9%97%BB%E7%BB%BC%E5%90%88&auth=666858
莱阳民生综艺|澜露直播,http://yp.qqqtv.top/1/api.php?id=%E8%8E%B1%E9%98%B3%E6%B0%91%E7%94%9F%E7%BB%BC%E8%89%BA&auth=666858
莱州综合|澜露直播,http://yp.qqqtv.top/1/api.php?id=%E8%8E%B1%E5%B7%9E%E7%BB%BC%E5%90%88%E9%A2%91%E9%81%93&auth=666858
牟平综合|澜露直播,http://yp.qqqtv.top/1/api.php?id=%E7%89%9F%E5%B9%B3%E7%BB%BC%E5%90%88%E9%A2%91%E9%81%93&auth=666858
蓬莱新闻|澜露直播,http://yp.qqqtv.top/1/api.php?id=%E8%93%AC%E8%8E%B1%E6%96%B0%E9%97%BB%E9%A2%91%E9%81%93&auth=666858
蓬莱综合|澜露直播,http://yp.qqqtv.top/1/api.php?id=%E8%93%AC%E8%8E%B1%E7%BB%BC%E5%90%88%E9%A2%91%E9%81%93&auth=666858
栖霞市新闻|澜露直播,http://yp.qqqtv.top/1/api.php?id=%E6%A0%96%E9%9C%9E%E5%B8%82%E6%96%B0%E9%97%BB%E9%A2%91%E9%81%93&auth=666858
栖霞市苹果|澜露直播,http://yp.qqqtv.top/1/api.php?id=%E6%A0%96%E9%9C%9E%E5%B8%82%E8%8B%B9%E6%9E%9C%E9%A2%91%E9%81%93&auth=666858
招远综合|澜露直播,http://yp.qqqtv.top/1/api.php?id=%E6%8B%9B%E8%BF%9C%E7%BB%BC%E5%90%88%E9%A2%91%E9%81%93&auth=666858
招远综艺|澜露直播,http://yp.qqqtv.top/1/api.php?id=%E6%8B%9B%E8%BF%9C%E7%BB%BC%E8%89%BA%E9%A2%91%E9%81%93&auth=666858
费县综合|澜露直播,http://yp.qqqtv.top/1/api.php?id=%E8%B4%B9%E5%8E%BF%E7%BB%BC%E5%90%88%E9%A2%91%E9%81%93&auth=666858
费县生活|澜露直播,http://yp.qqqtv.top/1/api.php?id=%E8%B4%B9%E5%8E%BF%E7%94%9F%E6%B4%BB%E9%A2%91%E9%81%93&auth=666858
河东综合|澜露直播,http://yp.qqqtv.top/1/api.php?id=%E6%B2%B3%E4%B8%9C%E7%BB%BC%E5%90%88%E9%A2%91%E9%81%93&auth=666858
河东影视|澜露直播,http://yp.qqqtv.top/1/api.php?id=%E6%B2%B3%E4%B8%9C%E5%BD%B1%E8%A7%86%E9%A2%91%E9%81%93&auth=666858
莒南综合|澜露直播,http://yp.qqqtv.top/1/api.php?id=%E8%8E%92%E5%8D%97%E7%BB%BC%E5%90%88%E9%A2%91%E9%81%93&auth=666858
莒南影视|澜露直播,http://yp.qqqtv.top/1/api.php?id=%E8%8E%92%E5%8D%97%E5%BD%B1%E8%A7%86%E9%A2%91%E9%81%93&auth=666858
兰山综合|澜露直播,http://yp.qqqtv.top/1/api.php?id=%E5%85%B0%E5%B1%B1%E7%BB%BC%E5%90%88%E9%A2%91%E9%81%93&auth=666858
兰陵综合|澜露直播,http://yp.qqqtv.top/1/api.php?id=%E5%85%B0%E9%99%B5%E7%BB%BC%E5%90%88%E9%A2%91%E9%81%93&auth=666858
临沭综合|澜露直播,http://yp.qqqtv.top/1/api.php?id=%E4%B8%B4%E6%B2%AD%E7%BB%BC%E5%90%88%E9%A2%91%E9%81%93&auth=666858
临沭生活|澜露直播,http://yp.qqqtv.top/1/api.php?id=%E4%B8%B4%E6%B2%AD%E7%94%9F%E6%B4%BB%E9%A2%91%E9%81%93&auth=666858
罗庄新闻综合|澜露直播,http://yp.qqqtv.top/1/api.php?id=%E7%BD%97%E5%BA%84%E6%96%B0%E9%97%BB%E7%BB%BC%E5%90%88&auth=666858
罗庄影视|澜露直播,http://yp.qqqtv.top/1/api.php?id=%E7%BD%97%E5%BA%84%E5%BD%B1%E8%A7%86%E9%A2%91%E9%81%93&auth=666858
蒙阴综合|澜露直播,http://yp.qqqtv.top/1/api.php?id=%E8%92%99%E9%98%B4%E7%BB%BC%E5%90%88&auth=666858
蒙阴二套|澜露直播,http://yp.qqqtv.top/1/api.php?id=%E8%92%99%E9%98%B4%E4%BA%8C%E5%A5%97&auth=666858
平邑新闻|澜露直播,http://yp.qqqtv.top/1/api.php?id=%E5%B9%B3%E9%82%91%E6%96%B0%E9%97%BB%E9%A2%91%E9%81%93&auth=666858
平邑生活|澜露直播,http://yp.qqqtv.top/1/api.php?id=%E5%B9%B3%E9%82%91%E7%94%9F%E6%B4%BB%E9%A2%91%E9%81%93&auth=666858
郯城综合|澜露直播,http://yp.qqqtv.top/1/api.php?id=%E9%83%AF%E5%9F%8E%E7%BB%BC%E5%90%88%E9%A2%91%E9%81%93&auth=666858
郯城电视二套|澜露直播,http://yp.qqqtv.top/1/api.php?id=%E9%83%AF%E5%9F%8E%E7%94%B5%E8%A7%86%E4%BA%8C%E5%A5%97&auth=666858
沂南综合|澜露直播,http://yp.qqqtv.top/1/api.php?id=%E6%B2%82%E5%8D%97%E7%BB%BC%E5%90%88%E9%A2%91%E9%81%93&auth=666858
沂南红色影视|澜露直播,http://yp.qqqtv.top/1/api.php?id=%E6%B2%82%E5%8D%97%E7%BA%A2%E8%89%B2%E5%BD%B1%E8%A7%86&auth=666858
沂水综合|澜露直播,http://yp.qqqtv.top/1/api.php?id=%E6%B2%82%E6%B0%B4%E7%BB%BC%E5%90%88&auth=666858
沂水生活|澜露直播,http://yp.qqqtv.top/1/api.php?id=%E6%B2%82%E6%B0%B4%E7%94%9F%E6%B4%BB&auth=666858
金乡新闻|澜露直播,http://yp.qqqtv.top/1/api.php?id=%E9%87%91%E4%B9%A1%E6%96%B0%E9%97%BB%E9%A2%91%E9%81%93&auth=666858
金乡生活|澜露直播,http://yp.qqqtv.top/1/api.php?id=%E9%87%91%E4%B9%A1%E7%94%9F%E6%B4%BB%E9%A2%91%E9%81%93&auth=666858
嘉祥综合|澜露直播,http://yp.qqqtv.top/1/api.php?id=%E5%98%89%E7%A5%A5%E7%BB%BC%E5%90%88%E9%A2%91%E9%81%93&auth=666858
嘉祥生活|澜露直播,http://yp.qqqtv.top/1/api.php?id=%E5%98%89%E7%A5%A5%E7%94%9F%E6%B4%BB%E9%A2%91%E9%81%93&auth=666858
梁山新闻综合|澜露直播,http://yp.qqqtv.top/1/api.php?id=%E6%A2%81%E5%B1%B1%E6%96%B0%E9%97%BB%E7%BB%BC%E5%90%88&auth=666858
曲阜新闻|澜露直播,http://yp.qqqtv.top/1/api.php?id=%E6%9B%B2%E9%98%9C%E6%96%B0%E9%97%BB%E9%A2%91%E9%81%93&auth=666858
任城新闻生活|澜露直播,http://yp.qqqtv.top/1/api.php?id=%E4%BB%BB%E5%9F%8E%E6%96%B0%E9%97%BB%E7%94%9F%E6%B4%BB&auth=666858
任城影视娱乐|澜露直播,http://yp.qqqtv.top/1/api.php?id=%E4%BB%BB%E5%9F%8E%E5%BD%B1%E8%A7%86%E5%A8%B1%E4%B9%90&auth=666858
泗水新闻综合|澜露直播,http://yp.qqqtv.top/1/api.php?id=%E6%B3%97%E6%B0%B4%E6%96%B0%E9%97%BB%E7%BB%BC%E5%90%88&auth=666858
泗水文化生活|澜露直播,http://yp.qqqtv.top/1/api.php?id=%E6%B3%97%E6%B0%B4%E6%96%87%E5%8C%96%E7%94%9F%E6%B4%BB&auth=666858
微山电视一套|澜露直播,http://yp.qqqtv.top/1/api.php?id=%E5%BE%AE%E5%B1%B1%E7%94%B5%E8%A7%86%E4%B8%80%E5%A5%97&auth=666858
微山电视二套|澜露直播,http://yp.qqqtv.top/1/api.php?id=%E5%BE%AE%E5%B1%B1%E7%94%B5%E8%A7%86%E4%BA%8C%E5%A5%97&auth=666858
汶上新闻|澜露直播,http://yp.qqqtv.top/1/api.php?id=%E6%B1%B6%E4%B8%8A%E6%96%B0%E9%97%BB%E9%A2%91%E9%81%93&auth=666858
汶上生活|澜露直播,http://yp.qqqtv.top/1/api.php?id=%E6%B1%B6%E4%B8%8A%E7%94%9F%E6%B4%BB%E9%A2%91%E9%81%93&auth=666858
鱼台综合|澜露直播,http://yp.qqqtv.top/1/api.php?id=%E9%B1%BC%E5%8F%B0%E7%BB%BC%E5%90%88%E9%A2%91%E9%81%93&auth=666858
鱼台生活|澜露直播,http://yp.qqqtv.top/1/api.php?id=%E9%B1%BC%E5%8F%B0%E7%94%9F%E6%B4%BB%E9%A2%91%E9%81%93&auth=666858
兖州新闻|澜露直播,http://yp.qqqtv.top/1/api.php?id=%E5%85%96%E5%B7%9E%E6%96%B0%E9%97%BB%E9%A2%91%E9%81%93&auth=666858
兖州生活|澜露直播,http://yp.qqqtv.top/1/api.php?id=%E5%85%96%E5%B7%9E%E7%94%9F%E6%B4%BB%E9%A2%91%E9%81%93&auth=666858
邹城新闻综合|澜露直播,http://yp.qqqtv.top/1/api.php?id=%E9%82%B9%E5%9F%8E%E6%96%B0%E9%97%BB%E7%BB%BC%E5%90%88&auth=666858
邹城文化生活|澜露直播,http://yp.qqqtv.top/1/api.php?id=%E9%82%B9%E5%9F%8E%E6%96%87%E5%8C%96%E7%94%9F%E6%B4%BB&auth=666858
成武综合|澜露直播,http://yp.qqqtv.top/1/api.php?id=%E6%88%90%E6%AD%A6%E7%BB%BC%E5%90%88%E9%A2%91%E9%81%93&auth=666858
成武综艺|澜露直播,http://yp.qqqtv.top/1/api.php?id=%E6%88%90%E6%AD%A6%E7%BB%BC%E8%89%BA%E9%A2%91%E9%81%93&auth=666858
曹县新闻综合|澜露直播,http://yp.qqqtv.top/1/api.php?id=%E6%9B%B9%E5%8E%BF%E6%96%B0%E9%97%BB%E7%BB%BC%E5%90%88&auth=666858
东明新闻综合|澜露直播,http://yp.qqqtv.top/1/api.php?id=%E4%B8%9C%E6%98%8E%E6%96%B0%E9%97%BB%E7%BB%BC%E5%90%88&auth=666858
定陶新闻|澜露直播,http://yp.qqqtv.top/1/api.php?id=%E5%AE%9A%E9%99%B6%E6%96%B0%E9%97%BB%E9%A2%91%E9%81%93&auth=666858
定陶综艺|澜露直播,http://yp.qqqtv.top/1/api.php?id=%E5%AE%9A%E9%99%B6%E7%BB%BC%E8%89%BA%E9%A2%91%E9%81%93&auth=666858
鄄城综合|澜露直播,http://yp.qqqtv.top/1/api.php?id=%E9%84%84%E5%9F%8E%E7%BB%BC%E5%90%88%E9%A2%91%E9%81%93&auth=666858
巨野新闻|澜露直播,http://yp.qqqtv.top/1/api.php?id=%E5%B7%A8%E9%87%8E%E6%96%B0%E9%97%BB%E9%A2%91%E9%81%93&auth=666858
牡丹新闻综合|澜露直播,http://yp.qqqtv.top/1/api.php?id=%E7%89%A1%E4%B8%B9%E6%96%B0%E9%97%BB%E7%BB%BC%E5%90%88&auth=666858
牡丹综艺|澜露直播,http://yp.qqqtv.top/1/api.php?id=%E7%89%A1%E4%B8%B9%E7%BB%BC%E8%89%BA%E9%A2%91%E9%81%93&auth=666858
单县综合|澜露直播,http://yp.qqqtv.top/1/api.php?id=%E5%8D%95%E5%8E%BF%E7%BB%BC%E5%90%88%E9%A2%91%E9%81%93&auth=666858
郓城综合|澜露直播,http://yp.qqqtv.top/1/api.php?id=%E9%83%93%E5%9F%8E%E7%BB%BC%E5%90%88%E9%A2%91%E9%81%93&auth=666858
郓城民生综艺|澜露直播,http://yp.qqqtv.top/1/api.php?id=%E9%83%93%E5%9F%8E%E6%B0%91%E7%94%9F%E7%BB%BC%E8%89%BA&auth=666858
山亭综合|澜露直播,http://yp.qqqtv.top/1/api.php?id=%E5%B1%B1%E4%BA%AD%E7%BB%BC%E5%90%88%E9%A2%91%E9%81%93&auth=666858
枣庄市中区综合|澜露直播,http://yp.qqqtv.top/1/api.php?id=%E6%9E%A3%E5%BA%84%E5%B8%82%E4%B8%AD%E5%8C%BA%E7%BB%BC%E5%90%88&auth=666858
薛城新闻综合|澜露直播,http://yp.qqqtv.top/1/api.php?id=%E8%96%9B%E5%9F%8E%E6%96%B0%E9%97%BB%E7%BB%BC%E5%90%88&auth=666858
峄城综合|澜露直播,http://yp.qqqtv.top/1/api.php?id=%E5%B3%84%E5%9F%8E%E7%BB%BC%E5%90%88%E9%A2%91%E9%81%93&auth=666858
台儿庄新闻综合|澜露直播,http://yp.qqqtv.top/1/api.php?id=%E5%8F%B0%E5%84%BF%E5%BA%84%E6%96%B0%E9%97%BB%E7%BB%BC%E5%90%88&auth=666858
东营区新闻综合|澜露直播,http://yp.qqqtv.top/1/api.php?id=%E4%B8%9C%E8%90%A5%E5%8C%BA%E6%96%B0%E9%97%BB%E7%BB%BC%E5%90%88&auth=666858
东营区科教影视|澜露直播,http://yp.qqqtv.top/1/api.php?id=%E4%B8%9C%E8%90%A5%E5%8C%BA%E7%A7%91%E6%95%99%E5%BD%B1%E8%A7%86&auth=666858
广饶新闻综合|澜露直播,http://yp.qqqtv.top/1/api.php?id=%E5%B9%BF%E9%A5%B6%E6%96%B0%E9%97%BB%E7%BB%BC%E5%90%88&auth=666858
广饶科教文艺|澜露直播,http://yp.qqqtv.top/1/api.php?id=%E5%B9%BF%E9%A5%B6%E7%A7%91%E6%95%99%E6%96%87%E8%89%BA&auth=666858
垦利新闻|澜露直播,http://yp.qqqtv.top/1/api.php?id=%E5%9E%A6%E5%88%A9%E6%96%B0%E9%97%BB%E9%A2%91%E9%81%93&auth=666858
利津新闻|澜露直播,http://yp.qqqtv.top/1/api.php?id=%E5%88%A9%E6%B4%A5%E6%96%B0%E9%97%BB%E9%A2%91%E9%81%93&auth=666858
利津文化生活|澜露直播,http://yp.qqqtv.top/1/api.php?id=%E5%88%A9%E6%B4%A5%E6%96%87%E5%8C%96%E7%94%9F%E6%B4%BB&auth=666858
昌乐新闻综合|澜露直播,http://yp.qqqtv.top/1/api.php?id=%E6%98%8C%E4%B9%90%E6%96%B0%E9%97%BB%E7%BB%BC%E5%90%88&auth=666858
昌邑综合|澜露直播,http://yp.qqqtv.top/1/api.php?id=%E6%98%8C%E9%82%91%E7%BB%BC%E5%90%88%E9%A2%91%E9%81%93&auth=666858
昌邑经济生活|澜露直播,http://yp.qqqtv.top/1/api.php?id=%E6%98%8C%E9%82%91%E7%BB%8F%E6%B5%8E%E7%94%9F%E6%B4%BB&auth=666858
坊子新闻综合|澜露直播,http://yp.qqqtv.top/1/api.php?id=%E5%9D%8A%E5%AD%90%E6%96%B0%E9%97%BB%E7%BB%BC%E5%90%88&auth=666858
高密综合|澜露直播,http://yp.qqqtv.top/1/api.php?id=%E9%AB%98%E5%AF%86%E7%BB%BC%E5%90%88%E9%A2%91%E9%81%93&auth=666858
高密党建农科|澜露直播,http://yp.qqqtv.top/1/api.php?id=%E9%AB%98%E5%AF%86%E5%85%9A%E5%BB%BA%E5%86%9C%E7%A7%91&auth=666858
潍坊高新区电视|澜露直播,http://yp.qqqtv.top/1/api.php?id=%E6%BD%8D%E5%9D%8A%E9%AB%98%E6%96%B0%E5%8C%BA%E7%94%B5%E8%A7%86&auth=666858
寒亭综合|澜露直播,http://yp.qqqtv.top/1/api.php?id=%E5%AF%92%E4%BA%AD%E7%BB%BC%E5%90%88%E9%A2%91%E9%81%93&auth=666858
奎文综合|澜露直播,http://yp.qqqtv.top/1/api.php?id=%E5%A5%8E%E6%96%87%E7%BB%BC%E5%90%88%E9%A2%91%E9%81%93&auth=666858
临朐综合|澜露直播,http://yp.qqqtv.top/1/api.php?id=%E4%B8%B4%E6%9C%90%E7%BB%BC%E5%90%88%E9%A2%91%E9%81%93&auth=666858
青州综合|澜露直播,http://yp.qqqtv.top/1/api.php?id=%E9%9D%92%E5%B7%9E%E7%BB%BC%E5%90%88%E9%A2%91%E9%81%93&auth=666858
青州文化旅游|澜露直播,http://yp.qqqtv.top/1/api.php?id=%E9%9D%92%E5%B7%9E%E6%96%87%E5%8C%96%E6%97%85%E6%B8%B8&auth=666858
寿光新闻|澜露直播,http://yp.qqqtv.top/1/api.php?id=%E5%AF%BF%E5%85%89%E6%96%B0%E9%97%BB%E9%A2%91%E9%81%93&auth=666858
寿光蔬菜|澜露直播,http://yp.qqqtv.top/1/api.php?id=%E5%AF%BF%E5%85%89%E8%94%AC%E8%8F%9C%E9%A2%91%E9%81%93&auth=666858
潍城综合|澜露直播,http://yp.qqqtv.top/1/api.php?id=%E6%BD%8D%E5%9F%8E%E7%BB%BC%E5%90%88%E9%A2%91%E9%81%93&auth=666858
诸城新闻综合|澜露直播,http://yp.qqqtv.top/1/api.php?id=%E8%AF%B8%E5%9F%8E%E6%96%B0%E9%97%BB%E7%BB%BC%E5%90%88&auth=666858
诸城生活娱乐|澜露直播,http://yp.qqqtv.top/1/api.php?id=%E8%AF%B8%E5%9F%8E%E7%94%9F%E6%B4%BB%E5%A8%B1%E4%B9%90&auth=666858
潍坊奎文|澜露直播,http://yp.qqqtv.top/1/api.php?id=%E6%BD%8D%E5%9D%8A%E5%A5%8E%E6%96%87%E9%A2%91%E9%81%93&auth=666858
潍坊寒亭|澜露直播,http://yp.qqqtv.top/1/api.php?id=%E6%BD%8D%E5%9D%8A%E5%AF%92%E4%BA%AD%E9%A2%91%E9%81%93&auth=666858
潍坊青州|澜露直播,http://yp.qqqtv.top/1/api.php?id=%E6%BD%8D%E5%9D%8A%E9%9D%92%E5%B7%9E%E9%A2%91%E9%81%93&auth=666858
潍坊安丘|澜露直播,http://yp.qqqtv.top/1/api.php?id=%E6%BD%8D%E5%9D%8A%E5%AE%89%E4%B8%98%E9%A2%91%E9%81%93&auth=666858
潍坊高密|澜露直播,http://yp.qqqtv.top/1/api.php?id=%E6%BD%8D%E5%9D%8A%E9%AB%98%E5%AF%86%E9%A2%91%E9%81%93&auth=666858
潍坊昌邑|澜露直播,http://yp.qqqtv.top/1/api.php?id=%E6%BD%8D%E5%9D%8A%E6%98%8C%E9%82%91%E9%A2%91%E9%81%93&auth=666858
潍坊保税区|澜露直播,http://yp.qqqtv.top/1/api.php?id=%E6%BD%8D%E5%9D%8A%E4%BF%9D%E7%A8%8E%E5%8C%BA%E9%A2%91%E9%81%93&auth=666858
潍坊经济开发区|澜露直播,http://yp.qqqtv.top/1/api.php?id=%E6%BD%8D%E5%9D%8A%E7%BB%8F%E6%B5%8E%E5%BC%80%E5%8F%91%E5%8C%BA%E9%A2%91%E9%81%93&auth=666858
潍坊潍城|澜露直播,http://yp.qqqtv.top/1/api.php?id=%E6%BD%8D%E5%9D%8A%E6%BD%8D%E5%9F%8E%E9%A2%91%E9%81%93&auth=666858
潍坊坊子|澜露直播,http://yp.qqqtv.top/1/api.php?id=%E6%BD%8D%E5%9D%8A%E5%9D%8A%E5%AD%90%E9%A2%91%E9%81%93&auth=666858
潍坊寿光|澜露直播,http://yp.qqqtv.top/1/api.php?id=%E6%BD%8D%E5%9D%8A%E5%AF%BF%E5%85%89%E9%A2%91%E9%81%93&auth=666858
潍坊诸城|澜露直播,http://yp.qqqtv.top/1/api.php?id=%E6%BD%8D%E5%9D%8A%E8%AF%B8%E5%9F%8E%E9%A2%91%E9%81%93&auth=666858
潍坊临朐|澜露直播,http://yp.qqqtv.top/1/api.php?id=%E6%BD%8D%E5%9D%8A%E4%B8%B4%E6%9C%90%E9%A2%91%E9%81%93&auth=666858
潍坊昌乐|澜露直播,http://yp.qqqtv.top/1/api.php?id=%E6%BD%8D%E5%9D%8A%E6%98%8C%E4%B9%90%E9%A2%91%E9%81%93&auth=666858
潍坊高新区|澜露直播,http://yp.qqqtv.top/1/api.php?id=%E6%BD%8D%E5%9D%8A%E9%AB%98%E6%96%B0%E5%8C%BA%E9%A2%91%E9%81%93&auth=666858
潍坊滨海|澜露直播,http://yp.qqqtv.top/1/api.php?id=%E6%BD%8D%E5%9D%8A%E6%BB%A8%E6%B5%B7%E9%A2%91%E9%81%93&auth=666858
潍坊峡山|澜露直播,http://yp.qqqtv.top/1/api.php?id=%E6%BD%8D%E5%9D%8A%E5%B3%A1%E5%B1%B1%E9%A2%91%E9%81%93&auth=666858
安丘新闻综合|澜露直播,http://yp.qqqtv.top/1/api.php?id=%E5%AE%89%E4%B8%98%E6%96%B0%E9%97%BB%E7%BB%BC%E5%90%88&auth=666858
安丘民生|澜露直播,http://yp.qqqtv.top/1/api.php?id=%E5%AE%89%E4%B8%98%E6%B0%91%E7%94%9F%E9%A2%91%E9%81%93&auth=666858
陵城新闻|澜露直播,http://yp.qqqtv.top/1/api.php?id=%E9%99%B5%E5%9F%8E%E6%96%B0%E9%97%BB%E9%A2%91%E9%81%93&auth=666858
乐陵新闻|澜露直播,http://yp.qqqtv.top/1/api.php?id=%E4%B9%90%E9%99%B5%E6%96%B0%E9%97%BB%E9%A2%91%E9%81%93&auth=666858
乐陵城市生活|澜露直播,http://yp.qqqtv.top/1/api.php?id=%E4%B9%90%E9%99%B5%E5%9F%8E%E5%B8%82%E7%94%9F%E6%B4%BB&auth=666858
临邑综合|澜露直播,http://yp.qqqtv.top/1/api.php?id=%E4%B8%B4%E9%82%91%E7%BB%BC%E5%90%88&auth=666858
平原综合|澜露直播,http://yp.qqqtv.top/1/api.php?id=%E5%B9%B3%E5%8E%9F%E7%BB%BC%E5%90%88%E9%A2%91%E9%81%93&auth=666858
齐河新闻|澜露直播,http://yp.qqqtv.top/1/api.php?id=%E9%BD%90%E6%B2%B3%E6%96%B0%E9%97%BB%E9%A2%91%E9%81%93&auth=666858
庆云新闻|澜露直播,http://yp.qqqtv.top/1/api.php?id=%E5%BA%86%E4%BA%91%E6%96%B0%E9%97%BB%E9%A2%91%E9%81%93&auth=666858
庆云生活|澜露直播,http://yp.qqqtv.top/1/api.php?id=%E5%BA%86%E4%BA%91%E7%94%9F%E6%B4%BB%E9%A2%91%E9%81%93&auth=666858
武城综合|澜露直播,http://yp.qqqtv.top/1/api.php?id=%E6%AD%A6%E5%9F%8E%E7%BB%BC%E5%90%88%E9%A2%91%E9%81%93&auth=666858
武城综艺影视|澜露直播,http://yp.qqqtv.top/1/api.php?id=%E6%AD%A6%E5%9F%8E%E7%BB%BC%E8%89%BA%E5%BD%B1%E8%A7%86&auth=666858
夏津综合|澜露直播,http://yp.qqqtv.top/1/api.php?id=%E5%A4%8F%E6%B4%A5%E7%BB%BC%E5%90%88%E9%A2%91%E9%81%93&auth=666858
夏津公共|澜露直播,http://yp.qqqtv.top/1/api.php?id=%E5%A4%8F%E6%B4%A5%E5%85%AC%E5%85%B1%E9%A2%91%E9%81%93&auth=666858
禹城综合|澜露直播,http://yp.qqqtv.top/1/api.php?id=%E7%A6%B9%E5%9F%8E%E7%BB%BC%E5%90%88%E9%A2%91%E9%81%93&auth=666858
禹城综艺|澜露直播,http://yp.qqqtv.top/1/api.php?id=%E7%A6%B9%E5%9F%8E%E7%BB%BC%E8%89%BA%E9%A2%91%E9%81%93&auth=666858
环翠综合|澜露直播,http://yp.qqqtv.top/1/api.php?id=%E7%8E%AF%E7%BF%A0%E7%BB%BC%E5%90%88%E9%A2%91%E9%81%93&auth=666858
荣成综合|澜露直播,http://yp.qqqtv.top/1/api.php?id=%E8%8D%A3%E6%88%90%E7%BB%BC%E5%90%88%E9%A2%91%E9%81%93&auth=666858
荣成生活|澜露直播,http://yp.qqqtv.top/1/api.php?id=%E8%8D%A3%E6%88%90%E7%94%9F%E6%B4%BB%E9%A2%91%E9%81%93&auth=666858
乳山新闻综合|澜露直播,http://yp.qqqtv.top/1/api.php?id=%E4%B9%B3%E5%B1%B1%E6%96%B0%E9%97%BB%E7%BB%BC%E5%90%88&auth=666858
乳山生活|澜露直播,http://yp.qqqtv.top/1/api.php?id=%E4%B9%B3%E5%B1%B1%E7%94%9F%E6%B4%BB%E9%A2%91%E9%81%93&auth=666858
文登电视一套|澜露直播,http://yp.qqqtv.top/1/api.php?id=%E6%96%87%E7%99%BB%E7%94%B5%E8%A7%86%E4%B8%80%E5%A5%97&auth=666858
文登电视二套|澜露直播,http://yp.qqqtv.top/1/api.php?id=%E6%96%87%E7%99%BB%E7%94%B5%E8%A7%86%E4%BA%8C%E5%A5%97&auth=666858
滨城综合|澜露直播,http://yp.qqqtv.top/1/api.php?id=%E6%BB%A8%E5%9F%8E%E7%BB%BC%E5%90%88%E9%A2%91%E9%81%93&auth=666858
博兴综合|澜露直播,http://yp.qqqtv.top/1/api.php?id=%E5%8D%9A%E5%85%B4%E7%BB%BC%E5%90%88&auth=666858
惠民综合|澜露直播,http://yp.qqqtv.top/1/api.php?id=%E6%83%A0%E6%B0%91%E7%BB%BC%E5%90%88&auth=666858
惠民影视|澜露直播,http://yp.qqqtv.top/1/api.php?id=%E6%83%A0%E6%B0%91%E5%BD%B1%E8%A7%86&auth=666858
无棣综合|澜露直播,http://yp.qqqtv.top/1/api.php?id=%E6%97%A0%E6%A3%A3%E7%BB%BC%E5%90%88%E9%A2%91%E9%81%93&auth=666858
无棣综艺|澜露直播,http://yp.qqqtv.top/1/api.php?id=%E6%97%A0%E6%A3%A3%E7%BB%BC%E8%89%BA%E9%A2%91%E9%81%93&auth=666858
阳信新闻综合|澜露直播,http://yp.qqqtv.top/1/api.php?id=%E9%98%B3%E4%BF%A1%E6%96%B0%E9%97%BB%E7%BB%BC%E5%90%88&auth=666858
邹平综合|澜露直播,http://yp.qqqtv.top/1/api.php?id=%E9%82%B9%E5%B9%B3%E7%BB%BC%E5%90%88%E9%A2%91%E9%81%93&auth=666858
邹平民生|澜露直播,http://yp.qqqtv.top/1/api.php?id=%E9%82%B9%E5%B9%B3%E6%B0%91%E7%94%9F%E9%A2%91%E9%81%93&auth=666858
博山新闻|澜露直播,http://yp.qqqtv.top/1/api.php?id=%E5%8D%9A%E5%B1%B1%E6%96%B0%E9%97%BB%E9%A2%91%E9%81%93&auth=666858
博山图文|澜露直播,http://yp.qqqtv.top/1/api.php?id=%E5%8D%9A%E5%B1%B1%E5%9B%BE%E6%96%87%E9%A2%91%E9%81%93&auth=666858
高青综合|澜露直播,http://yp.qqqtv.top/1/api.php?id=%E9%AB%98%E9%9D%92%E7%BB%BC%E5%90%88%E9%A2%91%E9%81%93&auth=666858
高青影视|澜露直播,http://yp.qqqtv.top/1/api.php?id=%E9%AB%98%E9%9D%92%E5%BD%B1%E8%A7%86%E9%A2%91%E9%81%93&auth=666858
桓台新闻|澜露直播,http://yp.qqqtv.top/1/api.php?id=%E6%A1%93%E5%8F%B0%E6%96%B0%E9%97%BB%E9%A2%91%E9%81%93&auth=666858
桓台影视|澜露直播,http://yp.qqqtv.top/1/api.php?id=%E6%A1%93%E5%8F%B0%E5%BD%B1%E8%A7%86%E9%A2%91%E9%81%93&auth=666858
临淄新闻综合|澜露直播,http://yp.qqqtv.top/1/api.php?id=%E4%B8%B4%E6%B7%84%E6%96%B0%E9%97%BB%E7%BB%BC%E5%90%88&auth=666858
临淄生活服务|澜露直播,http://yp.qqqtv.top/1/api.php?id=%E4%B8%B4%E6%B7%84%E7%94%9F%E6%B4%BB%E6%9C%8D%E5%8A%A1&auth=666858
沂源综合|澜露直播,http://yp.qqqtv.top/1/api.php?id=%E6%B2%82%E6%BA%90%E7%BB%BC%E5%90%88%E9%A2%91%E9%81%93&auth=666858
沂源生活|澜露直播,http://yp.qqqtv.top/1/api.php?id=%E6%B2%82%E6%BA%90%E7%94%9F%E6%B4%BB%E9%A2%91%E9%81%93&auth=666858
淄川新闻|澜露直播,http://yp.qqqtv.top/1/api.php?id=%E6%B7%84%E5%B7%9D%E6%96%B0%E9%97%BB%E9%A2%91%E9%81%93&auth=666858
淄川生活|澜露直播,http://yp.qqqtv.top/1/api.php?id=%E6%B7%84%E5%B7%9D%E7%94%9F%E6%B4%BB%E9%A2%91%E9%81%93&auth=666858
张店综合|澜露直播,http://yp.qqqtv.top/1/api.php?id=%E5%BC%A0%E5%BA%97%E7%BB%BC%E5%90%88%E9%A2%91%E9%81%93&auth=666858
张店图文|澜露直播,http://yp.qqqtv.top/1/api.php?id=%E5%BC%A0%E5%BA%97%E5%9B%BE%E6%96%87%E9%A2%91%E9%81%93&auth=666858
周村综合|澜露直播,http://yp.qqqtv.top/1/api.php?id=%E5%91%A8%E6%9D%91%E7%BB%BC%E5%90%88%E9%A2%91%E9%81%93&auth=666858
周村电视二套|澜露直播,http://yp.qqqtv.top/1/api.php?id=%E5%91%A8%E6%9D%91%E7%94%B5%E8%A7%86%E4%BA%8C%E5%A5%97&auth=666858
茌平综合|澜露直播,http://yp.qqqtv.top/1/api.php?id=%E8%8C%8C%E5%B9%B3%E7%BB%BC%E5%90%88%E9%A2%91%E9%81%93&auth=666858
茌平生活|澜露直播,http://yp.qqqtv.top/1/api.php?id=%E8%8C%8C%E5%B9%B3%E7%94%9F%E6%B4%BB%E9%A2%91%E9%81%93&auth=666858
东昌综合|澜露直播,http://yp.qqqtv.top/1/api.php?id=%E4%B8%9C%E6%98%8C%E7%BB%BC%E5%90%88%E9%A2%91%E9%81%93&auth=666858
东阿综合|澜露直播,http://yp.qqqtv.top/1/api.php?id=%E4%B8%9C%E9%98%BF%E7%BB%BC%E5%90%88%E9%A2%91%E9%81%93&auth=666858
东阿综艺信息|澜露直播,http://yp.qqqtv.top/1/api.php?id=%E4%B8%9C%E9%98%BF%E7%BB%BC%E8%89%BA%E4%BF%A1%E6%81%AF&auth=666858
高唐新闻综合|澜露直播,http://yp.qqqtv.top/1/api.php?id=%E9%AB%98%E5%94%90%E6%96%B0%E9%97%BB%E7%BB%BC%E5%90%88&auth=666858
高唐综艺|澜露直播,http://yp.qqqtv.top/1/api.php?id=%E9%AB%98%E5%94%90%E7%BB%BC%E8%89%BA%E9%A2%91%E9%81%93&auth=666858
冠县综合|澜露直播,http://yp.qqqtv.top/1/api.php?id=%E5%86%A0%E5%8E%BF%E7%BB%BC%E5%90%88&auth=666858
临清综合|澜露直播,http://yp.qqqtv.top/1/api.php?id=%E4%B8%B4%E6%B8%85%E7%BB%BC%E5%90%88%E9%A2%91%E9%81%93&auth=666858
临清经济信息|澜露直播,http://yp.qqqtv.top/1/api.php?id=%E4%B8%B4%E6%B8%85%E7%BB%8F%E6%B5%8E%E4%BF%A1%E6%81%AF&auth=666858
莘县综合|澜露直播,http://yp.qqqtv.top/1/api.php?id=%E8%8E%98%E5%8E%BF%E7%BB%BC%E5%90%88&auth=666858
莘县二套|澜露直播,http://yp.qqqtv.top/1/api.php?id=%E8%8E%98%E5%8E%BF%E4%BA%8C%E5%A5%97&auth=666858
阳谷新闻综合|澜露直播,http://yp.qqqtv.top/1/api.php?id=%E9%98%B3%E8%B0%B7%E6%96%B0%E9%97%BB%E7%BB%BC%E5%90%88&auth=666858
阳谷影视|澜露直播,http://yp.qqqtv.top/1/api.php?id=%E9%98%B3%E8%B0%B7%E5%BD%B1%E8%A7%86%E9%A2%91%E9%81%93&auth=666858
东平综合|澜露直播,http://yp.qqqtv.top/1/api.php?id=%E4%B8%9C%E5%B9%B3%E7%BB%BC%E5%90%88%E9%A2%91%E9%81%93&auth=666858
东平民生|澜露直播,http://yp.qqqtv.top/1/api.php?id=%E4%B8%9C%E5%B9%B3%E6%B0%91%E7%94%9F%E9%A2%91%E9%81%93&auth=666858
岱岳综合|澜露直播,http://yp.qqqtv.top/1/api.php?id=%E5%B2%B1%E5%B2%B3%E7%BB%BC%E5%90%88%E9%A2%91%E9%81%93&auth=666858
肥城综合|澜露直播,http://yp.qqqtv.top/1/api.php?id=%E8%82%A5%E5%9F%8E%E7%BB%BC%E5%90%88%E9%A2%91%E9%81%93&auth=666858
肥城生活|澜露直播,http://yp.qqqtv.top/1/api.php?id=%E8%82%A5%E5%9F%8E%E7%94%9F%E6%B4%BB%E9%A2%91%E9%81%93&auth=666858
宁阳综合|澜露直播,http://yp.qqqtv.top/1/api.php?id=%E5%AE%81%E9%98%B3%E7%BB%BC%E5%90%88%E9%A2%91%E9%81%93&auth=666858
宁阳电视二套|澜露直播,http://yp.qqqtv.top/1/api.php?id=%E5%AE%81%E9%98%B3%E7%94%B5%E8%A7%86%E4%BA%8C%E5%A5%97&auth=666858
泰山综合|澜露直播,http://yp.qqqtv.top/1/api.php?id=%E6%B3%B0%E5%B1%B1%E7%BB%BC%E5%90%88%E9%A2%91%E9%81%93&auth=666858
新泰综合|澜露直播,http://yp.qqqtv.top/1/api.php?id=%E6%96%B0%E6%B3%B0%E7%BB%BC%E5%90%88%E9%A2%91%E9%81%93&auth=666858
新泰乡村|澜露直播,http://yp.qqqtv.top/1/api.php?id=%E6%96%B0%E6%B3%B0%E4%B9%A1%E6%9D%91%E9%A2%91%E9%81%93&auth=666858
沾化综合|澜露直播,http://yp.qqqtv.top/1/api.php?id=%E6%B2%BE%E5%8C%96%E7%BB%BC%E5%90%88%E9%A2%91%E9%81%93&auth=666858
沾化综艺|澜露直播,http://yp.qqqtv.top/1/api.php?id=%E6%B2%BE%E5%8C%96%E7%BB%BC%E8%89%BA%E9%A2%91%E9%81%93&auth=666858
济铁电视台|澜露直播,http://yp.qqqtv.top/1/api.php?id=%E6%B5%8E%E9%93%81%E7%94%B5%E8%A7%86%E5%8F%B0&auth=666858
潍坊中医康养|澜露直播,http://yp.qqqtv.top/1/api.php?id=%E6%BD%8D%E5%9D%8A%E4%B8%AD%E5%8C%BB%E5%BA%B7%E5%85%BB&auth=666858
潍坊企业家|澜露直播,http://yp.qqqtv.top/1/api.php?id=%E6%BD%8D%E5%9D%8A%E4%BC%81%E4%B8%9A%E5%AE%B6&auth=666858
潍坊金融|澜露直播,http://yp.qqqtv.top/1/api.php?id=%E6%BD%8D%E5%9D%8A%E9%87%91%E8%9E%8D%E9%A2%91%E9%81%93&auth=666858
潍坊职业教育|澜露直播,http://yp.qqqtv.top/1/api.php?id=%E6%BD%8D%E5%9D%8A%E8%81%8C%E4%B8%9A%E6%95%99%E8%82%B2&auth=666858
潍坊青少|澜露直播,http://yp.qqqtv.top/1/api.php?id=%E6%BD%8D%E5%9D%8A%E9%9D%92%E5%B0%91%E9%A2%91%E9%81%93&auth=666858
潍坊教育|澜露直播,http://yp.qqqtv.top/1/api.php?id=%E6%BD%8D%E5%9D%8A%E6%95%99%E8%82%B2%E9%A2%91%E9%81%93&auth=666858
潍坊体育|澜露直播,http://yp.qqqtv.top/1/api.php?id=%E6%BD%8D%E5%9D%8A%E4%BD%93%E8%82%B2%E9%A2%91%E9%81%93&auth=666858
潍坊通讯|澜露直播,http://yp.qqqtv.top/1/api.php?id=%E6%BD%8D%E5%9D%8A%E9%80%9A%E8%AE%AF%E9%A2%91%E9%81%93&auth=666858
潍坊农业农村|澜露直播,http://yp.qqqtv.top/1/api.php?id=%E6%BD%8D%E5%9D%8A%E5%86%9C%E4%B8%9A%E5%86%9C%E6%9D%91&auth=666858
潍坊汽车|澜露直播,http://yp.qqqtv.top/1/api.php?id=%E6%BD%8D%E5%9D%8A%E6%B1%BD%E8%BD%A6%E9%A2%91%E9%81%93&auth=666858
潍坊康养|澜露直播,http://yp.qqqtv.top/1/api.php?id=%E6%BD%8D%E5%9D%8A%E5%BA%B7%E5%85%BB%E9%A2%91%E9%81%93&auth=666858
纵横潍坊|澜露直播,http://yp.qqqtv.top/1/api.php?id=%E7%BA%B5%E6%A8%AA%E6%BD%8D%E5%9D%8A&auth=666858
潍坊新时尚|澜露直播,http://yp.qqqtv.top/1/api.php?id=%E6%BD%8D%E5%9D%8A%E6%96%B0%E6%97%B6%E5%B0%9A&auth=666858
潍坊医美|澜露直播,http://yp.qqqtv.top/1/api.php?id=%E6%BD%8D%E5%9D%8A%E5%8C%BB%E7%BE%8E%E9%A2%91%E9%81%93&auth=666858
潍坊百姓安康|澜露直播,http://yp.qqqtv.top/1/api.php?id=%E6%BD%8D%E5%9D%8A%E7%99%BE%E5%A7%93%E5%AE%89%E5%BA%B7&auth=666858
潍坊书画|澜露直播,http://yp.qqqtv.top/1/api.php?id=%E6%BD%8D%E5%9D%8A%E4%B9%A6%E7%94%BB%E9%A2%91%E9%81%93&auth=666858
潍坊文艺时尚|澜露直播,http://yp.qqqtv.top/1/api.php?id=%E6%BD%8D%E5%9D%8A%E6%96%87%E8%89%BA%E6%97%B6%E5%B0%9A&auth=666858
潍坊少儿|澜露直播,http://yp.qqqtv.top/1/api.php?id=%E6%BD%8D%E5%9D%8A%E5%B0%91%E5%84%BF%E9%A2%91%E9%81%93&auth=666858
潍坊花漾艺术|澜露直播,http://yp.qqqtv.top/1/api.php?id=%E6%BD%8D%E5%9D%8A%E8%8A%B1%E6%BC%BE%E8%89%BA%E6%9C%AF&auth=666858
潍坊都市生活|澜露直播,http://yp.qqqtv.top/1/api.php?id=%E6%BD%8D%E5%9D%8A%E9%83%BD%E5%B8%82%E7%94%9F%E6%B4%BB&auth=666858
潍坊生殖健康|澜露直播,http://yp.qqqtv.top/1/api.php?id=%E6%BD%8D%E5%9D%8A%E7%94%9F%E6%AE%96%E5%81%A5%E5%BA%B7&auth=666858
潍坊女企业家|澜露直播,http://yp.qqqtv.top/1/api.php?id=%E6%BD%8D%E5%9D%8A%E5%A5%B3%E4%BC%81%E4%B8%9A%E5%AE%B6&auth=666858
潍坊党建|澜露直播,http://yp.qqqtv.top/1/api.php?id=%E6%BD%8D%E5%9D%8A%E5%85%9A%E5%BB%BA%E9%A2%91%E9%81%93&auth=666858
潍坊检察|澜露直播,http://yp.qqqtv.top/1/api.php?id=%E6%BD%8D%E5%9D%8A%E6%A3%80%E5%AF%9F%E9%A2%91%E9%81%93&auth=666858
直播潍坊|澜露直播,http://yp.qqqtv.top/1/api.php?id=%E7%9B%B4%E6%92%AD%E6%BD%8D%E5%9D%8A&auth=666858
潍坊人大|澜露直播,http://yp.qqqtv.top/1/api.php?id=%E6%BD%8D%E5%9D%8A%E4%BA%BA%E5%A4%A7%E9%A2%91%E9%81%93&auth=666858
潍坊政协|澜露直播,http://yp.qqqtv.top/1/api.php?id=%E6%BD%8D%E5%9D%8A%E6%94%BF%E5%8D%8F%E9%A2%91%E9%81%93&auth=666858
潍坊市场监管|澜露直播,http://yp.qqqtv.top/1/api.php?id=%E6%BD%8D%E5%9D%8A%E5%B8%82%E5%9C%BA%E7%9B%91%E7%AE%A1&auth=666858
潍坊公安|澜露直播,http://yp.qqqtv.top/1/api.php?id=%E6%BD%8D%E5%9D%8A%E5%85%AC%E5%AE%89%E9%A2%91%E9%81%93&auth=666858
潍坊司法|澜露直播,http://yp.qqqtv.top/1/api.php?id=%E6%BD%8D%E5%9D%8A%E5%8F%B8%E6%B3%95%E9%A2%91%E9%81%93&auth=666858
潍坊应急|澜露直播,http://yp.qqqtv.top/1/api.php?id=%E6%BD%8D%E5%9D%8A%E5%BA%94%E6%80%A5%E9%A2%91%E9%81%93&auth=666858
潍坊妇联|澜露直播,http://yp.qqqtv.top/1/api.php?id=%E6%BD%8D%E5%9D%8A%E5%A6%87%E8%81%94%E9%A2%91%E9%81%93&auth=666858
潍坊文旅|澜露直播,http://yp.qqqtv.top/1/api.php?id=%E6%BD%8D%E5%9D%8A%E6%96%87%E6%97%85%E9%A2%91%E9%81%93&auth=666858
潍坊政务民生|澜露直播,http://yp.qqqtv.top/1/api.php?id=%E6%BD%8D%E5%9D%8A%E6%94%BF%E5%8A%A1%E6%B0%91%E7%94%9F&auth=666858
潍坊民政公益|澜露直播,http://yp.qqqtv.top/1/api.php?id=%E6%BD%8D%E5%9D%8A%E6%B0%91%E6%94%BF%E5%85%AC%E7%9B%8A&auth=666858
潍坊交通|澜露直播,http://yp.qqqtv.top/1/api.php?id=%E6%BD%8D%E5%9D%8A%E4%BA%A4%E9%80%9A%E9%A2%91%E9%81%93&auth=666858
潍坊交警|澜露直播,http://yp.qqqtv.top/1/api.php?id=%E6%BD%8D%E5%9D%8A%E4%BA%A4%E8%AD%A6%E9%A2%91%E9%81%93&auth=666858
潍坊文明潍坊|澜露直播,http://yp.qqqtv.top/1/api.php?id=%E6%BD%8D%E5%9D%8A%E6%96%87%E6%98%8E%E6%BD%8D%E5%9D%8A&auth=666858
潍坊时代先锋|澜露直播,http://yp.qqqtv.top/1/api.php?id=%E6%BD%8D%E5%9D%8A%E6%97%B6%E4%BB%A3%E5%85%88%E9%94%8B&auth=666858
潍坊住建|澜露直播,http://yp.qqqtv.top/1/api.php?id=%E6%BD%8D%E5%9D%8A%E4%BD%8F%E5%BB%BA%E9%A2%91%E9%81%93&auth=666858
潍坊残联人之家|澜露直播,http://yp.qqqtv.top/1/api.php?id=%E6%BD%8D%E5%9D%8A%E6%AE%8B%E8%81%94%E4%BA%BA%E4%B9%8B%E5%AE%B6&auth=666858
上海新闻HD|澜露直播,http://yp.qqqtv.top/1/api.php?id=%E4%B8%8A%E6%B5%B7%E6%96%B0%E9%97%BBHD&auth=666858
东方影视HD|澜露直播,http://yp.qqqtv.top/1/api.php?id=%E4%B8%9C%E6%96%B9%E5%BD%B1%E8%A7%86HD&auth=666858
上海都市HD|澜露直播,http://yp.qqqtv.top/1/api.php?id=%E4%B8%8A%E6%B5%B7%E9%83%BD%E5%B8%82HD&auth=666858
五星体育HD|澜露直播,http://yp.qqqtv.top/1/api.php?id=%E4%BA%94%E6%98%9F%E4%BD%93%E8%82%B2HD&auth=666858
游戏风云HD|澜露直播,http://yp.qqqtv.top/1/api.php?id=%E6%B8%B8%E6%88%8F%E9%A3%8E%E4%BA%91HD&auth=666858
生活时尚HD|澜露直播,http://yp.qqqtv.top/1/api.php?id=%E7%94%9F%E6%B4%BB%E6%97%B6%E5%B0%9AHD&auth=666858
劲爆体育HD|澜露直播,http://yp.qqqtv.top/1/api.php?id=%E5%8A%B2%E7%88%86%E4%BD%93%E8%82%B2HD&auth=666858
第一财经HD|澜露直播,http://yp.qqqtv.top/1/api.php?id=%E7%AC%AC%E4%B8%80%E8%B4%A2%E7%BB%8FHD&auth=666858
都市剧场HD|澜露直播,http://yp.qqqtv.top/1/api.php?id=%E9%83%BD%E5%B8%82%E5%89%A7%E5%9C%BAHD&auth=666858
欢笑剧场HD|澜露直播,http://yp.qqqtv.top/1/api.php?id=%E6%AC%A2%E7%AC%91%E5%89%A7%E5%9C%BAHD&auth=666858
动漫秀场HD|澜露直播,http://yp.qqqtv.top/1/api.php?id=%E5%8A%A8%E6%BC%AB%E7%A7%80%E5%9C%BAHD&auth=666858
乐游HD|澜露直播,http://yp.qqqtv.top/1/api.php?id=%E4%B9%90%E6%B8%B8%E9%A2%91%E9%81%93HD&auth=666858
新视觉HD|澜露直播,http://yp.qqqtv.top/1/api.php?id=%E6%96%B0%E8%A7%86%E8%A7%89HD&auth=666858
哈哈炫动HD|澜露直播,http://yp.qqqtv.top/1/api.php?id=%E5%93%88%E5%93%88%E7%82%AB%E5%8A%A8HD&auth=666858
东方财经|澜露直播,http://yp.qqqtv.top/1/api.php?id=%E4%B8%9C%E6%96%B9%E8%B4%A2%E7%BB%8F&auth=666858
法治天地|澜露直播,http://yp.qqqtv.top/1/api.php?id=%E6%B3%95%E6%B2%BB%E5%A4%A9%E5%9C%B0&auth=666858
金色学堂|澜露直播,http://yp.qqqtv.top/1/api.php?id=%E9%87%91%E8%89%B2%E5%AD%A6%E5%A0%82&auth=666858
魔都眼|澜露直播,http://yp.qqqtv.top/1/api.php?id=%E9%AD%94%E9%83%BD%E7%9C%BC&auth=666858
新纪实|澜露直播,http://yp.qqqtv.top/1/api.php?id=%E6%96%B0%E7%BA%AA%E5%AE%9E&auth=666858
百视通全球大片|澜露直播,http://yp.qqqtv.top/1/api.php?id=%E7%99%BE%E8%A7%86%E9%80%9A%E5%85%A8%E7%90%83%E5%A4%A7%E7%89%87&auth=666858
上海新闻综合|澜露直播,http://yp.qqqtv.top/1/api.php?id=%E4%B8%8A%E6%B5%B7%E6%96%B0%E9%97%BB%E7%BB%BC%E5%90%88&auth=666858
东方影视|澜露直播,http://yp.qqqtv.top/1/api.php?id=%E4%B8%9C%E6%96%B9%E5%BD%B1%E8%A7%86&auth=666858
生活时尚|澜露直播,http://yp.qqqtv.top/1/api.php?id=%E7%94%9F%E6%B4%BB%E6%97%B6%E5%B0%9A&auth=666858
第一财经|澜露直播,http://yp.qqqtv.top/1/api.php?id=%E7%AC%AC%E4%B8%80%E8%B4%A2%E7%BB%8F&auth=666858
上海都市|澜露直播,http://yp.qqqtv.top/1/api.php?id=%E4%B8%8A%E6%B5%B7%E9%83%BD%E5%B8%82&auth=666858
上海教育|澜露直播,http://yp.qqqtv.top/1/api.php?id=%E4%B8%8A%E6%B5%B7%E6%95%99%E8%82%B2&auth=666858
哈哈炫动|澜露直播,http://yp.qqqtv.top/1/api.php?id=%E5%93%88%E5%93%88%E7%82%AB%E5%8A%A8&auth=666858
都市剧场|澜露直播,http://yp.qqqtv.top/1/api.php?id=%E9%83%BD%E5%B8%82%E5%89%A7%E5%9C%BA&auth=666858
欢笑剧场|澜露直播,http://yp.qqqtv.top/1/api.php?id=%E6%AC%A2%E7%AC%91%E5%89%A7%E5%9C%BA&auth=666858
动漫秀场|澜露直播,http://yp.qqqtv.top/1/api.php?id=%E5%8A%A8%E6%BC%AB%E7%A7%80%E5%9C%BA&auth=666858
游戏风云|澜露直播,http://yp.qqqtv.top/1/api.php?id=%E6%B8%B8%E6%88%8F%E9%A3%8E%E4%BA%91&auth=666858
乐游|澜露直播,http://yp.qqqtv.top/1/api.php?id=%E4%B9%90%E6%B8%B8%E9%A2%91%E9%81%93&auth=666858
东方购物|澜露直播,http://yp.qqqtv.top/1/api.php?id=%E4%B8%9C%E6%96%B9%E8%B4%AD%E7%89%A9&auth=666858
浦东电视台|澜露直播,http://yp.qqqtv.top/1/api.php?id=%E6%B5%A6%E4%B8%9C%E7%94%B5%E8%A7%86%E5%8F%B0&auth=666858
嘉定电视台|澜露直播,http://yp.qqqtv.top/1/api.php?id=%E5%98%89%E5%AE%9A%E7%94%B5%E8%A7%86%E5%8F%B0&auth=666858
金山电视台|澜露直播,http://yp.qqqtv.top/1/api.php?id=%E9%87%91%E5%B1%B1%E7%94%B5%E8%A7%86%E5%8F%B0&auth=666858
崇明电视台|澜露直播,http://yp.qqqtv.top/1/api.php?id=%E5%B4%87%E6%98%8E%E7%94%B5%E8%A7%86%E5%8F%B0&auth=666858
山西经济与科教|澜露直播,http://yp.qqqtv.top/1/api.php?id=%E5%B1%B1%E8%A5%BF%E7%BB%8F%E6%B5%8E%E4%B8%8E%E7%A7%91%E6%95%99&auth=666858
山西影视|澜露直播,http://yp.qqqtv.top/1/api.php?id=%E5%B1%B1%E8%A5%BF%E5%BD%B1%E8%A7%86&auth=666858
山西社会与法治|澜露直播,http://yp.qqqtv.top/1/api.php?id=%E5%B1%B1%E8%A5%BF%E7%A4%BE%E4%BC%9A%E4%B8%8E%E6%B3%95%E6%B2%BB&auth=666858
山西文体生活|澜露直播,http://yp.qqqtv.top/1/api.php?id=%E5%B1%B1%E8%A5%BF%E6%96%87%E4%BD%93%E7%94%9F%E6%B4%BB&auth=666858
黄河电视台|澜露直播,http://yp.qqqtv.top/1/api.php?id=%E9%BB%84%E6%B2%B3%E7%94%B5%E8%A7%86%E5%8F%B0&auth=666858
优购物|澜露直播,http://yp.qqqtv.top/1/api.php?id=%E4%BC%98%E8%B4%AD%E7%89%A9&auth=666858
太原新闻综合|澜露直播,http://yp.qqqtv.top/1/api.php?id=%E5%A4%AA%E5%8E%9F%E6%96%B0%E9%97%BB%E7%BB%BC%E5%90%88&auth=666858
太原经济生活|澜露直播,http://yp.qqqtv.top/1/api.php?id=%E5%A4%AA%E5%8E%9F%E7%BB%8F%E6%B5%8E%E7%94%9F%E6%B4%BB&auth=666858
太原社教法制|澜露直播,http://yp.qqqtv.top/1/api.php?id=%E5%A4%AA%E5%8E%9F%E7%A4%BE%E6%95%99%E6%B3%95%E5%88%B6&auth=666858
太原影视|澜露直播,http://yp.qqqtv.top/1/api.php?id=%E5%A4%AA%E5%8E%9F%E5%BD%B1%E8%A7%86&auth=666858
太原文体|澜露直播,http://yp.qqqtv.top/1/api.php?id=%E5%A4%AA%E5%8E%9F%E6%96%87%E4%BD%93&auth=666858
太原佰乐购|澜露直播,http://yp.qqqtv.top/1/api.php?id=%E5%A4%AA%E5%8E%9F%E4%BD%B0%E4%B9%90%E8%B4%AD&auth=666858
太原城市生活|澜露直播,http://yp.qqqtv.top/1/api.php?id=%E5%A4%AA%E5%8E%9F%E5%9F%8E%E5%B8%82%E7%94%9F%E6%B4%BB&auth=666858
太原教育|澜露直播,http://yp.qqqtv.top/1/api.php?id=%E5%A4%AA%E5%8E%9F%E6%95%99%E8%82%B2&auth=666858
阳泉综合|澜露直播,http://yp.qqqtv.top/1/api.php?id=%E9%98%B3%E6%B3%89%E7%BB%BC%E5%90%88&auth=666858
阳泉科教|澜露直播,http://yp.qqqtv.top/1/api.php?id=%E9%98%B3%E6%B3%89%E7%A7%91%E6%95%99&auth=666858
晋城新闻|澜露直播,http://yp.qqqtv.top/1/api.php?id=%E6%99%8B%E5%9F%8E%E6%96%B0%E9%97%BB&auth=666858
晋城文化生活|澜露直播,http://yp.qqqtv.top/1/api.php?id=%E6%99%8B%E5%9F%8E%E6%96%87%E5%8C%96%E7%94%9F%E6%B4%BB&auth=666858
忻州综合|澜露直播,http://yp.qqqtv.top/1/api.php?id=%E5%BF%BB%E5%B7%9E%E7%BB%BC%E5%90%88%E9%A2%91%E9%81%93&auth=666858
忻州公共|澜露直播,http://yp.qqqtv.top/1/api.php?id=%E5%BF%BB%E5%B7%9E%E5%85%AC%E5%85%B1%E9%A2%91%E9%81%93&auth=666858
朔州新闻综合|澜露直播,http://yp.qqqtv.top/1/api.php?id=%E6%9C%94%E5%B7%9E%E6%96%B0%E9%97%BB%E7%BB%BC%E5%90%88&auth=666858
朔州生活娱乐|澜露直播,http://yp.qqqtv.top/1/api.php?id=%E6%9C%94%E5%B7%9E%E7%94%9F%E6%B4%BB%E5%A8%B1%E4%B9%90&auth=666858
运城新闻综合|澜露直播,http://yp.qqqtv.top/1/api.php?id=%E8%BF%90%E5%9F%8E%E6%96%B0%E9%97%BB%E7%BB%BC%E5%90%88&auth=666858
运城公共|澜露直播,http://yp.qqqtv.top/1/api.php?id=%E8%BF%90%E5%9F%8E%E5%85%AC%E5%85%B1%E9%A2%91%E9%81%93&auth=666858
运城盐湖|澜露直播,http://yp.qqqtv.top/1/api.php?id=%E8%BF%90%E5%9F%8E%E7%9B%90%E6%B9%96%E9%A2%91%E9%81%93&auth=666858
大同新闻综合|澜露直播,http://yp.qqqtv.top/1/api.php?id=%E5%A4%A7%E5%90%8C%E6%96%B0%E9%97%BB%E7%BB%BC%E5%90%88&auth=666858
大同公共|澜露直播,http://yp.qqqtv.top/1/api.php?id=%E5%A4%A7%E5%90%8C%E5%85%AC%E5%85%B1%E9%A2%91%E9%81%93&auth=666858
大同煤都生活|澜露直播,http://yp.qqqtv.top/1/api.php?id=%E5%A4%A7%E5%90%8C%E7%85%A4%E9%83%BD%E7%94%9F%E6%B4%BB&auth=666858
吕梁新闻|澜露直播,http://yp.qqqtv.top/1/api.php?id=%E5%90%95%E6%A2%81%E6%96%B0%E9%97%BB%E9%A2%91%E9%81%93&auth=666858
临汾综合|澜露直播,http://yp.qqqtv.top/1/api.php?id=%E4%B8%B4%E6%B1%BE%E7%BB%BC%E5%90%88&auth=666858
临汾公共|澜露直播,http://yp.qqqtv.top/1/api.php?id=%E4%B8%B4%E6%B1%BE%E5%85%AC%E5%85%B1&auth=666858
临汾科教|澜露直播,http://yp.qqqtv.top/1/api.php?id=%E4%B8%B4%E6%B1%BE%E7%A7%91%E6%95%99&auth=666858
晋中新闻|澜露直播,http://yp.qqqtv.top/1/api.php?id=%E6%99%8B%E4%B8%AD%E6%96%B0%E9%97%BB%E9%A2%91%E9%81%93&auth=666858
晋中公共|澜露直播,http://yp.qqqtv.top/1/api.php?id=%E6%99%8B%E4%B8%AD%E5%85%AC%E5%85%B1%E9%A2%91%E9%81%93&auth=666858
长治新闻综合|澜露直播,http://yp.qqqtv.top/1/api.php?id=%E9%95%BF%E6%B2%BB%E6%96%B0%E9%97%BB%E7%BB%BC%E5%90%88&auth=666858
长治公共少儿|澜露直播,http://yp.qqqtv.top/1/api.php?id=%E9%95%BF%E6%B2%BB%E5%85%AC%E5%85%B1%E5%B0%91%E5%84%BF&auth=666858
长治科教法制|澜露直播,http://yp.qqqtv.top/1/api.php?id=%E9%95%BF%E6%B2%BB%E7%A7%91%E6%95%99%E6%B3%95%E5%88%B6&auth=666858
汾阳综合|澜露直播,http://yp.qqqtv.top/1/api.php?id=%E6%B1%BE%E9%98%B3%E7%BB%BC%E5%90%88&auth=666858
交口综合|澜露直播,http://yp.qqqtv.top/1/api.php?id=%E4%BA%A4%E5%8F%A3%E7%BB%BC%E5%90%88&auth=666858
岚县综合|澜露直播,http://yp.qqqtv.top/1/api.php?id=%E5%B2%9A%E5%8E%BF%E7%BB%BC%E5%90%88&auth=666858
柳林综合|澜露直播,http://yp.qqqtv.top/1/api.php?id=%E6%9F%B3%E6%9E%97%E7%BB%BC%E5%90%88&auth=666858
离石综合|澜露直播,http://yp.qqqtv.top/1/api.php?id=%E7%A6%BB%E7%9F%B3%E7%BB%BC%E5%90%88%E9%A2%91%E9%81%93&auth=666858
文水新闻综合|澜露直播,http://yp.qqqtv.top/1/api.php?id=%E6%96%87%E6%B0%B4%E6%96%B0%E9%97%BB%E7%BB%BC%E5%90%88&auth=666858
兴县综合|澜露直播,http://yp.qqqtv.top/1/api.php?id=%E5%85%B4%E5%8E%BF%E7%BB%BC%E5%90%88%E9%A2%91%E9%81%93&auth=666858
孝义新闻综合|澜露直播,http://yp.qqqtv.top/1/api.php?id=%E5%AD%9D%E4%B9%89%E6%96%B0%E9%97%BB%E7%BB%BC%E5%90%88&auth=666858
中阳新闻综合|澜露直播,http://yp.qqqtv.top/1/api.php?id=%E4%B8%AD%E9%98%B3%E6%96%B0%E9%97%BB%E7%BB%BC%E5%90%88&auth=666858
壶关电视台|澜露直播,http://yp.qqqtv.top/1/api.php?id=%E5%A3%B6%E5%85%B3%E7%94%B5%E8%A7%86%E5%8F%B0&auth=666858
黎城综合|澜露直播,http://yp.qqqtv.top/1/api.php?id=%E9%BB%8E%E5%9F%8E%E7%BB%BC%E5%90%88%E9%A2%91%E9%81%93&auth=666858
平顺综合|澜露直播,http://yp.qqqtv.top/1/api.php?id=%E5%B9%B3%E9%A1%BA%E7%BB%BC%E5%90%88&auth=666858
沁县新闻综合|澜露直播,http://yp.qqqtv.top/1/api.php?id=%E6%B2%81%E5%8E%BF%E6%96%B0%E9%97%BB%E7%BB%BC%E5%90%88&auth=666858
上党区电视台|澜露直播,http://yp.qqqtv.top/1/api.php?id=%E4%B8%8A%E5%85%9A%E5%8C%BA%E7%94%B5%E8%A7%86%E5%8F%B0&auth=666858
屯留综合|澜露直播,http://yp.qqqtv.top/1/api.php?id=%E5%B1%AF%E7%95%99%E7%BB%BC%E5%90%88%E9%A2%91%E9%81%93&auth=666858
武乡新闻综合|澜露直播,http://yp.qqqtv.top/1/api.php?id=%E6%AD%A6%E4%B9%A1%E6%96%B0%E9%97%BB%E7%BB%BC%E5%90%88&auth=666858
长子综合|澜露直播,http://yp.qqqtv.top/1/api.php?id=%E9%95%BF%E5%AD%90%E7%BB%BC%E5%90%88%E9%A2%91%E9%81%93&auth=666858
古交综合|澜露直播,http://yp.qqqtv.top/1/api.php?id=%E5%8F%A4%E4%BA%A4%E7%BB%BC%E5%90%88&auth=666858
娄烦综合|澜露直播,http://yp.qqqtv.top/1/api.php?id=%E5%A8%84%E7%83%A6%E7%BB%BC%E5%90%88&auth=666858
阳曲综合|澜露直播,http://yp.qqqtv.top/1/api.php?id=%E9%98%B3%E6%9B%B2%E7%BB%BC%E5%90%88&auth=666858
怀仁综合|澜露直播,http://yp.qqqtv.top/1/api.php?id=%E6%80%80%E4%BB%81%E7%BB%BC%E5%90%88%E9%A2%91%E9%81%93&auth=666858
平鲁综合|澜露直播,http://yp.qqqtv.top/1/api.php?id=%E5%B9%B3%E9%B2%81%E7%BB%BC%E5%90%88%E9%A2%91%E9%81%93&auth=666858
山阴综合|澜露直播,http://yp.qqqtv.top/1/api.php?id=%E5%B1%B1%E9%98%B4%E7%BB%BC%E5%90%88%E9%A2%91%E9%81%93&auth=666858
应县综合|澜露直播,http://yp.qqqtv.top/1/api.php?id=%E5%BA%94%E5%8E%BF%E7%BB%BC%E5%90%88%E9%A2%91%E9%81%93&auth=666858
潞城新闻综合|澜露直播,http://yp.qqqtv.top/1/api.php?id=%E6%BD%9E%E5%9F%8E%E6%96%B0%E9%97%BB%E7%BB%BC%E5%90%88&auth=666858
平遥新闻综合|澜露直播,http://yp.qqqtv.top/1/api.php?id=%E5%B9%B3%E9%81%A5%E6%96%B0%E9%97%BB%E7%BB%BC%E5%90%88&auth=666858
安泽综合|澜露直播,http://yp.qqqtv.top/1/api.php?id=%E5%AE%89%E6%B3%BD%E7%BB%BC%E5%90%88&auth=666858
大宁综合|澜露直播,http://yp.qqqtv.top/1/api.php?id=%E5%A4%A7%E5%AE%81%E7%BB%BC%E5%90%88&auth=666858
汾西综合|澜露直播,http://yp.qqqtv.top/1/api.php?id=%E6%B1%BE%E8%A5%BF%E7%BB%BC%E5%90%88&auth=666858
古县综合|澜露直播,http://yp.qqqtv.top/1/api.php?id=%E5%8F%A4%E5%8E%BF%E7%BB%BC%E5%90%88&auth=666858
霍州综合|澜露直播,http://yp.qqqtv.top/1/api.php?id=%E9%9C%8D%E5%B7%9E%E7%BB%BC%E5%90%88&auth=666858
吉县新闻综合|澜露直播,http://yp.qqqtv.top/1/api.php?id=%E5%90%89%E5%8E%BF%E6%96%B0%E9%97%BB%E7%BB%BC%E5%90%88&auth=666858
襄汾综合|澜露直播,http://yp.qqqtv.top/1/api.php?id=%E8%A5%84%E6%B1%BE%E7%BB%BC%E5%90%88&auth=666858
乡宁新闻综合|澜露直播,http://yp.qqqtv.top/1/api.php?id=%E4%B9%A1%E5%AE%81%E6%96%B0%E9%97%BB%E7%BB%BC%E5%90%88&auth=666858
隰县新闻综合|澜露直播,http://yp.qqqtv.top/1/api.php?id=%E9%9A%B0%E5%8E%BF%E6%96%B0%E9%97%BB%E7%BB%BC%E5%90%88&auth=666858
翼城综合|澜露直播,http://yp.qqqtv.top/1/api.php?id=%E7%BF%BC%E5%9F%8E%E7%BB%BC%E5%90%88&auth=666858
介休新闻|澜露直播,http://yp.qqqtv.top/1/api.php?id=%E4%BB%8B%E4%BC%91%E6%96%B0%E9%97%BB%E9%A2%91%E9%81%93&auth=666858
灵石新闻综合|澜露直播,http://yp.qqqtv.top/1/api.php?id=%E7%81%B5%E7%9F%B3%E6%96%B0%E9%97%BB%E7%BB%BC%E5%90%88&auth=666858
寿阳综合|澜露直播,http://yp.qqqtv.top/1/api.php?id=%E5%AF%BF%E9%98%B3%E7%BB%BC%E5%90%88%E9%A2%91%E9%81%93&auth=666858
太谷新闻综合|澜露直播,http://yp.qqqtv.top/1/api.php?id=%E5%A4%AA%E8%B0%B7%E6%96%B0%E9%97%BB%E7%BB%BC%E5%90%88&auth=666858
榆社新闻|澜露直播,http://yp.qqqtv.top/1/api.php?id=%E6%A6%86%E7%A4%BE%E6%96%B0%E9%97%BB%E9%A2%91%E9%81%93&auth=666858
绛县综合|澜露直播,http://yp.qqqtv.top/1/api.php?id=%E7%BB%9B%E5%8E%BF%E7%BB%BC%E5%90%88%E9%A2%91%E9%81%93&auth=666858
临猗综合|澜露直播,http://yp.qqqtv.top/1/api.php?id=%E4%B8%B4%E7%8C%97%E7%BB%BC%E5%90%88%E9%A2%91%E9%81%93&auth=666858
万荣综合|澜露直播,http://yp.qqqtv.top/1/api.php?id=%E4%B8%87%E8%8D%A3%E7%BB%BC%E5%90%88%E9%A2%91%E9%81%93&auth=666858
闻喜综合|澜露直播,http://yp.qqqtv.top/1/api.php?id=%E9%97%BB%E5%96%9C%E7%BB%BC%E5%90%88%E9%A2%91%E9%81%93&auth=666858
垣曲综合|澜露直播,http://yp.qqqtv.top/1/api.php?id=%E5%9E%A3%E6%9B%B2%E7%BB%BC%E5%90%88%E9%A2%91%E9%81%93&auth=666858
盂县综合|澜露直播,http://yp.qqqtv.top/1/api.php?id=%E7%9B%82%E5%8E%BF%E7%BB%BC%E5%90%88%E9%A2%91%E9%81%93&auth=666858
保德综合|澜露直播,http://yp.qqqtv.top/1/api.php?id=%E4%BF%9D%E5%BE%B7%E7%BB%BC%E5%90%88&auth=666858
定襄综合|澜露直播,http://yp.qqqtv.top/1/api.php?id=%E5%AE%9A%E8%A5%84%E7%BB%BC%E5%90%88&auth=666858
代县综合|澜露直播,http://yp.qqqtv.top/1/api.php?id=%E4%BB%A3%E5%8E%BF%E7%BB%BC%E5%90%88&auth=666858
繁峙综合|澜露直播,http://yp.qqqtv.top/1/api.php?id=%E7%B9%81%E5%B3%99%E7%BB%BC%E5%90%88&auth=666858
静乐综合|澜露直播,http://yp.qqqtv.top/1/api.php?id=%E9%9D%99%E4%B9%90%E7%BB%BC%E5%90%88&auth=666858
宁武综合|澜露直播,http://yp.qqqtv.top/1/api.php?id=%E5%AE%81%E6%AD%A6%E7%BB%BC%E5%90%88&auth=666858
五台综合|澜露直播,http://yp.qqqtv.top/1/api.php?id=%E4%BA%94%E5%8F%B0%E7%BB%BC%E5%90%88&auth=666858
五寨综合|澜露直播,http://yp.qqqtv.top/1/api.php?id=%E4%BA%94%E5%AF%A8%E7%BB%BC%E5%90%88&auth=666858
原平综合|澜露直播,http://yp.qqqtv.top/1/api.php?id=%E5%8E%9F%E5%B9%B3%E7%BB%BC%E5%90%88&auth=666858
高平综合|澜露直播,http://yp.qqqtv.top/1/api.php?id=%E9%AB%98%E5%B9%B3%E7%BB%BC%E5%90%88%E9%A2%91%E9%81%93&auth=666858
沁水综合|澜露直播,http://yp.qqqtv.top/1/api.php?id=%E6%B2%81%E6%B0%B4%E7%BB%BC%E5%90%88&auth=666858
灵丘电视台|澜露直播,http://yp.qqqtv.top/1/api.php?id=%E7%81%B5%E4%B8%98%E7%94%B5%E8%A7%86%E5%8F%B0&auth=666858
左云电视台|澜露直播,http://yp.qqqtv.top/1/api.php?id=%E5%B7%A6%E4%BA%91%E7%94%B5%E8%A7%86%E5%8F%B0&auth=666858
霍州煤电电视台|澜露直播,http://yp.qqqtv.top/1/api.php?id=%E9%9C%8D%E5%B7%9E%E7%85%A4%E7%94%B5%E7%94%B5%E8%A7%86%E5%8F%B0&auth=666858
四川康定|澜露直播,http://m3u8-kd.channel.ganzitv.com/nmip-media-yajiang/channellive/channel100663/playlist.m3u8?
自贡综合|澜露直播,http://110.189.153.160:1001/zhpd.flv?zsicd
甘孜综合|澜露直播,http://tv.drs.ganzitv.com:8100/channellive/gztv.flv?zsicd
松潘新闻综合|澜露直播,http://live.spccmc.com:90/live/spxwzh.m3u8?zsicd
汶川新闻综合|澜露直播,http://live.iwcmt.cn:90/live/zhxw.m3u8?zsicd
利州综合|澜露直播,http://tvfile.lzgbdst.com/nmip-media/channellive/channel106876/playlist.m3u8?zsicd
泸县新闻综合|澜露直播,http://lxfile.lxxcb.cn/nmip-media/channellive/channel103799/playlist.m3u8
泸县新闻综合|澜露直播,http://lxfile.lxxcb.cn:80/nmip-media/channellive/channel103799/playlist.m3u8
凉山新闻综合|澜露直播,http://file.yizu.tv/nmip-media/channellive/channel106606/playlist.m3u8
金川新闻综合|澜露直播,http://live.jinchuanrmt.com:90/live/zhxw.m3u8?zsicd
利州综合|澜露直播,http://tvfile.lzgbdst.com:80/nmip-media/channellive/channel106876/playlist.m3u8
德格综合|澜露直播,http://dgfile.ganzitv.com:80/nmip-media/channellive/channel101955/playlist.m3u8
康定新闻综合|澜露直播,http://m3u8-kd.channel.ganzitv.com/nmip-media-yajiang/channellive/channel100663/playlist.m3u8?zsicd
康定新闻综合|澜露直播,http://m3u8-kd.channel.ganzitv.com/nmip-media-yajiang/channellive/channel100663/playlist.m3u8
广安公共|澜露直播,http://live1.gatv.com.cn:85/live/GGPD_ggpdzm.m3u8?zsicd
泸州公共|澜露直播,http://m3u8.channel.luzhoubs.com/nmip-media/channellive/channel102221/playlist.m3u8
自贡公共|澜露直播,http://110.189.153.160:1002/ggpd.flv?zsicd
长宁综合|澜露直播,http://cnpull.sccnfb.com/live/123456.m3u8?zsicd
金川乡村|澜露直播,http://live.jinchuanrmt.com:90/live/jcxc.m3u8?zsicd
金堂电视台|澜露直播,http://live.jtxwzx.com.cn:80/jtdst/hd/live.m3u8
长宁综合|澜露直播,http://cnpull.sccnfb.com:80/live/123456.m3u8
宣汉新闻综合|澜露直播,http://livexuanhan.chinamcache.com:80/live/push1.m3u8
朝天新闻综合|澜露直播,https://m3u8.channel.dzsm.com:443/nmip-media/channellive/channel104601/playlist.m3u8
青川新闻综合|澜露直播,http://qcfile.qcrmt.com:80/nmip-media/channellive/channel100933/playlist.m3u8
西昌综合|澜露直播,http://xcfb.screx.com.cn:18085/hlsnew1/channel1.m3u8
井研新闻综合|澜露直播,http://tvfile.jyrmt.cn:80/nmip-media/channellive/channel104452/playlist.m3u8
巴中综合|澜露直播,http://ocj2.kksmg.com/ocj1/ocj1.m3u8
夹江新闻综合|澜露直播,rtmp://tv.jjrm.org.cn/channellive/ch1
三台电视一套|澜露直播,http://125.65.94.91:12351/live
凉山新闻综合|澜露直播,rtmp://tv.drs.i0834.cn/channellive/ch1?zsicd
凉山语|澜露直播,rtmp://tv.drs.i0834.cn/channellive/ch2?zsicd
万州影视|澜露直播,http://123.146.162.24:8013/tslslive/vWlnEzU/hls/live_sd.m3u8
泸县新闻综合|澜露直播,http://lxfile.lxxcb.cn/nmip-media/channellive/channel103799/playlist.m3u8?zsicd
广安新闻综合|澜露直播,http://live1.gatv.com.cn:85/live/XWZH.m3u8
广安公共|澜露直播,http://live1.gatv.com.cn:85/live/GGPD_ggpdzm.m3u8
自贡综合|澜露直播,http://110.189.153.160:1001/zhpd.flv
自贡公共|澜露直播,http://110.189.153.160:1002/ggpd.flv
甘孜综合|澜露直播,http://tv.drs.ganzitv.com:8100/channellive/gztv.flv
黑水新闻综合|澜露直播,http://live.schstv.com:90/live/xwzh.m3u8
金川新闻综合|澜露直播,http://live.jinchuanrmt.com:90/live/zhxw.m3u8
金川乡村|澜露直播,http://live.jinchuanrmt.com:90/live/jcxc.m3u8
利州综合|澜露直播,http://tvfile.lzgbdst.com/nmip-media/channellive/channel106876/playlist.m3u8
什邡新闻|澜露直播,http://live.sfrmt.com:85/live/zhpd.m3u8
泸州新闻|澜露直播,http://m3u8.channel.luzhoubs.com/nmip-media/channellive/channel106011/playlist.m3u8
叙州新闻综合|澜露直播,http://pili-live-hls.ybcxjd.com/jdh-live/2108111201035597.m3u8?zsicd
北川电视一套|澜露直播,http://dcpull.sctvcloud.com:80/live/561c239c01881000e4bfd3e600000000/playlist.m3u8
四川经济|澜露直播,http://yp.qqqtv.top/1/api.php?id=%E5%9B%9B%E5%B7%9D%E7%BB%8F%E6%B5%8E%E9%A2%91%E9%81%93&auth=666858
四川文化旅游|澜露直播,http://yp.qqqtv.top/1/api.php?id=%E5%9B%9B%E5%B7%9D%E6%96%87%E5%8C%96%E6%97%85%E6%B8%B8&auth=666858
四川新闻|澜露直播,http://yp.qqqtv.top/1/api.php?id=%E5%9B%9B%E5%B7%9D%E6%96%B0%E9%97%BB%E9%A2%91%E9%81%93&auth=666858
四川影视文艺|澜露直播,http://yp.qqqtv.top/1/api.php?id=%E5%9B%9B%E5%B7%9D%E5%BD%B1%E8%A7%86%E6%96%87%E8%89%BA&auth=666858
四川星空购物|澜露直播,http://yp.qqqtv.top/1/api.php?id=%E5%9B%9B%E5%B7%9D%E6%98%9F%E7%A9%BA%E8%B4%AD%E7%89%A9&auth=666858
四川妇女儿童|澜露直播,http://yp.qqqtv.top/1/api.php?id=%E5%9B%9B%E5%B7%9D%E5%A6%87%E5%A5%B3%E5%84%BF%E7%AB%A5&auth=666858
四川科教|澜露直播,http://yp.qqqtv.top/1/api.php?id=%E5%9B%9B%E5%B7%9D%E7%A7%91%E6%95%99%E9%A2%91%E9%81%93&auth=666858
四川乡村|澜露直播,http://yp.qqqtv.top/1/api.php?id=%E5%9B%9B%E5%B7%9D%E4%B9%A1%E6%9D%91&auth=666858
四川峨眉电影|澜露直播,http://yp.qqqtv.top/1/api.php?id=%E5%9B%9B%E5%B7%9D%E5%B3%A8%E7%9C%89%E7%94%B5%E5%BD%B1&auth=666858
成都新闻综合|澜露直播,http://yp.qqqtv.top/1/api.php?id=%E6%88%90%E9%83%BD%E6%96%B0%E9%97%BB%E7%BB%BC%E5%90%88&auth=666858
绵阳新闻综合|澜露直播,http://yp.qqqtv.top/1/api.php?id=%E7%BB%B5%E9%98%B3%E6%96%B0%E9%97%BB%E7%BB%BC%E5%90%88&auth=666858
绵阳科教生活|澜露直播,http://yp.qqqtv.top/1/api.php?id=%E7%BB%B5%E9%98%B3%E7%A7%91%E6%95%99%E7%94%9F%E6%B4%BB&auth=666858
南充综合|澜露直播,http://yp.qqqtv.top/1/api.php?id=%E5%8D%97%E5%85%85%E7%BB%BC%E5%90%88%E9%A2%91%E9%81%93&auth=666858
南充科教生活|澜露直播,http://yp.qqqtv.top/1/api.php?id=%E5%8D%97%E5%85%85%E7%A7%91%E6%95%99%E7%94%9F%E6%B4%BB&auth=666858
乐山新闻综合|澜露直播,http://yp.qqqtv.top/1/api.php?id=%E4%B9%90%E5%B1%B1%E6%96%B0%E9%97%BB%E7%BB%BC%E5%90%88&auth=666858
乐山文旅生活|澜露直播,http://yp.qqqtv.top/1/api.php?id=%E4%B9%90%E5%B1%B1%E6%96%87%E6%97%85%E7%94%9F%E6%B4%BB&auth=666858
乐山i乐山|澜露直播,http://yp.qqqtv.top/1/api.php?id=%E4%B9%90%E5%B1%B1i%E4%B9%90%E5%B1%B1&auth=666858
广安新闻综合|澜露直播,http://yp.qqqtv.top/1/api.php?id=%E5%B9%BF%E5%AE%89%E6%96%B0%E9%97%BB%E7%BB%BC%E5%90%88&auth=666858
广安文旅乡村|澜露直播,http://yp.qqqtv.top/1/api.php?id=%E5%B9%BF%E5%AE%89%E6%96%87%E6%97%85%E4%B9%A1%E6%9D%91&auth=666858
遂宁新闻综合|澜露直播,http://yp.qqqtv.top/1/api.php?id=%E9%81%82%E5%AE%81%E6%96%B0%E9%97%BB%E7%BB%BC%E5%90%88&auth=666858
遂宁文化生活|澜露直播,http://yp.qqqtv.top/1/api.php?id=%E9%81%82%E5%AE%81%E6%96%87%E5%8C%96%E7%94%9F%E6%B4%BB&auth=666858
雅安新闻综合|澜露直播,http://yp.qqqtv.top/1/api.php?id=%E9%9B%85%E5%AE%89%E6%96%B0%E9%97%BB%E7%BB%BC%E5%90%88&auth=666858
雅安文化生活|澜露直播,http://yp.qqqtv.top/1/api.php?id=%E9%9B%85%E5%AE%89%E6%96%87%E5%8C%96%E7%94%9F%E6%B4%BB&auth=666858
雅安雨城|澜露直播,http://yp.qqqtv.top/1/api.php?id=%E9%9B%85%E5%AE%89%E9%9B%A8%E5%9F%8E%E9%A2%91%E9%81%93&auth=666858
广元综合|澜露直播,http://yp.qqqtv.top/1/api.php?id=%E5%B9%BF%E5%85%83%E7%BB%BC%E5%90%88%E9%A2%91%E9%81%93&auth=666858
广元文化生活|澜露直播,http://yp.qqqtv.top/1/api.php?id=%E5%B9%BF%E5%85%83%E6%96%87%E5%8C%96%E7%94%9F%E6%B4%BB&auth=666858
达州新闻综合|澜露直播,http://yp.qqqtv.top/1/api.php?id=%E8%BE%BE%E5%B7%9E%E6%96%B0%E9%97%BB%E7%BB%BC%E5%90%88&auth=666858
达州文化生活|澜露直播,http://yp.qqqtv.top/1/api.php?id=%E8%BE%BE%E5%B7%9E%E6%96%87%E5%8C%96%E7%94%9F%E6%B4%BB&auth=666858
达州通川|澜露直播,http://yp.qqqtv.top/1/api.php?id=%E8%BE%BE%E5%B7%9E%E9%80%9A%E5%B7%9D%E9%A2%91%E9%81%93&auth=666858
泸州新闻综合|澜露直播,http://yp.qqqtv.top/1/api.php?id=%E6%B3%B8%E5%B7%9E%E6%96%B0%E9%97%BB%E7%BB%BC%E5%90%88&auth=666858
泸州科教生活|澜露直播,http://yp.qqqtv.top/1/api.php?id=%E6%B3%B8%E5%B7%9E%E7%A7%91%E6%95%99%E7%94%9F%E6%B4%BB&auth=666858
凉山新闻综合|澜露直播,http://yp.qqqtv.top/1/api.php?id=%E5%87%89%E5%B1%B1%E6%96%B0%E9%97%BB%E7%BB%BC%E5%90%88&auth=666858
凉山彝语|澜露直播,http://yp.qqqtv.top/1/api.php?id=%E5%87%89%E5%B1%B1%E5%BD%9D%E8%AF%AD%E9%A2%91%E9%81%93&auth=666858
宜宾新闻综合|澜露直播,http://yp.qqqtv.top/1/api.php?id=%E5%AE%9C%E5%AE%BE%E6%96%B0%E9%97%BB%E7%BB%BC%E5%90%88&auth=666858
宜宾公共|澜露直播,http://yp.qqqtv.top/1/api.php?id=%E5%AE%9C%E5%AE%BE%E5%85%AC%E5%85%B1%E9%A2%91%E9%81%93&auth=666858
自贡综合|澜露直播,http://yp.qqqtv.top/1/api.php?id=%E8%87%AA%E8%B4%A1%E7%BB%BC%E5%90%88%E9%A2%91%E9%81%93&auth=666858
自贡文化生活|澜露直播,http://yp.qqqtv.top/1/api.php?id=%E8%87%AA%E8%B4%A1%E6%96%87%E5%8C%96%E7%94%9F%E6%B4%BB&auth=666858
德阳新闻综合|澜露直播,http://yp.qqqtv.top/1/api.php?id=%E5%BE%B7%E9%98%B3%E6%96%B0%E9%97%BB%E7%BB%BC%E5%90%88&auth=666858
德阳文旅科教|澜露直播,http://yp.qqqtv.top/1/api.php?id=%E5%BE%B7%E9%98%B3%E6%96%87%E6%97%85%E7%A7%91%E6%95%99&auth=666858
攀枝花新闻综合|澜露直播,http://yp.qqqtv.top/1/api.php?id=%E6%94%80%E6%9E%9D%E8%8A%B1%E6%96%B0%E9%97%BB%E7%BB%BC%E5%90%88&auth=666858
内江综合|澜露直播,http://yp.qqqtv.top/1/api.php?id=%E5%86%85%E6%B1%9F%E7%BB%BC%E5%90%88%E9%A2%91%E9%81%93&auth=666858
内江科教生活|澜露直播,http://yp.qqqtv.top/1/api.php?id=%E5%86%85%E6%B1%9F%E7%A7%91%E6%95%99%E7%94%9F%E6%B4%BB&auth=666858
眉山综合|澜露直播,http://yp.qqqtv.top/1/api.php?id=%E7%9C%89%E5%B1%B1%E7%BB%BC%E5%90%88%E9%A2%91%E9%81%93&auth=666858
眉山文旅乡村|澜露直播,http://yp.qqqtv.top/1/api.php?id=%E7%9C%89%E5%B1%B1%E6%96%87%E6%97%85%E4%B9%A1%E6%9D%91&auth=666858
甘孜综合|澜露直播,http://yp.qqqtv.top/1/api.php?id=%E7%94%98%E5%AD%9C%E7%BB%BC%E5%90%88%E9%A2%91%E9%81%93&auth=666858
巴中综合|澜露直播,http://yp.qqqtv.top/1/api.php?id=%E5%B7%B4%E4%B8%AD%E7%BB%BC%E5%90%88%E9%A2%91%E9%81%93&auth=666858
巴中文旅生活|澜露直播,http://yp.qqqtv.top/1/api.php?id=%E5%B7%B4%E4%B8%AD%E6%96%87%E6%97%85%E7%94%9F%E6%B4%BB&auth=666858
资阳新闻综合|澜露直播,http://yp.qqqtv.top/1/api.php?id=%E8%B5%84%E9%98%B3%E6%96%B0%E9%97%BB%E7%BB%BC%E5%90%88&auth=666858
阿坝州综合|澜露直播,http://yp.qqqtv.top/1/api.php?id=%E9%98%BF%E5%9D%9D%E5%B7%9E%E7%BB%BC%E5%90%88%E9%A2%91%E9%81%93&auth=666858
阿坝州文艺|澜露直播,http://yp.qqqtv.top/1/api.php?id=%E9%98%BF%E5%9D%9D%E5%B7%9E%E6%96%87%E8%89%BA%E9%A2%91%E9%81%93&auth=666858
崇州综合|澜露直播,http://yp.qqqtv.top/1/api.php?id=%E5%B4%87%E5%B7%9E%E7%BB%BC%E5%90%88%E9%A2%91%E9%81%93&auth=666858
成都高新电视|澜露直播,http://yp.qqqtv.top/1/api.php?id=%E6%88%90%E9%83%BD%E9%AB%98%E6%96%B0%E7%94%B5%E8%A7%86&auth=666858
金堂电视台|澜露直播,http://yp.qqqtv.top/1/api.php?id=%E9%87%91%E5%A0%82%E7%94%B5%E8%A7%86%E5%8F%B0&auth=666858
简阳新闻综合|澜露直播,http://yp.qqqtv.top/1/api.php?id=%E7%AE%80%E9%98%B3%E6%96%B0%E9%97%BB%E7%BB%BC%E5%90%88&auth=666858
龙泉驿新闻综合|澜露直播,http://yp.qqqtv.top/1/api.php?id=%E9%BE%99%E6%B3%89%E9%A9%BF%E6%96%B0%E9%97%BB%E7%BB%BC%E5%90%88&auth=666858
郫都新闻综合|澜露直播,http://yp.qqqtv.top/1/api.php?id=%E9%83%AB%E9%83%BD%E6%96%B0%E9%97%BB%E7%BB%BC%E5%90%88&auth=666858
彭州综合|澜露直播,http://yp.qqqtv.top/1/api.php?id=%E5%BD%AD%E5%B7%9E%E7%BB%BC%E5%90%88%E9%A2%91%E9%81%93&auth=666858
双流综合|澜露直播,http://yp.qqqtv.top/1/api.php?id=%E5%8F%8C%E6%B5%81%E7%BB%BC%E5%90%88%E9%A2%91%E9%81%93&auth=666858
新都综合|澜露直播,http://yp.qqqtv.top/1/api.php?id=%E6%96%B0%E9%83%BD%E7%BB%BC%E5%90%88%E9%A2%91%E9%81%93&auth=666858
都江堰新闻综合|澜露直播,http://yp.qqqtv.top/1/api.php?id=%E9%83%BD%E6%B1%9F%E5%A0%B0%E6%96%B0%E9%97%BB%E7%BB%BC%E5%90%88&auth=666858
长宁综合|澜露直播,http://yp.qqqtv.top/1/api.php?id=%E9%95%BF%E5%AE%81%E7%BB%BC%E5%90%88%E9%A2%91%E9%81%93&auth=666858
珙县综合|澜露直播,http://yp.qqqtv.top/1/api.php?id=%E7%8F%99%E5%8E%BF%E7%BB%BC%E5%90%88%E9%A2%91%E9%81%93&auth=666858
江安综合|澜露直播,http://yp.qqqtv.top/1/api.php?id=%E6%B1%9F%E5%AE%89%E7%BB%BC%E5%90%88%E9%A2%91%E9%81%93&auth=666858
筠连综合|澜露直播,http://yp.qqqtv.top/1/api.php?id=%E7%AD%A0%E8%BF%9E%E7%BB%BC%E5%90%88%E9%A2%91%E9%81%93&auth=666858
南溪综合|澜露直播,http://yp.qqqtv.top/1/api.php?id=%E5%8D%97%E6%BA%AA%E7%BB%BC%E5%90%88%E9%A2%91%E9%81%93&auth=666858
叙州综合|澜露直播,http://yp.qqqtv.top/1/api.php?id=%E5%8F%99%E5%B7%9E%E7%BB%BC%E5%90%88%E9%A2%91%E9%81%93&auth=666858
东兴综合|澜露直播,http://yp.qqqtv.top/1/api.php?id=%E4%B8%9C%E5%85%B4%E7%BB%BC%E5%90%88%E9%A2%91%E9%81%93&auth=666858
隆昌新闻综合|澜露直播,http://yp.qqqtv.top/1/api.php?id=%E9%9A%86%E6%98%8C%E6%96%B0%E9%97%BB%E7%BB%BC%E5%90%88&auth=666858
威远新闻综合|澜露直播,http://yp.qqqtv.top/1/api.php?id=%E5%A8%81%E8%BF%9C%E6%96%B0%E9%97%BB%E7%BB%BC%E5%90%88&auth=666858
资中综合|澜露直播,http://yp.qqqtv.top/1/api.php?id=%E8%B5%84%E4%B8%AD%E7%BB%BC%E5%90%88%E9%A2%91%E9%81%93&auth=666858
达川综合|澜露直播,http://yp.qqqtv.top/1/api.php?id=%E8%BE%BE%E5%B7%9D%E7%BB%BC%E5%90%88%E9%A2%91%E9%81%93&auth=666858
大竹新闻综合|澜露直播,http://yp.qqqtv.top/1/api.php?id=%E5%A4%A7%E7%AB%B9%E6%96%B0%E9%97%BB%E7%BB%BC%E5%90%88&auth=666858
开江新闻综合|澜露直播,http://yp.qqqtv.top/1/api.php?id=%E5%BC%80%E6%B1%9F%E6%96%B0%E9%97%BB%E7%BB%BC%E5%90%88&auth=666858
渠县新闻综合|澜露直播,http://yp.qqqtv.top/1/api.php?id=%E6%B8%A0%E5%8E%BF%E6%96%B0%E9%97%BB%E7%BB%BC%E5%90%88&auth=666858
万源新闻综合|澜露直播,http://yp.qqqtv.top/1/api.php?id=%E4%B8%87%E6%BA%90%E6%96%B0%E9%97%BB%E7%BB%BC%E5%90%88&auth=666858
宣汉新闻综合|澜露直播,http://yp.qqqtv.top/1/api.php?id=%E5%AE%A3%E6%B1%89%E6%96%B0%E9%97%BB%E7%BB%BC%E5%90%88&auth=666858
广汉新闻综合|澜露直播,http://yp.qqqtv.top/1/api.php?id=%E5%B9%BF%E6%B1%89%E6%96%B0%E9%97%BB%E7%BB%BC%E5%90%88&auth=666858
旌阳综合|澜露直播,http://yp.qqqtv.top/1/api.php?id=%E6%97%8C%E9%98%B3%E7%BB%BC%E5%90%88%E9%A2%91%E9%81%93&auth=666858
罗江新闻综合|澜露直播,http://yp.qqqtv.top/1/api.php?id=%E7%BD%97%E6%B1%9F%E6%96%B0%E9%97%BB%E7%BB%BC%E5%90%88&auth=666858
什邡新闻|澜露直播,http://yp.qqqtv.top/1/api.php?id=%E4%BB%80%E9%82%A1%E6%96%B0%E9%97%BB%E9%A2%91%E9%81%93&auth=666858
中江新闻综合|澜露直播,http://yp.qqqtv.top/1/api.php?id=%E4%B8%AD%E6%B1%9F%E6%96%B0%E9%97%BB%E7%BB%BC%E5%90%88&auth=666858
阆中综合|澜露直播,http://yp.qqqtv.top/1/api.php?id=%E9%98%86%E4%B8%AD%E7%BB%BC%E5%90%88%E9%A2%91%E9%81%93&auth=666858
南部新闻综合|澜露直播,http://yp.qqqtv.top/1/api.php?id=%E5%8D%97%E9%83%A8%E6%96%B0%E9%97%BB%E7%BB%BC%E5%90%88&auth=666858
蓬安新闻综合|澜露直播,http://yp.qqqtv.top/1/api.php?id=%E8%93%AC%E5%AE%89%E6%96%B0%E9%97%BB%E7%BB%BC%E5%90%88&auth=666858
顺庆综合|澜露直播,http://yp.qqqtv.top/1/api.php?id=%E9%A1%BA%E5%BA%86%E7%BB%BC%E5%90%88%E9%A2%91%E9%81%93&auth=666858
西充新闻综合|澜露直播,http://yp.qqqtv.top/1/api.php?id=%E8%A5%BF%E5%85%85%E6%96%B0%E9%97%BB%E7%BB%BC%E5%90%88&auth=666858
仪陇综合|澜露直播,http://yp.qqqtv.top/1/api.php?id=%E4%BB%AA%E9%99%87%E7%BB%BC%E5%90%88%E9%A2%91%E9%81%93&auth=666858
营山电视台|澜露直播,http://yp.qqqtv.top/1/api.php?id=%E8%90%A5%E5%B1%B1%E7%94%B5%E8%A7%86%E5%8F%B0&auth=666858
盐边综合|澜露直播,http://yp.qqqtv.top/1/api.php?id=%E7%9B%90%E8%BE%B9%E7%BB%BC%E5%90%88%E9%A2%91%E9%81%93&auth=666858
黑水新闻综合|澜露直播,http://yp.qqqtv.top/1/api.php?id=%E9%BB%91%E6%B0%B4%E6%96%B0%E9%97%BB%E7%BB%BC%E5%90%88&auth=666858
金川新闻综合|澜露直播,http://yp.qqqtv.top/1/api.php?id=%E9%87%91%E5%B7%9D%E6%96%B0%E9%97%BB%E7%BB%BC%E5%90%88&auth=666858
金川乡村|澜露直播,http://yp.qqqtv.top/1/api.php?id=%E9%87%91%E5%B7%9D%E4%B9%A1%E6%9D%91%E9%A2%91%E9%81%93&auth=666858
茂县综合|澜露直播,http://yp.qqqtv.top/1/api.php?id=%E8%8C%82%E5%8E%BF%E7%BB%BC%E5%90%88%E9%A2%91%E9%81%93&auth=666858
壤塘综合|澜露直播,http://yp.qqqtv.top/1/api.php?id=%E5%A3%A4%E5%A1%98%E7%BB%BC%E5%90%88%E9%A2%91%E9%81%93&auth=666858
松潘新闻综合|澜露直播,http://yp.qqqtv.top/1/api.php?id=%E6%9D%BE%E6%BD%98%E6%96%B0%E9%97%BB%E7%BB%BC%E5%90%88&auth=666858
汶川新闻综合|澜露直播,http://yp.qqqtv.top/1/api.php?id=%E6%B1%B6%E5%B7%9D%E6%96%B0%E9%97%BB%E7%BB%BC%E5%90%88&auth=666858
小金综合|澜露直播,http://yp.qqqtv.top/1/api.php?id=%E5%B0%8F%E9%87%91%E7%BB%BC%E5%90%88%E9%A2%91%E9%81%93&auth=666858
九寨沟新闻综合|澜露直播,http://yp.qqqtv.top/1/api.php?id=%E4%B9%9D%E5%AF%A8%E6%B2%9F%E6%96%B0%E9%97%BB%E7%BB%BC%E5%90%88&auth=666858
马尔康综合|澜露直播,http://yp.qqqtv.top/1/api.php?id=%E9%A9%AC%E5%B0%94%E5%BA%B7%E7%BB%BC%E5%90%88%E9%A2%91%E9%81%93&auth=666858
若尔盖综合|澜露直播,http://yp.qqqtv.top/1/api.php?id=%E8%8B%A5%E5%B0%94%E7%9B%96%E7%BB%BC%E5%90%88&auth=666858
富顺综合|澜露直播,http://yp.qqqtv.top/1/api.php?id=%E5%AF%8C%E9%A1%BA%E7%BB%BC%E5%90%88%E9%A2%91%E9%81%93&auth=666858
荣县综合|澜露直播,http://yp.qqqtv.top/1/api.php?id=%E8%8D%A3%E5%8E%BF%E7%BB%BC%E5%90%88%E9%A2%91%E9%81%93&auth=666858
朝天新闻综合|澜露直播,http://yp.qqqtv.top/1/api.php?id=%E6%9C%9D%E5%A4%A9%E6%96%B0%E9%97%BB%E7%BB%BC%E5%90%88&auth=666858
剑阁新闻综合|澜露直播,http://yp.qqqtv.top/1/api.php?id=%E5%89%91%E9%98%81%E6%96%B0%E9%97%BB%E7%BB%BC%E5%90%88&auth=666858
利州综合|澜露直播,http://yp.qqqtv.top/1/api.php?id=%E5%88%A9%E5%B7%9E%E7%BB%BC%E5%90%88%E9%A2%91%E9%81%93&auth=666858
青川新闻综合|澜露直播,http://yp.qqqtv.top/1/api.php?id=%E9%9D%92%E5%B7%9D%E6%96%B0%E9%97%BB%E7%BB%BC%E5%90%88&auth=666858
旺苍新闻综合|澜露直播,http://yp.qqqtv.top/1/api.php?id=%E6%97%BA%E8%8B%8D%E6%96%B0%E9%97%BB%E7%BB%BC%E5%90%88&auth=666858
昭化综合|澜露直播,http://yp.qqqtv.top/1/api.php?id=%E6%98%AD%E5%8C%96%E7%BB%BC%E5%90%88%E9%A2%91%E9%81%93&auth=666858
丹棱新闻综合|澜露直播,http://yp.qqqtv.top/1/api.php?id=%E4%B8%B9%E6%A3%B1%E6%96%B0%E9%97%BB%E7%BB%BC%E5%90%88&auth=666858
洪雅新闻综合|澜露直播,http://yp.qqqtv.top/1/api.php?id=%E6%B4%AA%E9%9B%85%E6%96%B0%E9%97%BB%E7%BB%BC%E5%90%88&auth=666858
彭山综合|澜露直播,http://yp.qqqtv.top/1/api.php?id=%E5%BD%AD%E5%B1%B1%E7%BB%BC%E5%90%88%E9%A2%91%E9%81%93&auth=666858
青神综合|澜露直播,http://yp.qqqtv.top/1/api.php?id=%E9%9D%92%E7%A5%9E%E7%BB%BC%E5%90%88%E9%A2%91%E9%81%93&auth=666858
仁寿综合|澜露直播,http://yp.qqqtv.top/1/api.php?id=%E4%BB%81%E5%AF%BF%E7%BB%BC%E5%90%88%E9%A2%91%E9%81%93&auth=666858
安岳新闻综合|澜露直播,http://yp.qqqtv.top/1/api.php?id=%E5%AE%89%E5%B2%B3%E6%96%B0%E9%97%BB%E7%BB%BC%E5%90%88&auth=666858
乐至综合|澜露直播,http://yp.qqqtv.top/1/api.php?id=%E4%B9%90%E8%87%B3%E7%BB%BC%E5%90%88%E9%A2%91%E9%81%93&auth=666858
雁江新闻|澜露直播,http://yp.qqqtv.top/1/api.php?id=%E9%9B%81%E6%B1%9F%E6%96%B0%E9%97%BB%E9%A2%91%E9%81%93&auth=666858
甘洛综合|澜露直播,http://yp.qqqtv.top/1/api.php?id=%E7%94%98%E6%B4%9B%E7%BB%BC%E5%90%88%E9%A2%91%E9%81%93&auth=666858
会东综合|澜露直播,http://yp.qqqtv.top/1/api.php?id=%E4%BC%9A%E4%B8%9C%E7%BB%BC%E5%90%88%E9%A2%91%E9%81%93&auth=666858
雷波综合|澜露直播,http://yp.qqqtv.top/1/api.php?id=%E9%9B%B7%E6%B3%A2%E7%BB%BC%E5%90%88%E9%A2%91%E9%81%93&auth=666858
冕宁新闻|澜露直播,http://yp.qqqtv.top/1/api.php?id=%E5%86%95%E5%AE%81%E6%96%B0%E9%97%BB%E9%A2%91%E9%81%93&auth=666858
宁南新闻综合|澜露直播,http://yp.qqqtv.top/1/api.php?id=%E5%AE%81%E5%8D%97%E6%96%B0%E9%97%BB%E7%BB%BC%E5%90%88&auth=666858
普格综合|澜露直播,http://yp.qqqtv.top/1/api.php?id=%E6%99%AE%E6%A0%BC%E7%BB%BC%E5%90%88%E9%A2%91%E9%81%93&auth=666858
西昌综合|澜露直播,http://yp.qqqtv.top/1/api.php?id=%E8%A5%BF%E6%98%8C%E7%BB%BC%E5%90%88%E9%A2%91%E9%81%93&auth=666858
昭觉综合|澜露直播,http://yp.qqqtv.top/1/api.php?id=%E6%98%AD%E8%A7%89%E7%BB%BC%E5%90%88%E9%A2%91%E9%81%93&auth=666858
德格综合|澜露直播,http://yp.qqqtv.top/1/api.php?id=%E5%BE%B7%E6%A0%BC%E7%BB%BC%E5%90%88%E9%A2%91%E9%81%93&auth=666858
石渠综合|澜露直播,http://yp.qqqtv.top/1/api.php?id=%E7%9F%B3%E6%B8%A0%E7%BB%BC%E5%90%88%E9%A2%91%E9%81%93&auth=666858
宝兴综合|澜露直播,http://yp.qqqtv.top/1/api.php?id=%E5%AE%9D%E5%85%B4%E7%BB%BC%E5%90%88%E9%A2%91%E9%81%93&auth=666858
汉源综合|澜露直播,http://yp.qqqtv.top/1/api.php?id=%E6%B1%89%E6%BA%90%E7%BB%BC%E5%90%88%E9%A2%91%E9%81%93&auth=666858
名山综合|澜露直播,http://yp.qqqtv.top/1/api.php?id=%E5%90%8D%E5%B1%B1%E7%BB%BC%E5%90%88%E9%A2%91%E9%81%93&auth=666858
石棉综合|澜露直播,http://yp.qqqtv.top/1/api.php?id=%E7%9F%B3%E6%A3%89%E7%BB%BC%E5%90%88%E9%A2%91%E9%81%93&auth=666858
天全新闻|澜露直播,http://yp.qqqtv.top/1/api.php?id=%E5%A4%A9%E5%85%A8%E6%96%B0%E9%97%BB%E9%A2%91%E9%81%93&auth=666858
荥经综合|澜露直播,http://yp.qqqtv.top/1/api.php?id=%E8%8D%A5%E7%BB%8F%E7%BB%BC%E5%90%88%E9%A2%91%E9%81%93&auth=666858
巴州综合|澜露直播,http://yp.qqqtv.top/1/api.php?id=%E5%B7%B4%E5%B7%9E%E7%BB%BC%E5%90%88%E9%A2%91%E9%81%93&auth=666858
南江综合|澜露直播,http://yp.qqqtv.top/1/api.php?id=%E5%8D%97%E6%B1%9F%E7%BB%BC%E5%90%88%E9%A2%91%E9%81%93&auth=666858
平昌新闻综合|澜露直播,http://yp.qqqtv.top/1/api.php?id=%E5%B9%B3%E6%98%8C%E6%96%B0%E9%97%BB%E7%BB%BC%E5%90%88&auth=666858
通江新闻综合|澜露直播,http://yp.qqqtv.top/1/api.php?id=%E9%80%9A%E6%B1%9F%E6%96%B0%E9%97%BB%E7%BB%BC%E5%90%88&auth=666858
峨边电视台|澜露直播,http://yp.qqqtv.top/1/api.php?id=%E5%B3%A8%E8%BE%B9%E7%94%B5%E8%A7%86%E5%8F%B0&auth=666858
夹江新闻综合|澜露直播,http://yp.qqqtv.top/1/api.php?id=%E5%A4%B9%E6%B1%9F%E6%96%B0%E9%97%BB%E7%BB%BC%E5%90%88&auth=666858
井研综合|澜露直播,http://yp.qqqtv.top/1/api.php?id=%E4%BA%95%E7%A0%94%E7%BB%BC%E5%90%88%E9%A2%91%E9%81%93&auth=666858
沐川综合|澜露直播,http://yp.qqqtv.top/1/api.php?id=%E6%B2%90%E5%B7%9D%E7%BB%BC%E5%90%88%E9%A2%91%E9%81%93&auth=666858
犍为新闻综合|澜露直播,http://yp.qqqtv.top/1/api.php?id=%E7%8A%8D%E4%B8%BA%E6%96%B0%E9%97%BB%E7%BB%BC%E5%90%88&auth=666858
沙湾综合|澜露直播,http://yp.qqqtv.top/1/api.php?id=%E6%B2%99%E6%B9%BE%E7%BB%BC%E5%90%88%E9%A2%91%E9%81%93&auth=666858
峨眉山综合|澜露直播,http://yp.qqqtv.top/1/api.php?id=%E5%B3%A8%E7%9C%89%E5%B1%B1%E7%BB%BC%E5%90%88%E9%A2%91%E9%81%93&auth=666858
金口河综合|澜露直播,http://yp.qqqtv.top/1/api.php?id=%E9%87%91%E5%8F%A3%E6%B2%B3%E7%BB%BC%E5%90%88%E9%A2%91%E9%81%93&auth=666858
五通桥综合|澜露直播,http://yp.qqqtv.top/1/api.php?id=%E4%BA%94%E9%80%9A%E6%A1%A5%E7%BB%BC%E5%90%88%E9%A2%91%E9%81%93&auth=666858
合江新闻综合|澜露直播,http://yp.qqqtv.top/1/api.php?id=%E5%90%88%E6%B1%9F%E6%96%B0%E9%97%BB%E7%BB%BC%E5%90%88&auth=666858
泸县新闻综合|澜露直播,http://yp.qqqtv.top/1/api.php?id=%E6%B3%B8%E5%8E%BF%E6%96%B0%E9%97%BB%E7%BB%BC%E5%90%88&auth=666858
纳溪新闻|澜露直播,http://yp.qqqtv.top/1/api.php?id=%E7%BA%B3%E6%BA%AA%E6%96%B0%E9%97%BB%E9%A2%91%E9%81%93&auth=666858
叙永综合|澜露直播,http://yp.qqqtv.top/1/api.php?id=%E5%8F%99%E6%B0%B8%E7%BB%BC%E5%90%88%E9%A2%91%E9%81%93&auth=666858
安居综合|澜露直播,http://yp.qqqtv.top/1/api.php?id=%E5%AE%89%E5%B1%85%E7%BB%BC%E5%90%88%E9%A2%91%E9%81%93&auth=666858
大英新闻综合|澜露直播,http://yp.qqqtv.top/1/api.php?id=%E5%A4%A7%E8%8B%B1%E6%96%B0%E9%97%BB%E7%BB%BC%E5%90%88&auth=666858
蓬溪新闻综合|澜露直播,http://yp.qqqtv.top/1/api.php?id=%E8%93%AC%E6%BA%AA%E6%96%B0%E9%97%BB%E7%BB%BC%E5%90%88&auth=666858
华蓥综合|澜露直播,http://yp.qqqtv.top/1/api.php?id=%E5%8D%8E%E8%93%A5%E7%BB%BC%E5%90%88%E9%A2%91%E9%81%93&auth=666858
邻水新闻综合|澜露直播,http://yp.qqqtv.top/1/api.php?id=%E9%82%BB%E6%B0%B4%E6%96%B0%E9%97%BB%E7%BB%BC%E5%90%88&auth=666858
前锋电视台|澜露直播,http://yp.qqqtv.top/1/api.php?id=%E5%89%8D%E9%94%8B%E7%94%B5%E8%A7%86%E5%8F%B0&auth=666858
武胜综合|澜露直播,http://yp.qqqtv.top/1/api.php?id=%E6%AD%A6%E8%83%9C%E7%BB%BC%E5%90%88%E9%A2%91%E9%81%93&auth=666858
岳池新闻综合|澜露直播,http://yp.qqqtv.top/1/api.php?id=%E5%B2%B3%E6%B1%A0%E6%96%B0%E9%97%BB%E7%BB%BC%E5%90%88&auth=666858
安州综合|澜露直播,http://yp.qqqtv.top/1/api.php?id=%E5%AE%89%E5%B7%9E%E7%BB%BC%E5%90%88%E9%A2%91%E9%81%93&auth=666858
北川电视一套|澜露直播,http://yp.qqqtv.top/1/api.php?id=%E5%8C%97%E5%B7%9D%E7%94%B5%E8%A7%86%E4%B8%80%E5%A5%97&auth=666858
江油新闻综合|澜露直播,http://yp.qqqtv.top/1/api.php?id=%E6%B1%9F%E6%B2%B9%E6%96%B0%E9%97%BB%E7%BB%BC%E5%90%88&auth=666858
平武综合|澜露直播,http://yp.qqqtv.top/1/api.php?id=%E5%B9%B3%E6%AD%A6%E7%BB%BC%E5%90%88%E9%A2%91%E9%81%93&auth=666858
三台电视一套|澜露直播,http://yp.qqqtv.top/1/api.php?id=%E4%B8%89%E5%8F%B0%E7%94%B5%E8%A7%86%E4%B8%80%E5%A5%97&auth=666858
三台电视二套|澜露直播,http://yp.qqqtv.top/1/api.php?id=%E4%B8%89%E5%8F%B0%E7%94%B5%E8%A7%86%E4%BA%8C%E5%A5%97&auth=666858
盐亭综合|澜露直播,http://yp.qqqtv.top/1/api.php?id=%E7%9B%90%E4%BA%AD%E7%BB%BC%E5%90%88%E9%A2%91%E9%81%93&auth=666858
梓潼新闻综合|澜露直播,http://yp.qqqtv.top/1/api.php?id=%E6%A2%93%E6%BD%BC%E6%96%B0%E9%97%BB%E7%BB%BC%E5%90%88&auth=666858
克拉玛依维语综合|澜露直播,https://klmyzb.rcsxzx.com/hls/klmy2.m3u8
五师综合|澜露直播,http://liveout.btzx.com.cn/62ds9e/4nxdih.m3u8
五师双河|澜露直播,http://liveout.btzx.com.cn/62ds9e/6o77s4.m3u8
五家渠综合|澜露直播,https://liveout.btzx.com.cn/62ds9e/d9vi5g.m3u8
新星综合|澜露直播,http://test5.btzx.com.cn/live/13TV.stream/playlist.m3u8
克拉玛依影视剧场|澜露直播,http://klmysjtzb.rcsxzx.com/hls/klmy3.m3u8
克拉玛依汉语综合|澜露直播,https://klmyzb.rcsxzx.com/hls/klmy1.m3u8
石河子新闻综合|澜露直播,http://124.88.144.73:1935/live/xwzh/playlist.m3u8?zxinjd
哈密一套|澜露直播,https://tvpull.hmgbtv.com/hmtv/channel9cd66b3d5d258b2b.flv
哈密一套|澜露直播,https://tvpull.hmgbtv.com/hmtv/channel9cd66b3d5d258b2b/playlist.m3u8
哈密二套|澜露直播,https://tvpull.hmgbtv.com/hmtv/channel108259412c6a6711.flv
哈密三套|澜露直播,https://tvpull.hmgbtv.com/hmtv/channelfb0e5c505477aa44.flv
塔城一套|澜露直播,http://218.84.35.38:3000/m3u8/live/tctv-1/index.m3u8
塔城二套|澜露直播,http://218.84.35.38:3000/m3u8/live/tctv-2/index.m3u8
塔城三套|澜露直播,http://218.84.35.38:3000/m3u8/live/tctv-3/index.m3u8
布尔津汉语综合|澜露直播,https://st-video.xjmty.com/fs/livedit/6fc961a3e0f06313/c9338510613c6394.m3u8
布尔津哈语综合|澜露直播,https://st-video.xjmty.com/fs/livedit/e55abfa37af26e19/8ce9971c2177b3dd.m3u8
阜康新闻综合|澜露直播,http://120.69.17.15:50002/live/test1.m3u8
福海维语综合|澜露直播,http://222.81.86.42:8060/hls/ch4/ch4.m3u8
兵团五师双河新闻综合|澜露直播,https://liveout.btzx.com.cn/62ds9e/4nxdih.m3u8
兵团五师双河影视|澜露直播,https://liveout.btzx.com.cn/62ds9e/6o77s4.m3u8
可克达拉综合|澜露直播,http://test5.btzx.com.cn/live/kkdl.stream/playlist.m3u8?zxinjd
可克达拉综合|澜露直播,http://test5.btzx.com.cn:80/live/kkdl.stream/playlist.m3u8
奎屯哈萨克语|澜露直播,http://218.84.12.186:8002/hls/main/playlist.m3u8
奎屯汉语综合|澜露直播,http://218.84.12.186:8001/hls/main/playlist.m3u8
新疆伊犁经济法制|澜露直播,http://110.153.180.106:55555/out_1/index.m3u8
新疆可克达拉综合|澜露直播,http://test5.btzx.com.cn/live/kkdl.stream/playlist.m3u8
新疆克拉玛依影院|澜露直播,https://klmyzb.rcsxzx.com/hls/klmy3.m3u8
新疆巴音郭楞州1|澜露直播,http://file.loulannews.cn/nmip-media/channellive/channel101476/playlist.m3u8
新疆巴音郭楞州2|澜露直播,http://file.loulannews.cn/nmip-media/channellive/channel102433/playlist.m3u8
新疆巴音郭楞州4|澜露直播,http://file.loulannews.cn/nmip-media/channellive/channel104199/playlist.m3u8
和田综合|澜露直播,http://livehtrmt.chinamcache.com/live/htzb1.m3u8?txSecret=2efa149b9b51399cddb510ee38ec477d&txTime=6631F764
和田维语综合|澜露直播,http://livehtrmt.chinamcache.com/live/htzb4.m3u8?txSecret=2e647e4346e83356f25c91bb17079819&txTime=6631F764
和田影视|澜露直播,http://livehtrmt.chinamcache.com/live/htzb2.m3u8?txSecret=9669dd78bd27d6b2218d74c386c52fc7&txTime=6631F764
和田维语影视|澜露直播,http://livehtrmt.chinamcache.com/live/htzb3.m3u8?txSecret=049b5e3cb4e70b1931e02eeba33ed6a5&txTime=6631F764
新疆维语新闻综合|澜露直播,http://yp.qqqtv.top/1/api.php?id=%E6%96%B0%E7%96%86%E7%BB%B4%E8%AF%AD%E6%96%B0%E9%97%BB%E7%BB%BC%E5%90%88&auth=666858
新疆哈语新闻综合|澜露直播,http://yp.qqqtv.top/1/api.php?id=%E6%96%B0%E7%96%86%E5%93%88%E8%AF%AD%E6%96%B0%E9%97%BB%E7%BB%BC%E5%90%88&auth=666858
新疆汉语综艺|澜露直播,http://yp.qqqtv.top/1/api.php?id=%E6%96%B0%E7%96%86%E6%B1%89%E8%AF%AD%E7%BB%BC%E8%89%BA&auth=666858
新疆维语影视|澜露直播,http://yp.qqqtv.top/1/api.php?id=%E6%96%B0%E7%96%86%E7%BB%B4%E8%AF%AD%E5%BD%B1%E8%A7%86&auth=666858
新疆汉语影视|澜露直播,http://yp.qqqtv.top/1/api.php?id=%E6%96%B0%E7%96%86%E6%B1%89%E8%AF%AD%E5%BD%B1%E8%A7%86&auth=666858
新疆汉语体育健康|澜露直播,http://yp.qqqtv.top/1/api.php?id=%E6%96%B0%E7%96%86%E6%B1%89%E8%AF%AD%E4%BD%93%E8%82%B2%E5%81%A5%E5%BA%B7&auth=666858
新疆少儿|澜露直播,http://yp.qqqtv.top/1/api.php?id=%E6%96%B0%E7%96%86%E5%B0%91%E5%84%BF%E9%A2%91%E9%81%93&auth=666858
乌鲁木齐汉语综合|澜露直播,http://yp.qqqtv.top/1/api.php?id=%E4%B9%8C%E9%B2%81%E6%9C%A8%E9%BD%90%E6%B1%89%E8%AF%AD%E7%BB%BC%E5%90%88&auth=666858
乌鲁木齐维语综合|澜露直播,http://yp.qqqtv.top/1/api.php?id=%E4%B9%8C%E9%B2%81%E6%9C%A8%E9%BD%90%E7%BB%B4%E8%AF%AD%E7%BB%BC%E5%90%88&auth=666858
克拉玛依汉语综合|澜露直播,http://yp.qqqtv.top/1/api.php?id=%E5%85%8B%E6%8B%89%E7%8E%9B%E4%BE%9D%E6%B1%89%E8%AF%AD%E7%BB%BC%E5%90%88&auth=666858
克拉玛依维语综合|澜露直播,http://yp.qqqtv.top/1/api.php?id=%E5%85%8B%E6%8B%89%E7%8E%9B%E4%BE%9D%E7%BB%B4%E8%AF%AD%E7%BB%BC%E5%90%88&auth=666858
克拉玛依影视剧场|澜露直播,http://yp.qqqtv.top/1/api.php?id=%E5%85%8B%E6%8B%89%E7%8E%9B%E4%BE%9D%E5%BD%B1%E8%A7%86%E5%89%A7%E5%9C%BA&auth=666858
昌吉综合|澜露直播,http://yp.qqqtv.top/1/api.php?id=%E6%98%8C%E5%90%89%E7%BB%BC%E5%90%88%E9%A2%91%E9%81%93&auth=666858
昌吉城市生活|澜露直播,http://yp.qqqtv.top/1/api.php?id=%E6%98%8C%E5%90%89%E5%9F%8E%E5%B8%82%E7%94%9F%E6%B4%BB&auth=666858
哈密一套|澜露直播,http://yp.qqqtv.top/1/api.php?id=%E5%93%88%E5%AF%86%E4%B8%80%E5%A5%97&auth=666858
哈密二套|澜露直播,http://yp.qqqtv.top/1/api.php?id=%E5%93%88%E5%AF%86%E4%BA%8C%E5%A5%97&auth=666858
哈密三套|澜露直播,http://yp.qqqtv.top/1/api.php?id=%E5%93%88%E5%AF%86%E4%B8%89%E5%A5%97&auth=666858
伊犁汉语综合|澜露直播,http://yp.qqqtv.top/1/api.php?id=%E4%BC%8A%E7%8A%81%E6%B1%89%E8%AF%AD%E7%BB%BC%E5%90%88&auth=666858
伊犁维吾尔|澜露直播,http://yp.qqqtv.top/1/api.php?id=%E4%BC%8A%E7%8A%81%E7%BB%B4%E5%90%BE%E5%B0%94&auth=666858
伊犁哈萨克|澜露直播,http://yp.qqqtv.top/1/api.php?id=%E4%BC%8A%E7%8A%81%E5%93%88%E8%90%A8%E5%85%8B&auth=666858
伊犁经济法制|澜露直播,http://yp.qqqtv.top/1/api.php?id=%E4%BC%8A%E7%8A%81%E7%BB%8F%E6%B5%8E%E6%B3%95%E5%88%B6&auth=666858
吐鲁番直播|澜露直播,http://yp.qqqtv.top/1/api.php?id=%E5%90%90%E9%B2%81%E7%95%AA%E7%9B%B4%E6%92%AD%E9%A2%91%E9%81%93&auth=666858
克州综合|澜露直播,http://yp.qqqtv.top/1/api.php?id=%E5%85%8B%E5%B7%9E%E7%BB%BC%E5%90%88&auth=666858
喀什综合|澜露直播,http://yp.qqqtv.top/1/api.php?id=%E5%96%80%E4%BB%80%E7%BB%BC%E5%90%88&auth=666858
喀什二套|澜露直播,http://yp.qqqtv.top/1/api.php?id=%E5%96%80%E4%BB%80%E4%BA%8C%E5%A5%97&auth=666858
和田汉语综合|澜露直播,http://yp.qqqtv.top/1/api.php?id=%E5%92%8C%E7%94%B0%E6%B1%89%E8%AF%AD%E7%BB%BC%E5%90%88&auth=666858
和田维语综合|澜露直播,http://yp.qqqtv.top/1/api.php?id=%E5%92%8C%E7%94%B0%E7%BB%B4%E8%AF%AD%E7%BB%BC%E5%90%88&auth=666858
和田汉语影视|澜露直播,http://yp.qqqtv.top/1/api.php?id=%E5%92%8C%E7%94%B0%E6%B1%89%E8%AF%AD%E5%BD%B1%E8%A7%86&auth=666858
和田维语影视|澜露直播,http://yp.qqqtv.top/1/api.php?id=%E5%92%8C%E7%94%B0%E7%BB%B4%E8%AF%AD%E5%BD%B1%E8%A7%86&auth=666858
博州汉语综合|澜露直播,http://yp.qqqtv.top/1/api.php?id=%E5%8D%9A%E5%B7%9E%E6%B1%89%E8%AF%AD%E7%BB%BC%E5%90%88&auth=666858
博州蒙语综合|澜露直播,http://yp.qqqtv.top/1/api.php?id=%E5%8D%9A%E5%B7%9E%E8%92%99%E8%AF%AD%E7%BB%BC%E5%90%88&auth=666858
博州维语综合|澜露直播,http://yp.qqqtv.top/1/api.php?id=%E5%8D%9A%E5%B7%9E%E7%BB%B4%E8%AF%AD%E7%BB%BC%E5%90%88&auth=666858
巴音郭楞州综合|澜露直播,http://yp.qqqtv.top/1/api.php?id=%E5%B7%B4%E9%9F%B3%E9%83%AD%E6%A5%9E%E5%B7%9E%E7%BB%BC%E5%90%88&auth=666858
巴音郭楞州蒙语|澜露直播,http://yp.qqqtv.top/1/api.php?id=%E5%B7%B4%E9%9F%B3%E9%83%AD%E6%A5%9E%E5%B7%9E%E8%92%99%E8%AF%AD&auth=666858
巴音郭楞州维吾尔语|澜露直播,http://yp.qqqtv.top/1/api.php?id=%E5%B7%B4%E9%9F%B3%E9%83%AD%E6%A5%9E%E5%B7%9E%E7%BB%B4%E5%90%BE%E5%B0%94%E8%AF%AD&auth=666858
巴音郭楞州教育|澜露直播,http://yp.qqqtv.top/1/api.php?id=%E5%B7%B4%E9%9F%B3%E9%83%AD%E6%A5%9E%E5%B7%9E%E6%95%99%E8%82%B2&auth=666858
塔城一套|澜露直播,http://yp.qqqtv.top/1/api.php?id=%E5%A1%94%E5%9F%8E%E4%B8%80%E5%A5%97&auth=666858
塔城二套|澜露直播,http://yp.qqqtv.top/1/api.php?id=%E5%A1%94%E5%9F%8E%E4%BA%8C%E5%A5%97&auth=666858
沙湾综合|澜露直播,http://yp.qqqtv.top/1/api.php?id=%E6%B2%99%E6%B9%BE%E7%BB%BC%E5%90%88&auth=666858
塔城市综合|澜露直播,http://yp.qqqtv.top/1/api.php?id=%E5%A1%94%E5%9F%8E%E5%B8%82%E7%BB%BC%E5%90%88&auth=666858
福海汉语综合|澜露直播,http://yp.qqqtv.top/1/api.php?id=%E7%A6%8F%E6%B5%B7%E6%B1%89%E8%AF%AD%E7%BB%BC%E5%90%88&auth=666858
福海维语综合|澜露直播,http://yp.qqqtv.top/1/api.php?id=%E7%A6%8F%E6%B5%B7%E7%BB%B4%E8%AF%AD%E7%BB%BC%E5%90%88&auth=666858
布尔津汉语综合|澜露直播,http://yp.qqqtv.top/1/api.php?id=%E5%B8%83%E5%B0%94%E6%B4%A5%E6%B1%89%E8%AF%AD%E7%BB%BC%E5%90%88&auth=666858
布尔津哈语综合|澜露直播,http://yp.qqqtv.top/1/api.php?id=%E5%B8%83%E5%B0%94%E6%B4%A5%E5%93%88%E8%AF%AD%E7%BB%BC%E5%90%88&auth=666858
阜康新闻综合|澜露直播,http://yp.qqqtv.top/1/api.php?id=%E9%98%9C%E5%BA%B7%E6%96%B0%E9%97%BB%E7%BB%BC%E5%90%88&auth=666858
吉木萨尔综合|澜露直播,http://yp.qqqtv.top/1/api.php?id=%E5%90%89%E6%9C%A8%E8%90%A8%E5%B0%94%E7%BB%BC%E5%90%88&auth=666858
兵团三师图木舒克综合|澜露直播,http://yp.qqqtv.top/1/api.php?id=%E5%85%B5%E5%9B%A2%E4%B8%89%E5%B8%88%E5%9B%BE%E6%9C%A8%E8%88%92%E5%85%8B%E7%BB%BC%E5%90%88&auth=666858
兵团四师可克达拉综合|澜露直播,http://yp.qqqtv.top/1/api.php?id=%E5%85%B5%E5%9B%A2%E5%9B%9B%E5%B8%88%E5%8F%AF%E5%85%8B%E8%BE%BE%E6%8B%89%E7%BB%BC%E5%90%88&auth=666858
兵团五师双河新闻综合|澜露直播,http://yp.qqqtv.top/1/api.php?id=%E5%85%B5%E5%9B%A2%E4%BA%94%E5%B8%88%E5%8F%8C%E6%B2%B3%E6%96%B0%E9%97%BB%E7%BB%BC%E5%90%88&auth=666858
兵团五师双河影视|澜露直播,http://yp.qqqtv.top/1/api.php?id=%E5%85%B5%E5%9B%A2%E4%BA%94%E5%B8%88%E5%8F%8C%E6%B2%B3%E5%BD%B1%E8%A7%86&auth=666858
兵团六师五家渠新闻综合|澜露直播,http://yp.qqqtv.top/1/api.php?id=%E5%85%B5%E5%9B%A2%E5%85%AD%E5%B8%88%E4%BA%94%E5%AE%B6%E6%B8%A0%E6%96%B0%E9%97%BB%E7%BB%BC%E5%90%88&auth=666858
兵团七师胡杨河新闻综合|澜露直播,http://yp.qqqtv.top/1/api.php?id=%E5%85%B5%E5%9B%A2%E4%B8%83%E5%B8%88%E8%83%A1%E6%9D%A8%E6%B2%B3%E6%96%B0%E9%97%BB%E7%BB%BC%E5%90%88&auth=666858
兵团八师石河子新闻综合|澜露直播,http://yp.qqqtv.top/1/api.php?id=%E5%85%B5%E5%9B%A2%E5%85%AB%E5%B8%88%E7%9F%B3%E6%B2%B3%E5%AD%90%E6%96%B0%E9%97%BB%E7%BB%BC%E5%90%88&auth=666858
兵团九师白杨电视台|澜露直播,http://yp.qqqtv.top/1/api.php?id=%E5%85%B5%E5%9B%A2%E4%B9%9D%E5%B8%88%E7%99%BD%E6%9D%A8%E7%94%B5%E8%A7%86%E5%8F%B0&auth=666858
兵团十师北屯一套|澜露直播,http://yp.qqqtv.top/1/api.php?id=%E5%85%B5%E5%9B%A2%E5%8D%81%E5%B8%88%E5%8C%97%E5%B1%AF%E4%B8%80%E5%A5%97&auth=666858
兵团十二师综合|澜露直播,http://yp.qqqtv.top/1/api.php?id=%E5%85%B5%E5%9B%A2%E5%8D%81%E4%BA%8C%E5%B8%88%E7%BB%BC%E5%90%88&auth=666858
兵团十三师新星综合|澜露直播,http://yp.qqqtv.top/1/api.php?id=%E5%85%B5%E5%9B%A2%E5%8D%81%E4%B8%89%E5%B8%88%E6%96%B0%E6%98%9F%E7%BB%BC%E5%90%88&auth=666858
兵团十四师昆玉综合|澜露直播,http://yp.qqqtv.top/1/api.php?id=%E5%85%B5%E5%9B%A2%E5%8D%81%E5%9B%9B%E5%B8%88%E6%98%86%E7%8E%89%E7%BB%BC%E5%90%88&auth=666858
巩留综合|澜露直播,http://yp.qqqtv.top/1/api.php?id=%E5%B7%A9%E7%95%99%E7%BB%BC%E5%90%88&auth=666858
奎屯汉语综合|澜露直播,http://yp.qqqtv.top/1/api.php?id=%E5%A5%8E%E5%B1%AF%E6%B1%89%E8%AF%AD%E7%BB%BC%E5%90%88&auth=666858
西藏影视文化|澜露直播,http://yp.qqqtv.top/1/api.php?id=%E8%A5%BF%E8%97%8F%E5%BD%B1%E8%A7%86%E6%96%87%E5%8C%96&auth=666858
拉萨汉语综合|澜露直播,http://yp.qqqtv.top/1/api.php?id=%E6%8B%89%E8%90%A8%E6%B1%89%E8%AF%AD%E7%BB%BC%E5%90%88&auth=666858
拉萨藏语综合|澜露直播,http://yp.qqqtv.top/1/api.php?id=%E6%8B%89%E8%90%A8%E8%97%8F%E8%AF%AD%E7%BB%BC%E5%90%88&auth=666858
拉萨文旅|澜露直播,http://yp.qqqtv.top/1/api.php?id=%E6%8B%89%E8%90%A8%E6%96%87%E6%97%85%E9%A2%91%E9%81%93&auth=666858
日喀则汉语综合|澜露直播,http://yp.qqqtv.top/1/api.php?id=%E6%97%A5%E5%96%80%E5%88%99%E6%B1%89%E8%AF%AD%E7%BB%BC%E5%90%88&auth=666858
日喀则藏语综合|澜露直播,http://yp.qqqtv.top/1/api.php?id=%E6%97%A5%E5%96%80%E5%88%99%E8%97%8F%E8%AF%AD%E7%BB%BC%E5%90%88&auth=666858
察隅电视台|澜露直播,http://yp.qqqtv.top/1/api.php?id=%E5%AF%9F%E9%9A%85%E7%94%B5%E8%A7%86%E5%8F%B0&auth=666858
工布江达电视台|澜露直播,http://yp.qqqtv.top/1/api.php?id=%E5%B7%A5%E5%B8%83%E6%B1%9F%E8%BE%BE%E7%94%B5%E8%A7%86%E5%8F%B0&auth=666858
麻栗坡|澜露直播,http://tvdrs.wsrtv.com.cn:8100/channellive/mlptv.flv
麻栗坡台|澜露直播,http://m3u8.channel.wsrtv.com.cn/cms/videos/nmip-media/channellive/channel18/playlist.m3u8
丘北新闻综合|澜露直播,http://m3u8.channel.wsrtv.com.cn/cms/videos/nmip-media/channellive/channel14/playlist.m3u8
文山电视台|澜露直播,http://m3u8.channel.wsrtv.com.cn/cms/videos/nmip-media/channellive/channel17/playlist.m3u8
文山综合|澜露直播,http://tvdrs.wsrtv.com.cn:8100/channellive/ch1.flv
文山综合|澜露直播,http://m3u8.channel.wsrtv.com.cn/cms/videos/nmip-media/channellive/channel7/playlist.m3u8
砚山|澜露直播,http://m3u8.channel.wsrtv.com.cn/cms/videos/nmip-media/channellive/channel16/playlist.m3u8
文山综合|澜露直播,http://tvdrs.wsrtv.com.cn:8100/channellive/ch1.flv?zyund
西畴综合|澜露直播,http://m3u8.channel.wsrtv.com.cn/cms/videos/nmip-media/channellive/channel11/playlist.m3u8
广南综合|澜露直播,http://m3u8.channel.wsrtv.com.cn/cms/videos/nmip-media/channellive/channel19/playlist.m3u8
富宁综合|澜露直播,http://m3u8.channel.wsrtv.com.cn/cms/videos/nmip-media/channellive/channel13/playlist.m3u8
康旅|澜露直播,http://140.210.9.53:8800/SuanFaZhibo/live5/yunnan/yunnan.php?id=ynkl
云南卫视|澜露直播,http://140.210.9.53:8800/SuanFaZhibo/live5/yunnan/yunnan2.php?id=ynws
耿马综合|澜露直播,http://140.210.9.53:8800/SuanFaZhibo/live5/yunnan/yunnan2.php?id=gmzh
龙陵综合|澜露直播,http://140.210.9.53:8800/SuanFaZhibo/live5/yunnan/yunnan2.php?id=llzh
隆阳综合|澜露直播,http://140.210.9.53:8800/SuanFaZhibo/live5/yunnan/yunnan2.php?id=lyzh
玉溪新闻综合|澜露直播,http://140.210.9.53:8800/SuanFaZhibo/live5/yunnan/yunnan2.php?id=yxzh
玉溪社会与法|澜露直播,http://140.210.9.53:8800/SuanFaZhibo/live5/yunnan/yunnan2.php?id=yxsf
云南康旅|澜露直播,https://hwapi.yntv.net/62hdvf/227q43.m3u8
云南影视|澜露直播,https://hwapi.yntv.net/62hdvf/utrat7.m3u8
昆明新闻综合|澜露直播,http://161.118.246.142:5678/KmProxy.php?id=xwzh-live
昆明春城民生|澜露直播,http://161.118.246.142:5678/KmProxy.php?id=ccms-live
昆明科学教育|澜露直播,http://161.118.246.142:5678/KmProxy.php?id=kxjy-live
昆明经济生活|澜露直播,http://161.118.246.142:5678/KmProxy.php?id=jjsh-live
云南影视|澜露直播,https://stream1.freetv.fun/76d6929ef3145eb85fe264b8f83432ccc076db07698455be65ce53c618477a90.m3u8
云南娱乐|澜露直播,https://stream1.freetv.fun/1e519db50efc47898d28b361b278dd74438de87cd84222210bb38c2e60968666.m3u8
曲靖一套|澜露直播,rtmp://pili-publish.qjrb.newaircloud.com/newaircloud-qjrb/qjrb_20250928092327?key=0f2275e00668c554&pushSource=eyJzaWQiOiJxanJiIiwibGl2ZUlEIjoiMTgzMDEwIiwicHVzaFR5cGUiOiJjdXN0b20iLCJkZXZpY2UiOiJPQlMiLCJ1aWQiOiIzMSJ9
清廉曲靖|澜露直播,rtmp://pili-publish.qjrb.newaircloud.com/newaircloud-qjrb/qjrb_20250928092430?key=381433e8b3ed3e1a&pushSource=eyJzaWQiOiJxanJiIiwibGl2ZUlEIjoiMTgzMDExIiwicHVzaFR5cGUiOiJjdXN0b20iLCJkZXZpY2UiOiJPQlMiLCJ1aWQiOiIzMSJ9
曲靖三套|澜露直播,rtmp://pili-publish.qjrb.newaircloud.com/newaircloud-qjrb/qjrb_20250928092500?key=b1ed32530f078f6a&pushSource=eyJzaWQiOiJxanJiIiwibGl2ZUlEIjoiMTgzMDEyIiwicHVzaFR5cGUiOiJjdXN0b20iLCJkZXZpY2UiOiJPQlMiLCJ1aWQiOiIzMSJ9
云南都市|澜露直播,http://yp.qqqtv.top/1/api.php?id=%E4%BA%91%E5%8D%97%E9%83%BD%E5%B8%82&auth=666858
云南娱乐|澜露直播,http://yp.qqqtv.top/1/api.php?id=%E4%BA%91%E5%8D%97%E5%A8%B1%E4%B9%90&auth=666858
云南生活资讯|澜露直播,http://yp.qqqtv.top/1/api.php?id=%E4%BA%91%E5%8D%97%E7%94%9F%E6%B4%BB%E8%B5%84%E8%AE%AF&auth=666858
云南影视|澜露直播,http://yp.qqqtv.top/1/api.php?id=%E4%BA%91%E5%8D%97%E5%BD%B1%E8%A7%86&auth=666858
云南康旅|澜露直播,http://yp.qqqtv.top/1/api.php?id=%E4%BA%91%E5%8D%97%E5%BA%B7%E6%97%85&auth=666858
云南少儿|澜露直播,http://yp.qqqtv.top/1/api.php?id=%E4%BA%91%E5%8D%97%E5%B0%91%E5%84%BF&auth=666858
云南澜湄国际|澜露直播,http://yp.qqqtv.top/1/api.php?id=%E4%BA%91%E5%8D%97%E6%BE%9C%E6%B9%84%E5%9B%BD%E9%99%85&auth=666858
美丽云南|澜露直播,http://yp.qqqtv.top/1/api.php?id=%E7%BE%8E%E4%B8%BD%E4%BA%91%E5%8D%97&auth=666858
昆明新闻综合|澜露直播,http://yp.qqqtv.top/1/api.php?id=%E6%98%86%E6%98%8E%E6%96%B0%E9%97%BB%E7%BB%BC%E5%90%88&auth=666858
昆明经济生活|澜露直播,http://yp.qqqtv.top/1/api.php?id=%E6%98%86%E6%98%8E%E7%BB%8F%E6%B5%8E%E7%94%9F%E6%B4%BB&auth=666858
昆明科学教育|澜露直播,http://yp.qqqtv.top/1/api.php?id=%E6%98%86%E6%98%8E%E7%A7%91%E5%AD%A6%E6%95%99%E8%82%B2&auth=666858
昆明春城民生|澜露直播,http://yp.qqqtv.top/1/api.php?id=%E6%98%86%E6%98%8E%E6%98%A5%E5%9F%8E%E6%B0%91%E7%94%9F&auth=666858
昆明教育|澜露直播,http://yp.qqqtv.top/1/api.php?id=%E6%98%86%E6%98%8E%E6%95%99%E8%82%B2&auth=666858
丽江新闻综合|澜露直播,http://yp.qqqtv.top/1/api.php?id=%E4%B8%BD%E6%B1%9F%E6%96%B0%E9%97%BB%E7%BB%BC%E5%90%88&auth=666858
丽江文化旅游|澜露直播,http://yp.qqqtv.top/1/api.php?id=%E4%B8%BD%E6%B1%9F%E6%96%87%E5%8C%96%E6%97%85%E6%B8%B8&auth=666858
玉溪综合|澜露直播,http://yp.qqqtv.top/1/api.php?id=%E7%8E%89%E6%BA%AA%E7%BB%BC%E5%90%88&auth=666858
玉溪社会与法|澜露直播,http://yp.qqqtv.top/1/api.php?id=%E7%8E%89%E6%BA%AA%E7%A4%BE%E4%BC%9A%E4%B8%8E%E6%B3%95&auth=666858
昭通一套|澜露直播,http://yp.qqqtv.top/1/api.php?id=%E6%98%AD%E9%80%9A%E4%B8%80%E5%A5%97&auth=666858
昭通三套|澜露直播,http://yp.qqqtv.top/1/api.php?id=%E6%98%AD%E9%80%9A%E4%B8%89%E5%A5%97&auth=666858
楚雄新闻|澜露直播,http://yp.qqqtv.top/1/api.php?id=%E6%A5%9A%E9%9B%84%E6%96%B0%E9%97%BB&auth=666858
楚雄文旅|澜露直播,http://yp.qqqtv.top/1/api.php?id=%E6%A5%9A%E9%9B%84%E6%96%87%E6%97%85&auth=666858
德宏新闻综合|澜露直播,http://yp.qqqtv.top/1/api.php?id=%E5%BE%B7%E5%AE%8F%E6%96%B0%E9%97%BB%E7%BB%BC%E5%90%88&auth=666858
红河州新闻综合|澜露直播,http://yp.qqqtv.top/1/api.php?id=%E7%BA%A2%E6%B2%B3%E5%B7%9E%E6%96%B0%E9%97%BB%E7%BB%BC%E5%90%88&auth=666858
文山州新闻综合|澜露直播,http://yp.qqqtv.top/1/api.php?id=%E6%96%87%E5%B1%B1%E5%B7%9E%E6%96%B0%E9%97%BB%E7%BB%BC%E5%90%88&auth=666858
普洱新闻综合|澜露直播,http://yp.qqqtv.top/1/api.php?id=%E6%99%AE%E6%B4%B1%E6%96%B0%E9%97%BB%E7%BB%BC%E5%90%88&auth=666858
迪庆综合|澜露直播,http://yp.qqqtv.top/1/api.php?id=%E8%BF%AA%E5%BA%86%E7%BB%BC%E5%90%88&auth=666858
迪庆藏语|澜露直播,http://yp.qqqtv.top/1/api.php?id=%E8%BF%AA%E5%BA%86%E8%97%8F%E8%AF%AD&auth=666858
临沧综合|澜露直播,http://yp.qqqtv.top/1/api.php?id=%E4%B8%B4%E6%B2%A7%E7%BB%BC%E5%90%88&auth=666858
临沧公共|澜露直播,http://yp.qqqtv.top/1/api.php?id=%E4%B8%B4%E6%B2%A7%E5%85%AC%E5%85%B1&auth=666858
保山一套|澜露直播,http://yp.qqqtv.top/1/api.php?id=%E4%BF%9D%E5%B1%B1%E4%B8%80%E5%A5%97&auth=666858
保山二套|澜露直播,http://yp.qqqtv.top/1/api.php?id=%E4%BF%9D%E5%B1%B1%E4%BA%8C%E5%A5%97&auth=666858
保山三套|澜露直播,http://yp.qqqtv.top/1/api.php?id=%E4%BF%9D%E5%B1%B1%E4%B8%89%E5%A5%97&auth=666858
大理州新闻综合|澜露直播,http://yp.qqqtv.top/1/api.php?id=%E5%A4%A7%E7%90%86%E5%B7%9E%E6%96%B0%E9%97%BB%E7%BB%BC%E5%90%88&auth=666858
西双版纳新闻综合|澜露直播,http://yp.qqqtv.top/1/api.php?id=%E8%A5%BF%E5%8F%8C%E7%89%88%E7%BA%B3%E6%96%B0%E9%97%BB%E7%BB%BC%E5%90%88&auth=666858
西双版纳文化旅游|澜露直播,http://yp.qqqtv.top/1/api.php?id=%E8%A5%BF%E5%8F%8C%E7%89%88%E7%BA%B3%E6%96%87%E5%8C%96%E6%97%85%E6%B8%B8&auth=666858
怒江新闻综合|澜露直播,http://yp.qqqtv.top/1/api.php?id=%E6%80%92%E6%B1%9F%E6%96%B0%E9%97%BB%E7%BB%BC%E5%90%88&auth=666858
曲靖一套|澜露直播,http://yp.qqqtv.top/1/api.php?id=%E6%9B%B2%E9%9D%96%E4%B8%80%E5%A5%97&auth=666858
曲靖二套|澜露直播,http://yp.qqqtv.top/1/api.php?id=%E6%9B%B2%E9%9D%96%E4%BA%8C%E5%A5%97&auth=666858
曲靖三套|澜露直播,http://yp.qqqtv.top/1/api.php?id=%E6%9B%B2%E9%9D%96%E4%B8%89%E5%A5%97&auth=666858
芒市综合|澜露直播,http://yp.qqqtv.top/1/api.php?id=%E8%8A%92%E5%B8%82%E7%BB%BC%E5%90%88&auth=666858
瑞丽综合|澜露直播,http://yp.qqqtv.top/1/api.php?id=%E7%91%9E%E4%B8%BD%E7%BB%BC%E5%90%88&auth=666858
澄江综合|澜露直播,http://yp.qqqtv.top/1/api.php?id=%E6%BE%84%E6%B1%9F%E7%BB%BC%E5%90%88&auth=666858
华宁综合|澜露直播,http://yp.qqqtv.top/1/api.php?id=%E5%8D%8E%E5%AE%81%E7%BB%BC%E5%90%88&auth=666858
江川综合|澜露直播,http://yp.qqqtv.top/1/api.php?id=%E6%B1%9F%E5%B7%9D%E7%BB%BC%E5%90%88&auth=666858
通海电视台|澜露直播,http://yp.qqqtv.top/1/api.php?id=%E9%80%9A%E6%B5%B7%E7%94%B5%E8%A7%86%E5%8F%B0&auth=666858
新平综合|澜露直播,http://yp.qqqtv.top/1/api.php?id=%E6%96%B0%E5%B9%B3%E7%BB%BC%E5%90%88&auth=666858
元江综合|澜露直播,http://yp.qqqtv.top/1/api.php?id=%E5%85%83%E6%B1%9F%E7%BB%BC%E5%90%88&auth=666858
易门综合|澜露直播,http://yp.qqqtv.top/1/api.php?id=%E6%98%93%E9%97%A8%E7%BB%BC%E5%90%88&auth=666858
鲁甸综合|澜露直播,http://yp.qqqtv.top/1/api.php?id=%E9%B2%81%E7%94%B8%E7%BB%BC%E5%90%88&auth=666858
巧家综合|澜露直播,http://yp.qqqtv.top/1/api.php?id=%E5%B7%A7%E5%AE%B6%E7%BB%BC%E5%90%88&auth=666858
绥江综合|澜露直播,http://yp.qqqtv.top/1/api.php?id=%E7%BB%A5%E6%B1%9F%E7%BB%BC%E5%90%88&auth=666858
彝良综合|澜露直播,http://yp.qqqtv.top/1/api.php?id=%E5%BD%9D%E8%89%AF%E7%BB%BC%E5%90%88&auth=666858
镇雄电视台|澜露直播,http://yp.qqqtv.top/1/api.php?id=%E9%95%87%E9%9B%84%E7%94%B5%E8%A7%86%E5%8F%B0&auth=666858
景洪新闻综合|澜露直播,http://yp.qqqtv.top/1/api.php?id=%E6%99%AF%E6%B4%AA%E6%96%B0%E9%97%BB%E7%BB%BC%E5%90%88&auth=666858
华坪综合|澜露直播,http://yp.qqqtv.top/1/api.php?id=%E5%8D%8E%E5%9D%AA%E7%BB%BC%E5%90%88&auth=666858
福贡综合|澜露直播,http://yp.qqqtv.top/1/api.php?id=%E7%A6%8F%E8%B4%A1%E7%BB%BC%E5%90%88&auth=666858
贡山综合|澜露直播,http://yp.qqqtv.top/1/api.php?id=%E8%B4%A1%E5%B1%B1%E7%BB%BC%E5%90%88&auth=666858
泸水综合|澜露直播,http://yp.qqqtv.top/1/api.php?id=%E6%B3%B8%E6%B0%B4%E7%BB%BC%E5%90%88&auth=666858
陆良新闻|澜露直播,http://yp.qqqtv.top/1/api.php?id=%E9%99%86%E8%89%AF%E6%96%B0%E9%97%BB&auth=666858
师宗综合|澜露直播,http://yp.qqqtv.top/1/api.php?id=%E5%B8%88%E5%AE%97%E7%BB%BC%E5%90%88&auth=666858
绿春综合|澜露直播,http://yp.qqqtv.top/1/api.php?id=%E7%BB%BF%E6%98%A5%E7%BB%BC%E5%90%88&auth=666858
广南电视台|澜露直播,http://yp.qqqtv.top/1/api.php?id=%E5%B9%BF%E5%8D%97%E7%94%B5%E8%A7%86%E5%8F%B0&auth=666858
丘北电视台|澜露直播,http://yp.qqqtv.top/1/api.php?id=%E4%B8%98%E5%8C%97%E7%94%B5%E8%A7%86%E5%8F%B0&auth=666858
麻栗坡电视台|澜露直播,http://yp.qqqtv.top/1/api.php?id=%E9%BA%BB%E6%A0%97%E5%9D%A1%E7%94%B5%E8%A7%86%E5%8F%B0&auth=666858
洱源综合|澜露直播,http://yp.qqqtv.top/1/api.php?id=%E6%B4%B1%E6%BA%90%E7%BB%BC%E5%90%88%E9%A2%91%E9%81%93&auth=666858
巍山综合|澜露直播,http://yp.qqqtv.top/1/api.php?id=%E5%B7%8D%E5%B1%B1%E7%BB%BC%E5%90%88%E9%A2%91%E9%81%93&auth=666858
龙陵综合|澜露直播,http://yp.qqqtv.top/1/api.php?id=%E9%BE%99%E9%99%B5%E7%BB%BC%E5%90%88%E9%A2%91%E9%81%93&auth=666858
宾川一套|澜露直播,http://yp.qqqtv.top/1/api.php?id=%E5%AE%BE%E5%B7%9D%E4%B8%80%E5%A5%97&auth=666858
云龙综合|澜露直播,http://yp.qqqtv.top/1/api.php?id=%E4%BA%91%E9%BE%99%E7%BB%BC%E5%90%88&auth=666858
隆阳综合|澜露直播,http://yp.qqqtv.top/1/api.php?id=%E9%9A%86%E9%98%B3%E7%BB%BC%E5%90%88%E9%A2%91%E9%81%93&auth=666858
陇川综合|澜露直播,http://yp.qqqtv.top/1/api.php?id=%E9%99%87%E5%B7%9D%E7%BB%BC%E5%90%88&auth=666858
梁河综合|澜露直播,http://yp.qqqtv.top/1/api.php?id=%E6%A2%81%E6%B2%B3%E7%BB%BC%E5%90%88&auth=666858
耿马综合|澜露直播,http://yp.qqqtv.top/1/api.php?id=%E8%80%BF%E9%A9%AC%E7%BB%BC%E5%90%88&auth=666858
浙江公共新闻|澜露直播,https://ali-m-l.cztv.com/channels/lantian/channel007/1080p.m3u8
浙江国际|澜露直播,https://stream1.freetv.fun/352b71137b4f026c65b26c34be3a0f8d48f845b620a6bc472a630aed2fa0e2b7.m3u8
浙江国际|澜露直播,https://ali-m-l.cztv.com/channels/lantian/channel010/1080p.m3u8
浙江少儿|澜露直播,https://ali-m-l.cztv.com/channels/lantian/channel008/1080p.m3u8
浙江教科影视|澜露直播,https://ali-m-l.cztv.com/channels/lantian/channel004/1080p.m3u8
之江纪录|澜露直播,https://ali-m-l.cztv.com/channels/lantian/channel012/1080p.m3u8
浙江民生休闲|澜露直播,https://ali-m-l.cztv.com/channels/lantian/channel006/1080p.m3u8
浙江经视|澜露直播,https://ali-m-l.cztv.com/channels/lantian/channel003/1080p.m3u8
浙江钱江都市|澜露直播,https://ali-m-l.cztv.com/channels/lantian/channel002/1080p.m3u8
湖州文化娱乐|澜露直播,http://hzcm-live.media.hugd.com/613c47f0ab0d4eaa98b21378d0db6ded/0051d31c9dd543a7825eea4e49675b2a.m3u8?auth_key=2277598059-0a5ebfa1c0dc4671b42a60810fc37039-0-fa625b7d1feab612062453c12e3c8887&fbl=
湖州新闻综合|澜露直播,http://hzcm-live.media.hugd.com/3f5fa7d64c7c46a38c6bd8ad35e836cc/65128273761b4731ae53729ea6dcf932.m3u8?auth_key=2277598215-9d21c15111244bea8d298c361d31a72e-0-d031198f58d44b0e91ba2e3f3b188865&fbl=
绍兴新闻综合|澜露直播,http://live.shaoxing.com.cn/video/s10001-sxhb/index.m3u8?zzhed
绍兴公共|澜露直播,http://live.shaoxing.com.cn/video/s10001-sxtv2/index.m3u8?zzhed
绍兴文化影院|澜露直播,http://live.shaoxing.com.cn/video/s10001-sxtv3/index.m3u8?zzhed
上虞新商都|澜露直播,https://stream1.freetv.fun/3304d40ab080cfdc62386a8b26bd04cdbc7330f96858e3e1a69326aa4a94ed2a.m3u8
上虞新闻|澜露直播,https://stream1.freetv.fun/10f878df91ad1768ede91f010c6cc072507a54783e88ddaec8f54356a8945884.m3u8
台州综合|澜露直播,https://stream1.freetv.fun/c4e5873503b189c2c828b0a60392ad7bcc04f20320b4de9fef041904fc33f693.m3u8
宁波1|澜露直播,https://stream1.freetv.fun/5eee88e93c5b7681cfbae7b627b7cd4cfd90bed45a87eb8290a933f15ad81aca.m3u8
金华|澜露直播,https://stream1.freetv.fun/8e0083a49fbe3a33f98f541a1c5063ffac3c680660a9cad6dccda6df2d21418d.m3u8
咸安|澜露直播,https://stream1.freetv.fun/4a21df943d075c00d0669ae8ef52da44ced4e27a51c2b24a8fe2eecc4b1e92ff.m3u8
杭州|澜露直播,https://stream1.freetv.fun/dace29d84a208ac463c9eda2e26e59f8f6a02fc61f549fb003d1903df9b60473.m3u8
长清新闻|澜露直播,http://play-a11.quklive.com/live/1689126294179076.m3u8
衢州衢江综合|澜露直播,http://l.cztvcloud.com/channels/lantian/SXqujiang1/720p.m3u8
常山|澜露直播,https://stream1.freetv.fun/2b5ebb6af6fd593a4a908adbc38c7c8d31cad28c9c4b1386c00a38d91ce176bc.m3u8
文成|澜露直播,https://stream1.freetv.fun/e70d875328e1e68c2bef824f47c21bc721a46cc953bb4336723655e4aebce9c1.m3u8
缙云|澜露直播,http://l.cztvcloud.com/channels/lantian/SXjinyun1/720p.m3u8?zzhed
龙游新闻|澜露直播,https://l.cztvcloud.com/channels/lantian/SXlongyou1/720p.m3u8
龙游生活|澜露直播,https://l.cztvcloud.com/channels/lantian/SXlongyou2/720p.m3u8
普洱TV|澜露直播,https://zhibo.puerw.cn/puer/c752b300-602c-4083-8c5e-f6bb97b58f2d.m3u8
杭州导视|澜露直播,http://125.113.88.160:8888//rtp/233.50.201.182:5140
YMG新闻|澜露直播,http://125.113.88.160:8888//rtp/233.50.201.159:5140
浙江钱江都市|澜露直播,http://yp.qqqtv.top/1/api.php?id=%E6%B5%99%E6%B1%9F%E9%92%B1%E6%B1%9F%E9%83%BD%E5%B8%82&auth=666858
浙江经济生活|澜露直播,http://yp.qqqtv.top/1/api.php?id=%E6%B5%99%E6%B1%9F%E7%BB%8F%E6%B5%8E%E7%94%9F%E6%B4%BB&auth=666858
浙江教科影视|澜露直播,http://yp.qqqtv.top/1/api.php?id=%E6%B5%99%E6%B1%9F%E6%95%99%E7%A7%91%E5%BD%B1%E8%A7%86&auth=666858
浙江民生休闲|澜露直播,http://yp.qqqtv.top/1/api.php?id=%E6%B5%99%E6%B1%9F%E6%B0%91%E7%94%9F%E4%BC%91%E9%97%B2&auth=666858
浙江新闻|澜露直播,http://yp.qqqtv.top/1/api.php?id=%E6%B5%99%E6%B1%9F%E6%96%B0%E9%97%BB&auth=666858
浙江少儿|澜露直播,http://yp.qqqtv.top/1/api.php?id=%E6%B5%99%E6%B1%9F%E5%B0%91%E5%84%BF&auth=666858
浙江国际|澜露直播,http://yp.qqqtv.top/1/api.php?id=%E6%B5%99%E6%B1%9F%E5%9B%BD%E9%99%85&auth=666858
浙江之江纪录|澜露直播,http://yp.qqqtv.top/1/api.php?id=%E6%B5%99%E6%B1%9F%E4%B9%8B%E6%B1%9F%E7%BA%AA%E5%BD%95&auth=666858
好易购|澜露直播,http://yp.qqqtv.top/1/api.php?id=%E5%A5%BD%E6%98%93%E8%B4%AD&auth=666858
杭州综合|澜露直播,http://yp.qqqtv.top/1/api.php?id=%E6%9D%AD%E5%B7%9E%E7%BB%BC%E5%90%88&auth=666858
杭州明珠|澜露直播,http://yp.qqqtv.top/1/api.php?id=%E6%9D%AD%E5%B7%9E%E6%98%8E%E7%8F%A0&auth=666858
杭州生活|澜露直播,http://yp.qqqtv.top/1/api.php?id=%E6%9D%AD%E5%B7%9E%E7%94%9F%E6%B4%BB&auth=666858
杭州影视|澜露直播,http://yp.qqqtv.top/1/api.php?id=%E6%9D%AD%E5%B7%9E%E5%BD%B1%E8%A7%86&auth=666858
杭州青少体育|澜露直播,http://yp.qqqtv.top/1/api.php?id=%E6%9D%AD%E5%B7%9E%E9%9D%92%E5%B0%91%E4%BD%93%E8%82%B2&auth=666858
杭州导视纪录|澜露直播,http://yp.qqqtv.top/1/api.php?id=%E6%9D%AD%E5%B7%9E%E5%AF%BC%E8%A7%86%E7%BA%AA%E5%BD%95&auth=666858
宁波新闻综合|澜露直播,http://yp.qqqtv.top/1/api.php?id=%E5%AE%81%E6%B3%A2%E6%96%B0%E9%97%BB%E7%BB%BC%E5%90%88&auth=666858
宁波社会生活|澜露直播,http://yp.qqqtv.top/1/api.php?id=%E5%AE%81%E6%B3%A2%E7%A4%BE%E4%BC%9A%E7%94%9F%E6%B4%BB&auth=666858
宁波文化娱乐|澜露直播,http://yp.qqqtv.top/1/api.php?id=%E5%AE%81%E6%B3%A2%E6%96%87%E5%8C%96%E5%A8%B1%E4%B9%90&auth=666858
宁波影视|澜露直播,http://yp.qqqtv.top/1/api.php?id=%E5%AE%81%E6%B3%A2%E5%BD%B1%E8%A7%86%E9%A2%91%E9%81%93&auth=666858
绍兴新闻综合|澜露直播,http://yp.qqqtv.top/1/api.php?id=%E7%BB%8D%E5%85%B4%E6%96%B0%E9%97%BB%E7%BB%BC%E5%90%88&auth=666858
绍兴公共|澜露直播,http://yp.qqqtv.top/1/api.php?id=%E7%BB%8D%E5%85%B4%E5%85%AC%E5%85%B1%E9%A2%91%E9%81%93&auth=666858
绍兴文化影视|澜露直播,http://yp.qqqtv.top/1/api.php?id=%E7%BB%8D%E5%85%B4%E6%96%87%E5%8C%96%E5%BD%B1%E8%A7%86&auth=666858
台州新闻综合|澜露直播,http://yp.qqqtv.top/1/api.php?id=%E5%8F%B0%E5%B7%9E%E6%96%B0%E9%97%BB%E7%BB%BC%E5%90%88&auth=666858
金华新闻综合|澜露直播,http://yp.qqqtv.top/1/api.php?id=%E9%87%91%E5%8D%8E%E6%96%B0%E9%97%BB%E7%BB%BC%E5%90%88&auth=666858
舟山新闻综合|澜露直播,http://yp.qqqtv.top/1/api.php?id=%E8%88%9F%E5%B1%B1%E6%96%B0%E9%97%BB%E7%BB%BC%E5%90%88&auth=666858
舟山公共生活|澜露直播,http://yp.qqqtv.top/1/api.php?id=%E8%88%9F%E5%B1%B1%E5%85%AC%E5%85%B1%E7%94%9F%E6%B4%BB&auth=666858
衢州新闻综合|澜露直播,http://yp.qqqtv.top/1/api.php?id=%E8%A1%A2%E5%B7%9E%E6%96%B0%E9%97%BB%E7%BB%BC%E5%90%88&auth=666858
湖州新闻综合|澜露直播,http://yp.qqqtv.top/1/api.php?id=%E6%B9%96%E5%B7%9E%E6%96%B0%E9%97%BB%E7%BB%BC%E5%90%88&auth=666858
湖州公共民生|澜露直播,http://yp.qqqtv.top/1/api.php?id=%E6%B9%96%E5%B7%9E%E5%85%AC%E5%85%B1%E6%B0%91%E7%94%9F&auth=666858
湖州文化娱乐|澜露直播,http://yp.qqqtv.top/1/api.php?id=%E6%B9%96%E5%B7%9E%E6%96%87%E5%8C%96%E5%A8%B1%E4%B9%90&auth=666858
嘉兴新闻综合|澜露直播,http://yp.qqqtv.top/1/api.php?id=%E5%98%89%E5%85%B4%E6%96%B0%E9%97%BB%E7%BB%BC%E5%90%88&auth=666858
嘉兴文化影视|澜露直播,http://yp.qqqtv.top/1/api.php?id=%E5%98%89%E5%85%B4%E6%96%87%E5%8C%96%E5%BD%B1%E8%A7%86&auth=666858
嘉兴公共|澜露直播,http://yp.qqqtv.top/1/api.php?id=%E5%98%89%E5%85%B4%E5%85%AC%E5%85%B1%E9%A2%91%E9%81%93&auth=666858
温州新闻综合|澜露直播,http://yp.qqqtv.top/1/api.php?id=%E6%B8%A9%E5%B7%9E%E6%96%B0%E9%97%BB%E7%BB%BC%E5%90%88&auth=666858
丽水新闻综合|澜露直播,http://yp.qqqtv.top/1/api.php?id=%E4%B8%BD%E6%B0%B4%E6%96%B0%E9%97%BB%E7%BB%BC%E5%90%88&auth=666858
东阳新闻综合|澜露直播,http://yp.qqqtv.top/1/api.php?id=%E4%B8%9C%E9%98%B3%E6%96%B0%E9%97%BB%E7%BB%BC%E5%90%88&auth=666858
东阳影视生活|澜露直播,http://yp.qqqtv.top/1/api.php?id=%E4%B8%9C%E9%98%B3%E5%BD%B1%E8%A7%86%E7%94%9F%E6%B4%BB&auth=666858
磐安新闻综合|澜露直播,http://yp.qqqtv.top/1/api.php?id=%E7%A3%90%E5%AE%89%E6%96%B0%E9%97%BB%E7%BB%BC%E5%90%88&auth=666858
磐安文化生活|澜露直播,http://yp.qqqtv.top/1/api.php?id=%E7%A3%90%E5%AE%89%E6%96%87%E5%8C%96%E7%94%9F%E6%B4%BB&auth=666858
武义新闻综合|澜露直播,http://yp.qqqtv.top/1/api.php?id=%E6%AD%A6%E4%B9%89%E6%96%B0%E9%97%BB%E7%BB%BC%E5%90%88&auth=666858
永康新闻综合|澜露直播,http://yp.qqqtv.top/1/api.php?id=%E6%B0%B8%E5%BA%B7%E6%96%B0%E9%97%BB%E7%BB%BC%E5%90%88&auth=666858
永康华溪|澜露直播,http://yp.qqqtv.top/1/api.php?id=%E6%B0%B8%E5%BA%B7%E5%8D%8E%E6%BA%AA%E9%A2%91%E9%81%93&auth=666858
义乌新闻综合|澜露直播,http://yp.qqqtv.top/1/api.php?id=%E4%B9%89%E4%B9%8C%E6%96%B0%E9%97%BB%E7%BB%BC%E5%90%88&auth=666858
义乌商贸|澜露直播,http://yp.qqqtv.top/1/api.php?id=%E4%B9%89%E4%B9%8C%E5%95%86%E8%B4%B8%E9%A2%91%E9%81%93&auth=666858
义乌公共文艺|澜露直播,http://yp.qqqtv.top/1/api.php?id=%E4%B9%89%E4%B9%8C%E5%85%AC%E5%85%B1%E6%96%87%E8%89%BA&auth=666858
海宁新闻综合|澜露直播,http://yp.qqqtv.top/1/api.php?id=%E6%B5%B7%E5%AE%81%E6%96%B0%E9%97%BB%E7%BB%BC%E5%90%88&auth=666858
嘉善新闻综合|澜露直播,http://yp.qqqtv.top/1/api.php?id=%E5%98%89%E5%96%84%E6%96%B0%E9%97%BB%E7%BB%BC%E5%90%88&auth=666858
平湖新闻综合|澜露直播,http://yp.qqqtv.top/1/api.php?id=%E5%B9%B3%E6%B9%96%E6%96%B0%E9%97%BB%E7%BB%BC%E5%90%88&auth=666858
桐乡新闻综合|澜露直播,http://yp.qqqtv.top/1/api.php?id=%E6%A1%90%E4%B9%A1%E6%96%B0%E9%97%BB%E7%BB%BC%E5%90%88&auth=666858
安吉新闻|澜露直播,http://yp.qqqtv.top/1/api.php?id=%E5%AE%89%E5%90%89%E6%96%B0%E9%97%BB%E9%A2%91%E9%81%93&auth=666858
安吉生活影视|澜露直播,http://yp.qqqtv.top/1/api.php?id=%E5%AE%89%E5%90%89%E7%94%9F%E6%B4%BB%E5%BD%B1%E8%A7%86&auth=666858
萧山新闻综合|澜露直播,http://yp.qqqtv.top/1/api.php?id=%E8%90%A7%E5%B1%B1%E6%96%B0%E9%97%BB%E7%BB%BC%E5%90%88&auth=666858
淳安电视台|澜露直播,http://yp.qqqtv.top/1/api.php?id=%E6%B7%B3%E5%AE%89%E7%94%B5%E8%A7%86%E5%8F%B0&auth=666858
富阳新闻综合|澜露直播,http://yp.qqqtv.top/1/api.php?id=%E5%AF%8C%E9%98%B3%E6%96%B0%E9%97%BB%E7%BB%BC%E5%90%88&auth=666858
桐庐综合|澜露直播,http://yp.qqqtv.top/1/api.php?id=%E6%A1%90%E5%BA%90%E7%BB%BC%E5%90%88%E9%A2%91%E9%81%93&auth=666858
余杭综合|澜露直播,http://yp.qqqtv.top/1/api.php?id=%E4%BD%99%E6%9D%AD%E7%BB%BC%E5%90%88%E9%A2%91%E9%81%93&auth=666858
余杭未来E|澜露直播,http://yp.qqqtv.top/1/api.php?id=%E4%BD%99%E6%9D%AD%E6%9C%AA%E6%9D%A5E%E9%A2%91%E9%81%93&auth=666858
临平新闻|澜露直播,http://yp.qqqtv.top/1/api.php?id=%E4%B8%B4%E5%B9%B3%E6%96%B0%E9%97%BB%E9%A2%91%E9%81%93&auth=666858
余姚新闻综合|澜露直播,http://yp.qqqtv.top/1/api.php?id=%E4%BD%99%E5%A7%9A%E6%96%B0%E9%97%BB%E7%BB%BC%E5%90%88&auth=666858
余姚姚江文化|澜露直播,http://yp.qqqtv.top/1/api.php?id=%E4%BD%99%E5%A7%9A%E5%A7%9A%E6%B1%9F%E6%96%87%E5%8C%96&auth=666858
嵊州新闻综合|澜露直播,http://yp.qqqtv.top/1/api.php?id=%E5%B5%8A%E5%B7%9E%E6%96%B0%E9%97%BB%E7%BB%BC%E5%90%88&auth=666858
嵊泗新闻综合|澜露直播,http://yp.qqqtv.top/1/api.php?id=%E5%B5%8A%E6%B3%97%E6%96%B0%E9%97%BB%E7%BB%BC%E5%90%88&auth=666858
诸暨新闻综合|澜露直播,http://yp.qqqtv.top/1/api.php?id=%E8%AF%B8%E6%9A%A8%E6%96%B0%E9%97%BB%E7%BB%BC%E5%90%88&auth=666858
上虞新闻综合|澜露直播,http://yp.qqqtv.top/1/api.php?id=%E4%B8%8A%E8%99%9E%E6%96%B0%E9%97%BB%E7%BB%BC%E5%90%88&auth=666858
上虞新商都|澜露直播,http://yp.qqqtv.top/1/api.php?id=%E4%B8%8A%E8%99%9E%E6%96%B0%E5%95%86%E9%83%BD&auth=666858
新昌新闻综合|澜露直播,http://yp.qqqtv.top/1/api.php?id=%E6%96%B0%E6%98%8C%E6%96%B0%E9%97%BB%E7%BB%BC%E5%90%88&auth=666858
新昌生活|澜露直播,http://yp.qqqtv.top/1/api.php?id=%E6%96%B0%E6%98%8C%E7%94%9F%E6%B4%BB%E9%A2%91%E9%81%93&auth=666858
玉环新闻综合|澜露直播,http://yp.qqqtv.top/1/api.php?id=%E7%8E%89%E7%8E%AF%E6%96%B0%E9%97%BB%E7%BB%BC%E5%90%88&auth=666858
兰溪新闻综合|澜露直播,http://yp.qqqtv.top/1/api.php?id=%E5%85%B0%E6%BA%AA%E6%96%B0%E9%97%BB%E7%BB%BC%E5%90%88&auth=666858
苍南新闻综合|澜露直播,http://yp.qqqtv.top/1/api.php?id=%E8%8B%8D%E5%8D%97%E6%96%B0%E9%97%BB%E7%BB%BC%E5%90%88&auth=666858
洞头综合|澜露直播,http://yp.qqqtv.top/1/api.php?id=%E6%B4%9E%E5%A4%B4%E7%BB%BC%E5%90%88%E9%A2%91%E9%81%93&auth=666858
龙港综合|澜露直播,http://yp.qqqtv.top/1/api.php?id=%E9%BE%99%E6%B8%AF%E7%BB%BC%E5%90%88%E9%A2%91%E9%81%93&auth=666858
平阳娱乐生活|澜露直播,http://yp.qqqtv.top/1/api.php?id=%E5%B9%B3%E9%98%B3%E5%A8%B1%E4%B9%90%E7%94%9F%E6%B4%BB&auth=666858
瑞安新闻综合|澜露直播,http://yp.qqqtv.top/1/api.php?id=%E7%91%9E%E5%AE%89%E6%96%B0%E9%97%BB%E7%BB%BC%E5%90%88&auth=666858
文成综合|澜露直播,http://yp.qqqtv.top/1/api.php?id=%E6%96%87%E6%88%90%E7%BB%BC%E5%90%88%E9%A2%91%E9%81%93&auth=666858
长兴新闻综合|澜露直播,http://yp.qqqtv.top/1/api.php?id=%E9%95%BF%E5%85%B4%E6%96%B0%E9%97%BB%E7%BB%BC%E5%90%88&auth=666858
柯桥新闻综合|澜露直播,http://yp.qqqtv.top/1/api.php?id=%E6%9F%AF%E6%A1%A5%E6%96%B0%E9%97%BB%E7%BB%BC%E5%90%88&auth=666858
象山新闻综合|澜露直播,http://yp.qqqtv.top/1/api.php?id=%E8%B1%A1%E5%B1%B1%E6%96%B0%E9%97%BB%E7%BB%BC%E5%90%88&auth=666858
普陀新闻综合|澜露直播,http://yp.qqqtv.top/1/api.php?id=%E6%99%AE%E9%99%80%E6%96%B0%E9%97%BB%E7%BB%BC%E5%90%88&auth=666858
乐清新闻|澜露直播,http://yp.qqqtv.top/1/api.php?id=%E4%B9%90%E6%B8%85%E6%96%B0%E9%97%BB%E9%A2%91%E9%81%93&auth=666858
乐清综合|澜露直播,http://yp.qqqtv.top/1/api.php?id=%E4%B9%90%E6%B8%85%E7%BB%BC%E5%90%88%E9%A2%91%E9%81%93&auth=666858
镇海新闻|澜露直播,http://yp.qqqtv.top/1/api.php?id=%E9%95%87%E6%B5%B7%E6%96%B0%E9%97%BB%E9%A2%91%E9%81%93&auth=666858
镇海先锋影视|澜露直播,http://yp.qqqtv.top/1/api.php?id=%E9%95%87%E6%B5%B7%E5%85%88%E9%94%8B%E5%BD%B1%E8%A7%86&auth=666858
宁海新闻综合|澜露直播,http://yp.qqqtv.top/1/api.php?id=%E5%AE%81%E6%B5%B7%E6%96%B0%E9%97%BB%E7%BB%BC%E5%90%88&auth=666858
天台和合|澜露直播,http://yp.qqqtv.top/1/api.php?id=%E5%A4%A9%E5%8F%B0%E5%92%8C%E5%90%88%E9%A2%91%E9%81%93&auth=666858
温岭新闻综合|澜露直播,http://yp.qqqtv.top/1/api.php?id=%E6%B8%A9%E5%B2%AD%E6%96%B0%E9%97%BB%E7%BB%BC%E5%90%88&auth=666858
温岭民生休闲|澜露直播,http://yp.qqqtv.top/1/api.php?id=%E6%B8%A9%E5%B2%AD%E6%B0%91%E7%94%9F%E4%BC%91%E9%97%B2&auth=666858
仙居新闻综合|澜露直播,http://yp.qqqtv.top/1/api.php?id=%E4%BB%99%E5%B1%85%E6%96%B0%E9%97%BB%E7%BB%BC%E5%90%88&auth=666858
慈溪新闻综合|澜露直播,http://yp.qqqtv.top/1/api.php?id=%E6%85%88%E6%BA%AA%E6%96%B0%E9%97%BB%E7%BB%BC%E5%90%88&auth=666858
慈溪民生休闲|澜露直播,http://yp.qqqtv.top/1/api.php?id=%E6%85%88%E6%BA%AA%E6%B0%91%E7%94%9F%E4%BC%91%E9%97%B2&auth=666858
常山新闻综合|澜露直播,http://yp.qqqtv.top/1/api.php?id=%E5%B8%B8%E5%B1%B1%E6%96%B0%E9%97%BB%E7%BB%BC%E5%90%88&auth=666858
江山电视台|澜露直播,http://yp.qqqtv.top/1/api.php?id=%E6%B1%9F%E5%B1%B1%E7%94%B5%E8%A7%86%E5%8F%B0&auth=666858
开化新闻综合|澜露直播,http://yp.qqqtv.top/1/api.php?id=%E5%BC%80%E5%8C%96%E6%96%B0%E9%97%BB%E7%BB%BC%E5%90%88&auth=666858
开化国家公园|澜露直播,http://yp.qqqtv.top/1/api.php?id=%E5%BC%80%E5%8C%96%E5%9B%BD%E5%AE%B6%E5%85%AC%E5%9B%AD&auth=666858
龙游新闻综合|澜露直播,http://yp.qqqtv.top/1/api.php?id=%E9%BE%99%E6%B8%B8%E6%96%B0%E9%97%BB%E7%BB%BC%E5%90%88&auth=666858
龙游生活娱乐|澜露直播,http://yp.qqqtv.top/1/api.php?id=%E9%BE%99%E6%B8%B8%E7%94%9F%E6%B4%BB%E5%A8%B1%E4%B9%90&auth=666858
衢江新闻综合|澜露直播,http://yp.qqqtv.top/1/api.php?id=%E8%A1%A2%E6%B1%9F%E6%96%B0%E9%97%BB%E7%BB%BC%E5%90%88&auth=666858
景宁新闻综合|澜露直播,http://yp.qqqtv.top/1/api.php?id=%E6%99%AF%E5%AE%81%E6%96%B0%E9%97%BB%E7%BB%BC%E5%90%88&auth=666858
缙云综合|澜露直播,http://yp.qqqtv.top/1/api.php?id=%E7%BC%99%E4%BA%91%E7%BB%BC%E5%90%88%E9%A2%91%E9%81%93&auth=666858
龙泉新闻综合|澜露直播,http://yp.qqqtv.top/1/api.php?id=%E9%BE%99%E6%B3%89%E6%96%B0%E9%97%BB%E7%BB%BC%E5%90%88&auth=666858
庆元综合|澜露直播,http://yp.qqqtv.top/1/api.php?id=%E5%BA%86%E5%85%83%E7%BB%BC%E5%90%88%E9%A2%91%E9%81%93&auth=666858
遂昌综合|澜露直播,http://yp.qqqtv.top/1/api.php?id=%E9%81%82%E6%98%8C%E7%BB%BC%E5%90%88%E9%A2%91%E9%81%93&auth=666858
松阳综合|澜露直播,http://yp.qqqtv.top/1/api.php?id=%E6%9D%BE%E9%98%B3%E7%BB%BC%E5%90%88%E9%A2%91%E9%81%93&auth=666858
云和新闻综合|澜露直播,http://yp.qqqtv.top/1/api.php?id=%E4%BA%91%E5%92%8C%E6%96%B0%E9%97%BB%E7%BB%BC%E5%90%88&auth=666858
河南都市|澜露直播,http://218.206.221.78:90/hls/53/index.m3u8
河南民生|澜露直播,http://218.206.221.78:90/hls/54/index.m3u8
河南法制|澜露直播,http://218.206.221.78:90/hls/55/index.m3u8
河南电视剧|澜露直播,http://218.206.221.78:90/hls/56/index.m3u8
河南新闻|澜露直播,http://218.206.221.78:90/hls/57/index.m3u8
济源-1|澜露直播,http://218.206.221.78:90/hls/52/index.m3u8
河南电视剧|澜露直播,http://xxwx.yoesun.com/xxw/河南网.php?id=hndsj
河南民生|澜露直播,http://xxwx.yoesun.com/xxw/河南网.php?id=hnms
河南新闻|澜露直播,http://xxwx.yoesun.com/xxw/河南网.php?id=hnxw
河南公共|澜露直播,http://xxwx.yoesun.com/xxw/河南网.php?id=hngg
河南都市|澜露直播,http://xxwx.yoesun.com/xxw/河南网.php?id=hnds
河南民生|澜露直播,http://1.94.31.214/php/hntv.php?id=hnms
河南电视剧|澜露直播,http://1.94.31.214/php/hntv.php?id=hndsj
河南新闻|澜露直播,http://1.94.31.214/php/hntv.php?id=hnxw
河南公共|澜露直播,http://1.94.31.214/php/hntv.php?id=hngg
河南乡村|澜露直播,http://1.94.31.214/php/hntv.php?id=hnxc
河南梨园|澜露直播,http://1.94.31.214/php/hntv.php?id=hnly
文物宝库|澜露直播,http://1.94.31.214/php/hntv.php?id=wwbk
武术世界|澜露直播,http://1.94.31.214/php/hntv.php?id=wspd
睛彩中原|澜露直播,http://1.94.31.214/php/hntv.php?id=jczy
移动戏曲|澜露直播,http://1.94.31.214/php/hntv.php?id=ydxj
河南梨园|澜露直播,http://150.158.10.195:80/dxxw.php?id=hnly
移动戏曲|澜露直播,http://150.158.10.195:80/dxxw.php?id=ydxj
河南都市|澜露直播,http://150.158.10.195:80/dxxw.php?id=hnds
河南民生|澜露直播,http://150.158.10.195:80/dxxw.php?id=hnms
河南法治|澜露直播,http://150.158.10.195:80/dxxw.php?id=hmfz
河南新闻|澜露直播,http://150.158.10.195:80/dxxw.php?id=hnxw
河南公共|澜露直播,http://150.158.10.195:80/dxxw.php?id=hngg
河南乡村|澜露直播,http://150.158.10.195:80/dxxw.php?id=hnxc
河南电视剧|澜露直播,http://150.158.10.195:80/dxxw.php?id=hndsj
武术世界|澜露直播,http://150.158.10.195:80/dxxw.php?id=wspd
河南曲艺|澜露直播,http://150.158.10.195:80/dxxw.php?id=jczy
象视界|澜露直播,http://150.158.10.195:80/dxxw.php?id=xsj
焦作公共|澜露直播,http://zhpull.dxhmt.cn/jiaozuo/29b65b69130c4ef1a3283cc7b913da05/playlist.m3u8
焦作综合|澜露直播,http://zhpull.dxhmt.cn/jiaozuo/b75a92c9503e47cf9e89f7ff247b65f2/playlist.m3u8
开封新闻综合|澜露直播,http://150.158.10.195:80/dxxw.php?id=kf1
郑州新闻综合|澜露直播,http://150.158.10.195:80/dxxw.php?id=zz1
平顶山新闻综合|澜露直播,http://150.158.10.195:80/dxxw.php?id=pds1
洛阳新闻综合|澜露直播,http://150.158.10.195:80/dxxw.php?id=ly1
新乡新闻综合|澜露直播,http://150.158.10.195:80/dxxw.php?id=xx1
焦作新闻综合|澜露直播,http://150.158.10.195:80/dxxw.php?id=jz1
许昌新闻综合|澜露直播,http://150.158.10.195:80/dxxw.php?id=xc1
三门峡新闻综合|澜露直播,http://150.158.10.195:80/dxxw.php?id=smx1
南阳新闻综合|澜露直播,http://150.158.10.195:80/dxxw.php?id=ny1
商丘新闻综合|澜露直播,http://150.158.10.195:80/dxxw.php?id=sq1
信阳新闻综合|澜露直播,http://150.158.10.195:80/dxxw.php?id=xy1
周口新闻综合|澜露直播,http://150.158.10.195:80/dxxw.php?id=zk1
济源新闻综合|澜露直播,http://150.158.10.195:80/dxxw.php?id=jy1
河南卫视|澜露直播,http://39.165.39.49:19901/tsfile/live/1105_1.m3u8
河南都市|澜露直播,http://39.165.39.49:19901/tsfile/live/1106_1.m3u8
河南民生|澜露直播,http://39.165.39.49:19901/tsfile/live/1109_1.m3u8
河南法治|澜露直播,http://39.165.39.49:19901/tsfile/live/1110_1.m3u8
河南电视剧|澜露直播,http://39.165.39.49:19901/tsfile/live/1111_1.m3u8
河南新闻|澜露直播,http://39.165.39.49:19901/tsfile/live/1112_1.m3u8
河南戏曲|澜露直播,http://39.165.39.49:19901/tsfile/live/1118_1.m3u8
河南收藏天下|澜露直播,http://39.165.39.49:19901/tsfile/live/1119_1.m3u8
郑州商都-2|澜露直播,http://39.165.39.49:19901/tsfile/live/1125_1.m3u8
郑州豫剧-4|澜露直播,http://39.165.39.49:19901/tsfile/live/1120_1.m3u8
郑州都市生活-6|澜露直播,http://39.165.39.49:19901/tsfile/live/1114_1.m3u8
襄城|澜露直播,http://tvpull.dxhmt.cn:9081/tv/11025-1.m3u8
APTV|澜露直播,http://tvpull.dxhmt.cn:9081/tv/10522-1.m3u8
确山|澜露直播,http://tvpull.dxhmt.cn:9081/tv/11725-1.m3u8
遂平|澜露直播,http://tvpull.dxhmt.cn:9081/tv/11728-1.m3u8
鲁山|澜露直播,http://tvpull.dxhmt.cn:9081/tv/10423-1.m3u8
方城|澜露直播,http://tvpull.dxhmt.cn:9081/tv/11322-1.m3u8
11323|澜露直播,http://tvpull.dxhmt.cn:9081/tv/11323-1.m3u8
淅川|澜露直播,http://tvpull.dxhmt.cn:9081/tv/11326-1.m3u8
获嘉|澜露直播,http://tvpull.dxhmt.cn:9081/tv/10724-1.m3u8
原阳|澜露直播,http://tvpull.dxhmt.cn:9081/tv/10725-1.m3u8
延津|澜露直播,http://tvpull.dxhmt.cn:9081/tv/10726-1.m3u8
鹿邑|澜露直播,http://tvpull.dxhmt.cn:9081/tv/11628-1.m3u8
太康|澜露直播,http://tvpull.dxhmt.cn:9081/tv/11627-1.m3u8
栾川|澜露直播,http://tvpull.dxhmt.cn:9081/tv/10324-1.m3u8
卢氏|澜露直播,http://tvpull.dxhmt.cn:9081/tv/11224-1.m3u8
安阳新闻综合|澜露直播,http://zhpull.dxhmt.cn/anyang/7e3b40563af54e2f9f48e2c67c5d9fab/playlist.m3u8
安阳文旅|澜露直播,http://zhpull.dxhmt.cn/anyang/24edb37167474b17948c6fbaf09890b8/playlist.m3u8
郑州新闻综合|澜露直播,http://8.138.7.223/tv/hnzz.php?id=zzxwzh
郑州商都|澜露直播,http://8.138.7.223/tv/hnzz.php?id=zzsd
郑州文体旅游|澜露直播,http://8.138.7.223/tv/hnzz.php?id=zzwtly
郑州豫剧|澜露直播,http://8.138.7.223/tv/hnzz.php?id=zzyj
郑州都市|澜露直播,http://8.138.7.223/tv/hnzz.php?id=zzdssh
郑州妇女儿童|澜露直播,http://8.138.7.223/tv/hnzz.php?id=zzfnet
牟综合|澜露直播,http://zmgd.zyrnet.com:8888/hls/19/index.m3u8
牟生活|澜露直播,http://zmgd.zyrnet.com:8888/hls/20/index.m3u8
河南都市|澜露直播,http://zmgd.zyrnet.com:8888/hls/21/index.m3u8
河南民生|澜露直播,http://zmgd.zyrnet.com:8888/hls/22/index.m3u8
河南法治|澜露直播,http://zmgd.zyrnet.com:8888/hls/23/index.m3u8
河南电视剧|澜露直播,http://zmgd.zyrnet.com:8888/hls/24/index.m3u8
河南新闻|澜露直播,http://zmgd.zyrnet.com:8888/hls/25/index.m3u8
河南公共|澜露直播,http://zmgd.zyrnet.com:8888/hls/27/index.m3u8
河南乡村|澜露直播,http://zmgd.zyrnet.com:8888/hls/28/index.m3u8
重温经典|澜露直播,http://zmgd.zyrnet.com:8888/hls/29/index.m3u8
导视|澜露直播,http://dodge.lwfz.fun:8800/rtp/239.16.20.17:10170
洛阳综合|澜露直播,https://wshlslive.migucloud.com/live/08QAZLG6_C0/playlist.m3u8
洛阳科教|澜露直播,https://wshlslive.migucloud.com/live/A2HVH5BQ_C0/playlist.m3u8
洛阳文旅|澜露直播,https://wshlslive.migucloud.com/live/Q081CD54_C0/playlist.m3u8
重温经典|澜露直播,http://111.8.224.6:4095/tsfile/live/1054_1.m3u8
东南卫视|澜露直播,http://39.150.98.32:7799/tsfile/live/0137_1.m3u8
家庭影院|澜露直播,http://39.150.98.32:7799/tsfile/live/1027_1.m3u8
动作电影|澜露直播,http://39.150.98.32:7799/tsfile/live/1028_1.m3u8
影迷电影|澜露直播,http://39.150.98.32:7799/tsfile/live/1029_1.m3u8
信阳综合|澜露直播,http://38.75.136.137:82/live1/hatv.m3u8?id=haxytv1&usign=M7sBXHR7iMOJOZXbdJPERQ
信阳浉河|澜露直播,https://rtmp.xytv.cn/live/8b28047c9e6f.m3u8
信阳文旅|澜露直播,https://rtmp.xytv.cn/live/118cfcf8c6df.m3u8
信阳平桥|澜露直播,https://rtmp.xytv.cn/live/b998c92c650c.m3u8
驻马店公共|澜露直播,https://p2hs.vzan.com/slowlive/692736859757132846/live.m3u8
驻马店新闻|澜露直播,https://p2hs.vzan.com/slowlive/856224149274600377/live.m3u8
河南乡村|澜露直播,http://help.lwfz.fun:8800/rtp/239.16.10.181:2000
河南新闻|澜露直播,http://help.lwfz.fun:8800/rtp/239.16.10.124:2000
河南都市|澜露直播,http://help.lwfz.fun:8800/rtp/239.16.10.120:2000
河南法治|澜露直播,http://help.lwfz.fun:8800/rtp/239.16.10.122:2000
河南公共|澜露直播,http://help.lwfz.fun:8800/rtp/239.16.10.126:2000
河南民生|澜露直播,http://help.lwfz.fun:8800/rtp/239.16.20.165:11650
河南电视剧|澜露直播,http://help.lwfz.fun:8800/rtp/239.16.20.167:11670
河南梨园|澜露直播,http://help.lwfz.fun:8800/rtp/239.16.20.171:11710
河南文物宝库|澜露直播,http://help.lwfz.fun:8800/rtp/239.16.20.172:11720
河南武术世界|澜露直播,http://help.lwfz.fun:8800/rtp/239.16.20.173:11730
河南移动电视|澜露直播,http://help.lwfz.fun:8800/rtp/239.16.10.79:2000
大美河南|澜露直播,http://help.lwfz.fun:8800/rtp/239.16.20.17:10170
郑州新闻综合|澜露直播,http://help.lwfz.fun:8800/rtp/239.16.10.154:2000
郑州商都|澜露直播,http://help.lwfz.fun:8800/rtp/239.16.10.155:2000
郑州文体旅游|澜露直播,http://help.lwfz.fun:8800/rtp/239.16.10.156:2000
郑州豫剧|澜露直播,http://help.lwfz.fun:8800/rtp/239.16.10.157:2000
郑州妇女儿童|澜露直播,http://help.lwfz.fun:8800/rtp/239.16.10.158:2000
郑州都市|澜露直播,http://help.lwfz.fun:8800/rtp/239.16.10.159:2000
周口公共|澜露直播,http://help.lwfz.fun:8800/rtp/239.16.10.172:2000
周口教育|澜露直播,http://help.lwfz.fun:8800/rtp/239.16.10.173:2000
周口新闻|澜露直播,http://help.lwfz.fun:8800/rtp/239.16.10.59:2000
商丘公共|澜露直播,http://help.lwfz.fun:8800/rtp/239.16.10.168:2000
商丘文体|澜露直播,http://help.lwfz.fun:8800/rtp/239.16.10.169:2000
商丘新闻|澜露直播,http://help.lwfz.fun:8800/rtp/239.16.10.153:2000
平顶山公共|澜露直播,http://help.lwfz.fun:8800/rtp/239.16.20.152:11520
平顶山城市|澜露直播,http://help.lwfz.fun:8800/rtp/239.16.20.151:11510
平顶山教育|澜露直播,http://help.lwfz.fun:8800/rtp/239.16.20.27:10270
平顶山新闻|澜露直播,http://help.lwfz.fun:8800/rtp/239.16.20.137:11370
开封新闻|澜露直播,http://help.lwfz.fun:8800/rtp/239.16.10.57:2000
开封文化|澜露直播,http://help.lwfz.fun:8800/rtp/239.16.10.177:2000
综合|澜露直播,http://help.lwfz.fun:8800/rtp/239.16.20.207:12070
洛阳文旅|澜露直播,http://help.lwfz.fun:8800/rtp/239.16.20.178:11780
洛阳新闻|澜露直播,http://help.lwfz.fun:8800/rtp/239.16.20.179:11790
洛阳科教|澜露直播,http://help.lwfz.fun:8800/rtp/239.16.20.177:11770
焦作公共|澜露直播,http://help.lwfz.fun:8800/rtp/239.16.20.155:11550
焦作综合|澜露直播,http://help.lwfz.fun:8800/rtp/239.16.20.140:11400
驻马店新闻|澜露直播,http://help.lwfz.fun:8800/rtp/239.16.10.170:2000
驻马店科教|澜露直播,http://help.lwfz.fun:8800/rtp/239.16.10.171:2000
南阳公共|澜露直播,http://help.lwfz.fun:8800/rtp/239.16.10.165:2000
南阳新闻|澜露直播,http://help.lwfz.fun:8800/rtp/239.16.10.58:2000
安阳新闻|澜露直播,http://help.lwfz.fun:8800/rtp/239.16.20.144:11440
安阳科教|澜露直播,http://help.lwfz.fun:8800/rtp/239.16.20.193:11930
新乡公共|澜露直播,http://help.lwfz.fun:8800/rtp/239.16.20.154:11540
新乡新闻|澜露直播,http://help.lwfz.fun:8800/rtp/239.16.20.139:11390
许昌农业|澜露直播,http://help.lwfz.fun:8800/rtp/239.16.10.60:2000
许昌综合|澜露直播,http://help.lwfz.fun:8800/rtp/239.16.10.47:2000
濮阳公共|澜露直播,http://help.lwfz.fun:8800/rtp/239.16.20.184:11840
濮阳新闻|澜露直播,http://help.lwfz.fun:8800/rtp/239.16.20.175:11750
信阳文旅|澜露直播,http://help.lwfz.fun:8800/rtp/239.16.10.71:2000
信阳新闻|澜露直播,http://help.lwfz.fun:8800/rtp/239.16.10.52:2000
新县综合|澜露直播,http://help.lwfz.fun:8800/rtp/239.16.10.166:2000
新密综合|澜露直播,http://help.lwfz.fun:8800/rtp/239.16.10.31:2000
三门峡新闻|澜露直播,http://help.lwfz.fun:8800/rtp/239.16.20.145:11450
河北影视|澜露直播,http://tv.pull.hebtv.com/jishi/yingshijupindao.m3u8?t=1893427200&k=2bbbb53c494c02c044ed8805c541df4e
河北经济|澜露直播,http://1.94.31.214/php/hebei.php?id=jjsh
河北都市|澜露直播,http://1.94.31.214/php/hebei.php?id=hbds
河北影视|澜露直播,http://1.94.31.214/php/hebei.php?id=hbys
河北少儿|澜露直播,http://1.94.31.214/php/hebei.php?id=sekj
河北公共|澜露直播,http://1.94.31.214/php/hebei.php?id=hbgg
河北三农|澜露直播,http://1.94.31.214/php/hebei.php?id=nmpd
清苑生活|澜露直播,https://jwcdnqx.hebyun.com.cn/live/qyxwpd/1500k/tzwj_video.m3u8
双滦新闻|澜露直播,https://jwcdnqx.hebyun.com.cn/live/slxw/1500k/tzwj_video.m3u8
肃宁|澜露直播,http://jwplay.hebyun.com.cn/live/sndst01/1500k/tzwj_video.m3u8
望都|澜露直播,https://jwcdnqx.hebyun.com.cn/live/wddst/1500k/tzwj_video.m3u8
徐水|澜露直播,https://jwcdnqx.hebyun.com.cn/live/jiyunxushui123/1500k/tzwj_video.m3u8
枣强|澜露直播,http://hbzqdb.chinashadt.com:1937/live/zqzh.stream_360p/playlist.m3u8
保定新闻|澜露直播,http://jwcdnqx.hebyun.com.cn/live/jybd/1500k/tzwj_video.m3u8
保定生活|澜露直播,http://jwcdnqx.hebyun.com.cn/live/bddst/1500k/tzwj_video.m3u8
邢台综合|澜露直播,https://jwplay.hebyun.com.cn:443/live/xtsrmtzs/1500k/tzwj_video.m3u8
河北都市|澜露直播,https://www.nettvpro.xyz/hls/hebei.php?id=hbds
河北经济|澜露直播,https://www.nettvpro.xyz/hls/hebei.php?id=hbjj
河北影视剧|澜露直播,https://www.nettvpro.xyz/hls/hebei.php?id=hbysj
河北少儿科教|澜露直播,https://www.nettvpro.xyz/hls/hebei.php?id=hbse
河北文旅公共|澜露直播,https://www.nettvpro.xyz/hls/hebei.php?id=hbgg
河北农民|澜露直播,https://www.nettvpro.xyz/hls/hebei.php?id=hbnm
廊坊新闻|澜露直播,rtmp://222.222.126.18/live/lfxw
廊坊生活|澜露直播,rtmp://222.222.126.18/live/lfgg
新乐|澜露直播,https://jwcdnqx.hebyun.com.cn/live/XLTV/1500k/tzwj_video.m3u8
鹿泉|澜露直播,https://jwcdnqx.hebyun.com.cn/live/luquaner/1500k/tzwj_video.m3u8
鹿泉综合|澜露直播,https://jwcdnqx.hebyun.com.cn/live/luquanyi/1500k/tzwj_video.m3u8
张家口1|澜露直播,http://nlive.zjkgdcs.com:8091/live/xwzhpd.m3u8
张家口2|澜露直播,http://nlive.zjkgdcs.com:8091/live/zjktv2.m3u8
河北经济|澜露直播,http://ylt.7766.org:333/hls/23/index.m3u8
河北都市|澜露直播,http://ylt.7766.org:333/hls/24/index.m3u8
河北影视|澜露直播,http://ylt.7766.org:333/hls/25/index.m3u8
河北科教|澜露直播,http://ylt.7766.org:333/hls/26/index.m3u8
河北文旅|澜露直播,http://ylt.7766.org:333/hls/27/index.m3u8
河北三农|澜露直播,http://ylt.7766.org:333/hls/28/index.m3u8
晴彩河北|澜露直播,http://ylt.7766.org:333/hls/29/index.m3u8
邯郸新闻|澜露直播,http://ylt.7766.org:333/hls/30/index.m3u8
邯郸科技|澜露直播,http://ylt.7766.org:333/hls/31/index.m3u8
邯郸公共|澜露直播,http://ylt.7766.org:333/hls/32/index.m3u8
武安|澜露直播,http://ylt.7766.org:333/hls/33/index.m3u8
安徽导视|澜露直播,http://dspdhls.appcoo.com:8888/live/dspd/index.m3u8
安徽经济|澜露直播,http://112.27.235.94:8000/hls/22/index.m3u8
安徽公共|澜露直播,http://112.27.235.94:8000/hls/23/index.m3u8
安徽影视|澜露直播,http://112.27.235.94:8000/hls/24/index.m3u8
安徽综艺|澜露直播,http://112.27.235.94:8000/hls/25/index.m3u8
合肥生活|澜露直播,http://112.27.235.94:8000/hls/19/index.m3u8
合肥科创|澜露直播,http://112.27.235.94:8000/hls/20/index.m3u8
1安徽经济|澜露直播,https://ahlive.ahwanyun.cn/live/5c6207583a334b048f77dddf370bd840/hls.m3u8
1安徽影视|澜露直播,https://ahlive.ahwanyun.cn/live/8534e69a9af14e41a362bcef71d7896f/hls.m3u8
淮河新能源|澜露直播,http://play.hhnynews.com/huaihe/online.m3u8?auth_key=1720572937-0-0-ebd6c35757d0771723a94f37aa4b3b99
淮北经济生活|澜露直播,https://live.hbnews.net/video/ggpd/index.m3u8
淮北新闻|澜露直播,https://live.hbnews.net/video/xwzh/index.m3u8
淮北矿业|澜露直播,http://xcblive.hbcoal.com/3/sd/live.m3u8
黄山公共|澜露直播,http://hslive.hsnewsnet.com/lsdream/iY92ady/1000/live.m3u8
潜山综合|澜露直播,https://qsxw.gov.cn/rtmp_export/video22.m3u8
安徽卫视|澜露直播,https://qsxw.gov.cn/rtmp_export/video11.m3u8
肥西新闻综合|澜露直播,http://112.27.235.94:8000/hls/21/index.m3u8
重温经典|澜露直播,http://112.27.235.94:8000/hls/50/index.m3u8
安徽经济生活|澜露直播,http://106.53.99.30/tv/ah.php?id=jjshtv
安徽影视|澜露直播,http://106.53.99.30/tv/ah.php?id=ystv
安徽公共|澜露直播,http://106.53.99.30/tv/ah.php?id=ggtv
安徽农业科教|澜露直播,http://106.53.99.30/tv/ah.php?id=nykjtv
安徽综艺体育|澜露直播,http://106.53.99.30/tv/ah.php?id=zytytv
安徽国际|澜露直播,http://106.53.99.30/tv/ah.php?id=gjtv
安庆新闻综合|澜露直播,http://106.53.99.30/tv/ah.php?id=aqpd
六安综合|澜露直播,http://106.53.99.30/tv/ah.php?id=latv
淮北新闻综合|澜露直播,http://106.53.99.30/tv/ah.php?id=hbxw
宿州新闻综合|澜露直播,http://106.53.99.30/tv/ah.php?id=szxw
芜湖新闻综合|澜露直播,http://106.53.99.30/tv/ah.php?id=whxw
宣城综合|澜露直播,http://106.53.99.30/tv/ah.php?id=xctv
蚌埠新闻|澜露直播,http://106.53.99.30/tv/ah.php?id=bbtv
1905电影网|澜露直播,http://php.jdshipin.com:8880/1905.php?id=1905dy
经典影艺|澜露直播,rtmp://live.gxrb.com.cn/pull/red_movies_0501?m3u8?key=txiptv
七星关电视台|澜露直播,https://p8.vzan.com:443/slowlive/147077707554082780/live.m3u8
广德生活|澜露直播,https://live.gdtv.ah.cn/live/newsTV.m3u8
亳州综合|澜露直播,http://zbbf2.ahbztv.com/live/416.m3u8
祁门|澜露直播,http://ggpagerl.live.sxmty.com/live/hls/b350dc1ac5da45c2b2233f6eb122ddf4/49d3766c7f204685a2a8f027b234c33d.m3u8?zshanxd
阜南|澜露直播,https://xhmm-new-live.media.xinhuamm.net/liveNoRecord/a42bf9ee9c224a44a393aafc33990c78_111ae5a842ff4b32ab277ed1d9e216c5.m3u8?auth_key=2017017629-3866c768f70a4b47a2352f7b746e7bc1-0-1470ba4cbd641cbe479da8838d3396da
泾县新闻|澜露直播,https://apisave.jxnn.cn/hls/xwzonhe/playlist.m3u8
芜湖新闻综合|澜露直播,http://38.75.136.137:82/live1/hoge.m3u8?ip=ahwhtv&id=7&usign=93AynXLPWngxAwDWteZS7g
芜湖生活|澜露直播,http://38.75.136.137:82/live1/hoge.m3u8?ip=ahwhtv&id=9&usign=93AynXLPWngxAwDWteZS7g
无为|澜露直播,https://ahlive.ahwanyun.cn/live/3065a7fde2f9429fb63898670bec988e/hls.m3u8
马鞍山科教|澜露直播,https://live.masbcx.cn/fe60c7f6a746404590186208394ceb43/935bce782af148c18a8048eabb0d7afa.m3u8?auth_key=2334657804-859d6a4ae6094480b20ff635612cd14d-0-8151ea4280c5f6a71fad438456ffa6df
马鞍山综合|澜露直播,https://live.masbcx.cn/37da93f77452420d8990a9e91d865b81/94a165a5a7104676b7c68e39b4917d20.m3u8?auth_key=2334657789-9dd6b0079eb842f3a29bba1254dfedc3-0-2175f4b991c6e69d890d998237654a14
安庆经济生活|澜露直播,https://aq-live.media.xinhuamm.net/r/ed093a3514bd4174b1dbd5af8a8e0a9c.m3u8?auth_key=2341308528-0-0-1d8df1d541b495f33875e247c9300fc1
安庆新闻|澜露直播,https://aq-live.media.xinhuamm.net/r/252b77197b104e1aa2456481204fb656.m3u8?auth_key=2341308330-0-0-4e8ffbdb0c0dcfab23e1b8962730f59d
阜阳都市文艺|澜露直播,http://41007.hlsplay.aodianyun.com/tv_radio_41007/tv_channel_2854.m3u8?auth_key=4835990545-0-0-80a02249988a1cd7a605401bb3a97442&extra_key=ohSJKJdeEa3QQlgmBxpudi6ezxha2e0nc6NZj3SHRORmaEFCgqd6yS2lGW3j-QQf56tTLDfQMDwAAnYcmDicXDRhX7-vqQx3Y2n2ERhE5FWfT3X--ob2iuEq3JtYdHC_ndaPCeOBQdXbH--HpXp2yu84RkSRTHg6mejJ52Qu7did-D4rWp9iydThnLbjeQ_1
阜阳生活|澜露直播,http://41007.hlsplay.aodianyun.com/tv_radio_41007/tv_channel_2853.m3u8?auth_key=4835990486-0-0-dcdb6cc0aee871a664044ee7a3e83308&extra_key=jiEx28IYtuWJ1_w9kBTIOKIb4qAj8AdUpC907-3A-1heP_ZkcC9shKy2LFM4R9AiQLgQILrQJL1arILWCMAAizwLLRfZ5JckaokxNmuSv2KZs6SyYxsEki45eCNOFysmPiq_XKQRYYjgnOQiBte9knM20QVSjr7_kfGY0ZMQJoKWXhwFqOC7MaahYRl6X9Bv
阜阳教育|澜露直播,http://41007.hlsplay.aodianyun.com/tv_radio_41007/tv_channel_2852.m3u8?auth_key=4835990057-0-0-017419faa93529a4aa5fc283632732ca&extra_key=vQshsQkSOG1FT9Mb763SReA_ScJbWZE1GdTHuMtghVIye3UhXJWOF-WqFU3cuQ-uD1nO3QrpvlmEGnULzFj7L_nbUOgIFmahrvO-Mu8U3Rx4MRBSMj7QUjXKdwK-4_tfiHF9qHU4TLF_9Q9bpL7Sk2xp6AMy4uMlD3O5Hmrnu1w2QzhRwTPxeTmKO9iTZamR
六安综合|澜露直播,http://38.75.136.137:82/live2/ahtv2.m3u8?id=ahlatv1&usign=93AynXLPWngxAwDWteZS7g
宣城综合|澜露直播,http://38.75.136.137:82/live2/ahtv2.m3u8?id=ahxctv1&usign=93AynXLPWngxAwDWteZS7g
淮南综合|澜露直播,https://ahlive.ahwanyun.cn/live/8f025f302a3441f4b5a45ad4f06b42cb/hls.m3u8
蒙城|澜露直播,https://p2hs.vzan.com/200263/698384284379943742/live.m3u8?zbid=200263&tpid=1914190744
宿松新闻|澜露直播,rtmp://52181.lssplay.aodianyun.com/tv_radio_52181/tv_channel_3390?auth_key=4849469644-0-0-4ebac1aa7b06c07197e6a43bb43b3fa7
宿松文艺|澜露直播,rtmp://52181.lssplay.aodianyun.com/tv_radio_52181/tv_channel_3389?auth_key=4849469668-0-0-a08583749fce624e9ff690c859fcf8ae
岳西|澜露直播,https://ahlive.ahwanyun.cn/live/7e6dc3845c124c85999bcb4ae2eeddf7/hls.m3u8
金寨|澜露直播,http://file.kanjinzhai.cn/hls/jinzhaixw/playlist.m3u8
蚌埠新闻|澜露直播,http://38.75.136.137:82/live2/ahtv2.m3u8?id=ahbbtv1&usign=93AynXLPWngxAwDWteZS7g
广西新闻|澜露直播,http://36.136.38.87:85/tsfile/live/0006_1.m3u8?key=txiptv&playlive=1&authid=0
广西综艺|澜露直播,http://36.136.38.87:85/tsfile/live/1006_1.m3u8?key=txiptv&playlive=1&authid=0
广西影视|澜露直播,http://36.136.38.87:85/tsfile/live/1007_1.m3u8?key=txiptv&playlive=1&authid=0
广西都市|澜露直播,http://36.136.38.87:85/tsfile/live/1001_1.m3u8?key=txiptv&playlive=1&authid=0
南宁新闻HD|澜露直播,https://hls.nntv.cn/nnlive/XWZH_24.m3u8
南宁文旅HD|澜露直播,http://hls.nntv.cn/nnlive/WLSH_24.m3u8
南宁影视HD|澜露直播,http://hls.nntv.cn/nnlive/YSYL_244.m3u8
南宁公共HD|澜露直播,https://hls.nntv.cn/nnlive/GGPD_24.m3u8
南宁综合,http://hls.nntv.cn/nnlive/XWZH_24.m3u8
南宁公共,http://hls.nntv.cn/nnlive/GGPD_24.m3u8
南宁文旅,https://hls.nntv.cn/nnlive/WLSH_24.m3u8
刘三姐轮播,rtmp://live.gxrb.com.cn/hls/lsj
刘三姐轮播,rtmp://live.gxxw.cn/hls/lsj
电影轮播,rtmp://live.gxxw.cn/pull/red_movies_0501
全州综合,rtmp://live.gxrb.com.cn/gx/quanzhou
兴安综合,rtmp://live.gxrb.com.cn/gx/xingan
容县电视,rtmp://live.gxrb.com.cn/gx/rongxian
容县电视,rtmp://live.gxxw.cn/gx/rongxian
来宾综合,http://zb.gxlbamc.com:1935/live/lbzh.stream/playlist.m3u8
来宾新闻,http://zb.gxlbamc.com:1935/live/xwhc.stream/playlist.m3u8
灵山综合,rtmp://live.gxrb.com.cn/gx/lingshan
隆林综合,rtmp://live.gxrb.com.cn/gx/longlin
黑莓电影|澜露直播,http://cdnrrs.gx.chinamobile.com/PLTV/77777777/224/3221225740/index.m3u8?servicetype=1
黑莓动画|澜露直播,http://cdnrrs.gx.chinamobile.com/PLTV/77777777/224/3221225710/index.m3u8?servicetype=1
哒啵赛事|澜露直播,http://cdnrrs.gx.chinamobile.com/PLTV/77777777/224/3221225760/index.m3u8?servicetype=1
哒啵电竞|澜露直播,http://cdnrrs.gx.chinamobile.com/PLTV/77777777/224/3221225880/index.m3u8?servicetype=1
睛彩竞技|澜露直播,http://cdnrrs.gx.chinamobile.com/PLTV/77777777/224/3221225972/index.m3u8?servicetype=1
睛彩篮球|澜露直播,http://cdnrrs.gx.chinamobile.com/PLTV/77777777/224/3221225961/index.m3u8?servicetype=1
睛彩青少|澜露直播,http://cdnrrs.gx.chinamobile.com/PLTV/77777777/224/3221226055/index.m3u8?servicetype=1
睛彩广场舞|澜露直播,http://cdnrrs.gx.chinamobile.com/PLTV/77777777/224/3221226326/index.m3u8?servicetype=1
古装剧场|澜露直播,http://cdnrrs.gx.chinamobile.com/PLTV/77777777/224/3221225706/index.m3u8?servicetype=1
动作电影|澜露直播,http://cdnrrs.gx.chinamobile.com/PLTV/77777777/224/3221225703/index.m3u8?servicetype=1
军旅剧场|澜露直播,http://cdnrrs.gx.chinamobile.com/PLTV/77777777/224/3221225727/index.m3u8?servicetype=1
家庭剧场|澜露直播,http://cdnrrs.gx.chinamobile.com/PLTV/77777777/224/3221225743/index.m3u8?servicetype=1
惊悚悬疑|澜露直播,http://cdnrrs.gx.chinamobile.com/PLTV/77777777/224/3221225746/index.m3u8?servicetype=1
热播精选|澜露直播,http://cdnrrs.gx.chinamobile.com/PLTV/77777777/224/3221225763/index.m3u8?servicetype=1
精品综合|澜露直播,http://cdnrrs.gx.chinamobile.com/PLTV/77777777/224/3221225733/index.m3u8?servicetype=1
爱情喜剧|澜露直播,http://cdnrrs.gx.chinamobile.com/PLTV/77777777/224/3221225698/index.m3u8?servicetype=1
精品大剧|澜露直播,http://cdnrrs.gx.chinamobile.com/PLTV/77777777/224/3221225737/index.m3u8?servicetype=1
中国功夫|澜露直播,http://cdnrrs.gx.chinamobile.com/PLTV/77777777/224/3221225690/index.m3u8?servicetype=1
金牌综艺|澜露直播,http://cdnrrs.gx.chinamobile.com/PLTV/77777777/224/3221225755/index.m3u8?servicetype=1
军事评论|澜露直播,http://cdnrrs.gx.chinamobile.com/PLTV/77777777/224/3221225749/index.m3u8?servicetype=1
农业致富|澜露直播,http://cdnrrs.gx.chinamobile.com/PLTV/77777777/224/3221225687/index.m3u8?servicetype=1
精品纪录|澜露直播,http://cdnrrs.gx.chinamobile.com/PLTV/77777777/224/3221225681/index.m3u8?servicetype=1
怡伴健康|澜露直播,http://cdnrrs.gx.chinamobile.com/PLTV/77777777/224/3221225684/index.m3u8?servicetype=1
精品体育|澜露直播,http://cdnrrs.gx.chinamobile.com/PLTV/77777777/224/3221225724/index.m3u8?servicetype=1
潮妈辣婆|澜露直播,http://cdnrrs.gx.chinamobile.com/PLTV/77777777/224/3221225709/index.m3u8?servicetype=1
炫舞未来|澜露直播,http://cdnrrs.gx.chinamobile.com/PLTV/77777777/224/3221225973/index.m3u8?servicetype=1
吉木萨尔|澜露直播,http://218.31.201.189:9000/shiping1/prog_index.m3u8
七师|澜露直播,https://liveout.btzx.com.cn/ybtkau/078syl.m3u8
八师石河子|澜露直播,http://124.88.144.73:1935/live/xwzh/playlist.m3u8
奇台|澜露直播,http://117.146.76.46:9090/stream1/m2e2000.m3u8
呼图壁|澜露直播,http://222.80.186.118:8088/live/video.m3u8
四川经济|澜露直播,http://183.221.92.176:50080/hls/18/index.m3u8
成都1|澜露直播,http://183.221.92.176:50080/hls/21/index.m3u8
成都2|澜露直播,http://183.221.92.176:50080/hls/22/index.m3u8
乐山文旅|澜露直播,http://pwpull.leshan.cn/live/216e177701911000eb46902c00000000.flv
雅安文化|澜露直播,https://play.yunxya.com/channellive/whsh.m3u8
阆中|澜露直播,https://p2hs.vzan.com/slowlive/798833473879633259/live.m3u8
达州新闻综合|澜露直播,http://tv.drs.dzxw.net/channellive/xwzhpd-dz1.flv
达州文化生活|澜露直播,http://tv.drs.dzxw.net/channellive/ggpd-dz2.flv
达州通川|澜露直播,http://tv.drs.dzxw.net/channellive/tcpd-dz3.flv
四川科教|澜露直播,http://182.150.115.21:8030/pcgacg/pcgacg_0.m3u8
朝天综合|澜露直播,https://m3u8.channel.dzsm.com/nmip-media/channellive/channel104601/playlist.m3u8
昭觉|澜露直播,http://dcpull.sctvcloud.com/live/4bb3c2bd01881000e843b73a00000000/playlist.m3u8
德格|澜露直播,http://tv.drs.ganzitv.com:8100/channellive/dege.flv
汉源|澜露直播,https://m3u8channel-hy.yunxya.com/nmip-media/channellive/channel104355/playlist.m3u8
名山综合|澜露直播,https://m3u8channel-ms.yunxya.com/nmip-media/channellive/channel100249/playlist.m3u8
石棉综合|澜露直播,https://m3u8channel-sm.yunxya.com/nmip-media/channellive/channel100420/playlist.m3u8
天全新闻|澜露直播,https://m3u8channel-tq.yunxya.com/nmip-media/channellive/channel100634/playlist.m3u8
荥经|澜露直播,https://m3u8channel-yj.yunxya.com/nmip-media/channellive/channel101140/playlist.m3u8
南江|澜露直播,http://36903.hlsplay.aodianyun.com/tv_radio_36903/tv_channel_1670.m3u8?auth_key=4842409639-0-0-319d3d61d27f502f5b5f0f76e7fa6874&extra_key=YptbuuU4ni8OBTztr__wTSm-QnJOZeFyY8K0svzHJXyx8i_Bwwirqaews6N1gr-_4uVfOgbaOHwbH5u3_SrH4tTfxj9Nq7Az5LOT0a8C2sHIKSmLBEAoz4lSxmsINvTeQ5QF1ngz-OYrciPm27dkyEEQdzEUxwSVphOF99qfQFU
平昌|澜露直播,http://dcpull.sctvcloud.com/live/9d774482018e1000fec02f9500000000/playlist.m3u8
通江|澜露直播,http://dcpull.sctvcloud.com/live/04ea69fa018910006ae9ef0600000000/playlist.m3u8
犍为|澜露直播,http://p8.vzan.com/slowlive/230559508552681163/live.m3u8
峨眉山|澜露直播,https://embl.emsyd.jrem.cn/dsfdsfdsfdsfsfdshfgj/wwdsfdgd.m3u8?auth_key=1718610605-0-0-23887de4a278cb108ba8936de20eb854
金河口|澜露直播,http://pili-live-hls.227.i2863.com/i2863-227/live_227_687291.m3u8
邻水|澜露直播,http://38.75.136.137:82/live1/scy.m3u8?id=scgals1&usign=93AynXLPWngxAwDWteZS7g
武胜|澜露直播,http://38.75.136.137:82/live1/scy.m3u8?id=scgaws1&usign=93AynXLPWngxAwDWteZS7g
安州|澜露直播,http://38.75.136.137:82/live1/scy.m3u8?id=scmyaz1&usign=93AynXLPWngxAwDWteZS7g
平武|澜露直播,http://38.75.136.137:82/live1/scy.m3u8?id=scmypw1&usign=93AynXLPWngxAwDWteZS7g
梓潼|澜露直播,http://38.75.136.137:82/live1/scy.m3u8?id=scmyzt1&usign=93AynXLPWngxAwDWteZS7g
洪雅|澜露直播,https://dg1sy-livehls.migucloud.com/live/TIMV9AKA_C0/playlist.m3u8
彭山|澜露直播,https://play.psrmt.cn:443/live/ZYADBGLP_C0/playlist.m3u8
仁寿|澜露直播,https://play.scrstv.com.cn/TV/xwzh.m3u8?auth_key=1724660870-0-0-a245e661caf0188f84e8e486754a80ce
会东|澜露直播,http://exfile.schdxww.com/nmip-media/channellive/channel100055/playlist.m3u8
雷波|澜露直播,https://lbplay.lbxww.gov.cn/Leiboshijie/Leiboshijie.m3u8?auth_key=1702544056-0-0-48584d0e0ebae2ea300c95882210f3ba
富顺|澜露直播,http://pili-live-rtmp.145.i2863.com/i2863-145/live_145_906964.m3u8
荣县|澜露直播,https://play.rongxianwang.net/ydrx/rongxianlive.m3u8?auth_key=1715846517-0-0-69728c58ca3d40f9331a8cf77d985e93
罗江|澜露直播,https://pull.luojiangrongmei.com/ljds/ljtv.m3u8
中江|澜露直播,https://bl.zjtvrm.cn/live/zjrmzxzb.m3u8?timestamp=20250617174454&encrypt=7759375eb83dccfe26811155bff1c4be
南部|澜露直播,http://pili-live-rtmp.148.i2863.com/i2863-148/live_148_811389.m3u8
仪陇|澜露直播,https://live.yilongnews.com/live/ylzhpd.m3u8?auth_key=1741134122-0-0-fbf8d764c05b0a2547234f0f9f64e4b6
营山|澜露直播,https://m3u8channel.ysxtv.cn/nmip-media/channellive/channel101492/playlist.m3u8
大竹|澜露直播,https://lmt.dazhutv.cn/live1/live1.m3u8
渠县|澜露直播,http://183.222.248.153:81/hls/cfp2p8m3.m3u8
宣汉|澜露直播,http://livexuanhan.chinamcache.com/live/push1.m3u8
威远综合|澜露直播,https://wy-live-pull.thecover.cn/rmtlive/fmzb1710746907096.m3u8
长宁综合|澜露直播,http://cnpull.sccnfb.com/live/123456.m3u8
珙县综合|澜露直播,http://m3u8.chuanqigongxian.cn/nmip-media/channellive/channel100449/playlist.m3u8
筠连综合|澜露直播,https://play.dameijunlian.cn/live/10004131.m3u8?auth_key=1783733887-0-0-a1440d3435267d785dcbbe1629a42558
南溪|澜露直播,https://p2hs.vzan.com/slowlive/371673471833525863/live.m3u8
叙州|澜露直播,http://pili-live-hls.ybcxjd.com/jdh-live/2108111201035597.m3u8
雅安雨城|澜露直播,https://m3u8channel-yc.yunxya.com/nmip-media/channellive/channel100103/playlist.m3u8
宜宾新闻|澜露直播,https://aliplay.yibinrm.cn/live/10883325.m3u8?auth_key=1787043633-0-0-39d8f5805194371260add0dc047df1bb
宜宾公共|澜露直播,https://aliplay.yibinrm.cn/live/10883758.m3u8?auth_key=1787043729-0-0-9c09fecc544553a8659368cda33a1335
德阳文旅|澜露直播,https://zb.scdytv.cn/live/wlkj.m3u8
德阳新闻|澜露直播,https://zb.scdytv.cn/live/xwpd.m3u8
崇州|澜露直播,https://livesec.mudu.tv/watch/x6h90s.m3u8?auth_key=1718591057-413387-0-d86b69d055411656b69ef6be0fc89497
成都高新|澜露直播,https://livepgc.chinamcache.com/pgc/d849e3b837e34409b46124c267a8a1cf.m3u8?auth_key=1719565624-0-0-c80453df5f2edc88776ce766e497b52b
定南|澜露直播,https://play-sh13.quklive.com/live/1762136155495343.m3u8?auth_key=2077496271-c46d3a24f8c647e9bce8ab5282c718b0-0-860d2c359f24e71c3d33cbb07fbbf120
万荣综合|澜露直播,http://60.222.246.220:19433/hls1.m3u8
璧山综合|澜露直播,http://222.179.42.129:8181/hls1.m3u8
荣昌综合|澜露直播,http://183.64.181.25:40023/rongchang01.m3u8
峨眉山|澜露直播,https://stream1.freetv.fun/1cf7575c3f1da0d65a80772246f246826b620f4fc0a04498bcab9ef71172c462.m3u8
四川文化|澜露直播,http://shawn1057.myqnapcloud.com:4022/rtp/239.93.1.101:5140
四川文化|澜露直播,http://uo202.1985001.xyz:66/rtp/239.93.1.101:5140
四川文化|澜露直播,http://xdnas.teop.cn:8189/rtp/239.93.1.101:5140
四川经济|澜露直播,http://shawn1057.myqnapcloud.com:4022/rtp/239.93.1.102:5140
四川经济|澜露直播,http://uo202.1985001.xyz:66/rtp/239.93.1.102:5140
四川经济|澜露直播,http://xdnas.teop.cn:8189/rtp/239.93.1.102:5140
四川新闻|澜露直播,http://shawn1057.myqnapcloud.com:4022/rtp/239.93.0.47:5140
四川新闻|澜露直播,http://uo202.1985001.xyz:66/rtp/239.93.0.47:5140
四川新闻|澜露直播,http://xdnas.teop.cn:8189/rtp/239.93.0.47:5140
四川影视|澜露直播,http://shawn1057.myqnapcloud.com:4022/rtp/239.93.0.166:5140
四川影视|澜露直播,http://uo202.1985001.xyz:66/rtp/239.93.0.166:5140
四川影视|澜露直播,http://xdnas.teop.cn:8189/rtp/239.93.0.166:5140
四川科教|澜露直播,http://shawn1057.myqnapcloud.com:4022/rtp/239.93.42.44:5140
四川科教|澜露直播,http://uo202.1985001.xyz:66/rtp/239.93.42.44:5140
四川科教|澜露直播,http://xdnas.teop.cn:8189/rtp/239.93.42.44:5140
四川乡村|澜露直播,http://shawn1057.myqnapcloud.com:4022/rtp/239.93.0.52:5140
四川乡村|澜露直播,http://uo202.1985001.xyz:66/rtp/239.93.0.52:5140
四川乡村|澜露直播,http://xdnas.teop.cn:8189/rtp/239.93.0.52:5140
妇女儿童|澜露直播,http://shawn1057.myqnapcloud.com:4022/rtp/239.93.0.219:5140
妇女儿童|澜露直播,http://uo202.1985001.xyz:66/rtp/239.93.0.219:5140
妇女儿童|澜露直播,http://xdnas.teop.cn:8189/rtp/239.93.0.219:5140
成都新闻|澜露直播,http://shawn1057.myqnapcloud.com:4022/rtp/239.93.0.16:5140
成都新闻|澜露直播,http://uo202.1985001.xyz:66/rtp/239.93.0.16:5140
成都新闻|澜露直播,http://xdnas.teop.cn:8189/rtp/239.93.0.16:5140
成都经济|澜露直播,http://shawn1057.myqnapcloud.com:4022/rtp/239.93.0.17:1239
成都经济|澜露直播,http://uo202.1985001.xyz:66/rtp/239.93.0.17:1239
成都经济|澜露直播,http://xdnas.teop.cn:8189/rtp/239.93.0.17:1239
成都都市|澜露直播,http://shawn1057.myqnapcloud.com:4022/rtp/239.93.0.18:1238
成都都市|澜露直播,http://uo202.1985001.xyz:66/rtp/239.93.0.18:1238
成都都市|澜露直播,http://xdnas.teop.cn:8189/rtp/239.93.0.18:1238
成都影视|澜露直播,http://shawn1057.myqnapcloud.com:4022/rtp/239.93.0.19:1250
成都影视|澜露直播,http://uo202.1985001.xyz:66/rtp/239.93.0.19:1250
成都影视|澜露直播,http://xdnas.teop.cn:8189/rtp/239.93.0.19:1250
成都公共|澜露直播,http://shawn1057.myqnapcloud.com:4022/rtp/239.93.1.231:5140
成都公共|澜露直播,http://uo202.1985001.xyz:66/rtp/239.93.1.231:5140
成都公共|澜露直播,http://xdnas.teop.cn:8189/rtp/239.93.1.231:5140
成都少儿|澜露直播,http://shawn1057.myqnapcloud.com:4022/rtp/239.93.0.21:1251
成都少儿|澜露直播,http://uo202.1985001.xyz:66/rtp/239.93.0.21:1251
成都少儿|澜露直播,http://xdnas.teop.cn:8189/rtp/239.93.0.21:1251
峨眉电影|澜露直播,http://shawn1057.myqnapcloud.com:4022/rtp/239.93.0.252:5140
峨眉电影|澜露直播,http://uo202.1985001.xyz:66/rtp/239.93.0.252:5140
峨眉电影|澜露直播,http://xdnas.teop.cn:8189/rtp/239.93.0.252:5140
四川影视|澜露直播,http://112.19.88.97:8899/rtp/239.11.0.77:5140
四川影视|澜露直播,http://nas.201606.xyz:4022/rtp/239.11.0.77:5140
四川影视|澜露直播,http://www.lfkj88.top:8188/rtp/239.11.0.77:5140
四川科教|澜露直播,http://112.19.88.97:8899/rtp/239.11.0.194:5140
四川科教|澜露直播,http://nas.201606.xyz:4022/rtp/239.11.0.194:5140
四川科教|澜露直播,http://www.lfkj88.top:8188/rtp/239.11.0.194:5140
峨眉电影|澜露直播,http://112.19.88.97:8899/rtp/239.11.0.11:5140
峨眉电影|澜露直播,http://nas.201606.xyz:4022/rtp/239.11.0.11:5140
峨眉电影|澜露直播,http://www.lfkj88.top:8188/rtp/239.11.0.11:5140
稻城电视台|澜露直播,http://112.19.88.97:8899/rtp/239.10.0.29:5140
稻城电视台|澜露直播,http://nas.201606.xyz:4022/rtp/239.10.0.29:5140
稻城电视台|澜露直播,http://www.lfkj88.top:8188/rtp/239.10.0.29:5140
宜宾新闻|澜露直播,http://112.19.88.97:8899/rtp/239.10.0.33:5140
宜宾新闻|澜露直播,http://nas.201606.xyz:4022/rtp/239.10.0.33:5140
宜宾新闻|澜露直播,http://www.lfkj88.top:8188/rtp/239.10.0.33:5140
cdtv1|澜露直播,http://112.19.88.97:8899/rtp/239.10.0.11:5140
cdtv1|澜露直播,http://nas.201606.xyz:4022/rtp/239.10.0.11:5140
cdtv1|澜露直播,http://www.lfkj88.top:8188/rtp/239.10.0.11:5140
cdtv2|澜露直播,http://112.19.88.97:8899/rtp/239.10.0.12:5140
cdtv2|澜露直播,http://nas.201606.xyz:4022/rtp/239.10.0.12:5140
cdtv2|澜露直播,http://www.lfkj88.top:8188/rtp/239.10.0.12:5140
cdtv3|澜露直播,http://112.19.88.97:8899/rtp/239.10.0.13:5140
cdtv3|澜露直播,http://nas.201606.xyz:4022/rtp/239.10.0.13:5140
cdtv3|澜露直播,http://www.lfkj88.top:8188/rtp/239.10.0.13:5140
cdtv4|澜露直播,http://112.19.88.97:8899/rtp/239.10.0.14:5140
cdtv4|澜露直播,http://nas.201606.xyz:4022/rtp/239.10.0.14:5140
cdtv4|澜露直播,http://www.lfkj88.top:8188/rtp/239.10.0.14:5140
cdtv5|澜露直播,http://112.19.88.97:8899/rtp/239.10.0.15:5140
cdtv5|澜露直播,http://nas.201606.xyz:4022/rtp/239.10.0.15:5140
cdtv5|澜露直播,http://www.lfkj88.top:8188/rtp/239.10.0.15:5140
cdtv6|澜露直播,http://112.19.88.97:8899/rtp/239.10.0.16:5140
cdtv6|澜露直播,http://nas.201606.xyz:4022/rtp/239.10.0.16:5140
cdtv6|澜露直播,http://www.lfkj88.top:8188/rtp/239.10.0.16:5140
HOT爱喜剧|澜露直播,http://112.19.88.97:8899/rtp/239.10.0.143:5140
HOT爱喜剧|澜露直播,http://nas.201606.xyz:4022/rtp/239.10.0.143:5140
HOT爱喜剧|澜露直播,http://www.lfkj88.top:8188/rtp/239.10.0.143:5140
HOT经典|澜露直播,http://112.19.88.97:8899/rtp/239.10.0.151:5140
HOT经典|澜露直播,http://nas.201606.xyz:4022/rtp/239.10.0.151:5140
HOT经典|澜露直播,http://www.lfkj88.top:8188/rtp/239.10.0.151:5140
稻城电视台|澜露直播,http://117.176.215.210:24088/rtp/239.10.0.29:5140
四川影视|澜露直播,http://117.176.215.210:24088/rtp/239.11.0.77:5140
四川科教|澜露直播,http://117.176.215.210:24088/rtp/239.11.0.194:5140
巴南综合|澜露直播,https://live.cqbntv.com/bnmc/tv0709.m3u8
CHC家庭影院|澜露直播,http://nas.201606.xyz:4022/rtp/239.10.0.86:5140
CHC动作电影|澜露直播,http://nas.201606.xyz:4022/rtp/239.10.0.87:5140
CHC影迷电影|澜露直播,http://nas.201606.xyz:4022/rtp/239.10.0.88:5140
咪视界4K|澜露直播,http://nas.201606.xyz:4022/rtp/239.10.0.240:5140
湖北经视|澜露直播,http://xu3791vg3503.vicp.fun:8808/rtp/239.69.1.41:9886
湖北公共|澜露直播,http://xu3791vg3503.vicp.fun:8808/rtp/239.69.1.40:9880
湖北综合|澜露直播,http://xu3791vg3503.vicp.fun:8808/rtp/239.69.1.42:9892
湖北影视|澜露直播,http://xu3791vg3503.vicp.fun:8808/rtp/239.69.1.204:10866
湖北生活|澜露直播,http://xu3791vg3503.vicp.fun:8808/rtp/239.69.1.205:10872
湖北教育|澜露直播,http://xu3791vg3503.vicp.fun:8808/rtp/239.69.1.206:10878
湖北经视|澜露直播,http://171.83.100.198:85/tsfile/live/1001_1.m3u8?key=txiptv&playlive=1&authid=0
湖北综合|澜露直播,http://120.202.94.181:9446/tsfile/live/1002_1.m3u8?key=txiptv&playlive=0&authid=0
湖北影视|澜露直播,http://120.202.94.181:9446/tsfile/live/1005_1.m3u8?key=txiptv&playlive=0&authid=0
湖北生活|澜露直播,http://120.202.94.181:9446/tsfile/live/1007_1.m3u8?key=txiptv&playlive=0&authid=0
湖北影视|澜露直播,http://p2.ytelc.com/169l/hubei/hbtv/hubei.php?id=hbys
湖北经视|澜露直播,http://p2.ytelc.com/169l/hubei/hbtv/hubei.php?id=hbjs
湖北生活|澜露直播,http://p2.ytelc.com/169l/hubei/hbtv/hubei.php?id=hbsh
湖北教育|澜露直播,http://p2.ytelc.com/169l/hubei/hbtv/hubei.php?id=hbjy
湖北陇上|澜露直播,http://p2.ytelc.com/169l/hubei/hbtv/hubei.php?id=hbls
湖北教育|澜露直播,http://120.202.94.181:9446/tsfile/live/0107_1.m3u8?key=txiptv&playlive=0&authid=0
麻城综合|澜露直播,https://video.yscxy.cn:8888/mctv1.m3u8
黄陂新闻综合|澜露直播,http://livehprm.hptv.com.cn/zbpd/sd/live.m3u8
鄂州新闻综合|澜露直播,https://ezhou-live21.cjyun.org/10098/s10098-EZ1T.m3u8?auth_key=1767196799-ced13be0a8ae11efa7dfa7dfd677b8f3-0-0f99f7df9fd0d3fca9beca6bafa6b043
鄂州文旅生活|澜露直播,http://ezhou-live21.cjyun.org/10098/s10098-EZ2T.m3u8?auth_key=1767196799-ced13be0a8ae11efa7dfa7dfd677b8f3-0-ab320ba90f39f94baba04e30ff07c52e
广水新闻|澜露直播,http://guangshui-live21.cjyun.org/10146/s10146-GSXW.m3u8?auth_key=1767196799-ced13be0a8ae11efa7dfa7dfd677b8f3-0-58ee05d0b5c491eb52b74847ebeaf8db
潜江综合|澜露直播,https://p2hs.vzan.com/slowlive/481008854192202056/live.m3u8
保康新闻综合|澜露直播,http://bktvplay.gdnewmedia.cc/bktv/bktv001.m3u8?auth_key=1715157778-0-0-2a5aee0bfaeff717537ec0ef8a1e1567
黄石新闻综合|澜露直播,http://huangshifb-live21.cjyun.org/10200/s10200-huangshitv01.m3u8?auth_key=1767196799-ced13be0a8ae11efa7dfa7dfd677b8f3-0-e22af05072c6fa8bc1fc35e042e97467
大冶一套|澜露直播,http://dayeyun-live21.cjyun.org/10102/s10102-TC1T.m3u8?auth_key=1767196799-ced13be0a8ae11efa7dfa7dfd677b8f3-0-c3d27fbc279c3efc9187853aca3da012
阳新综合|澜露直播,https://yangxin-live21.cjyun.org/10104/s10104-yangxin-tv01.m3u8?auth_key=1767196799-ced13be0a8ae11efa7dfa7dfd677b8f3-0-a27d99b67d0e39445f1df5ea6ad088ec
黄冈新闻综合|澜露直播,http://huanggang-live21.cjyun.org/10210/s10210-xwzh.m3u8?auth_key=1767196799-ced13be0a8ae11efa7dfa7dfd677b8f3-0-5bd0da98b1004ca63dc31ac88e0e92a3
黄冈生活|澜露直播,http://huanggang-live21.cjyun.org/10210/s10210-xwgg.m3u8?auth_key=1767196799-ced13be0a8ae11efa7dfa7dfd677b8f3-0-75fce61c52eb238c20d34fcdfd9bae07
赤壁电视台-1|澜露直播,http://chibi-live21.cjyun.org/10138/s10138-CBTV1.m3u8?auth_key=1767196799-ced13be0a8ae11efa7dfa7dfd677b8f3-0-a9f4eb22b55c750628c090d53a445bbc
崇阳综合|澜露直播,http://61.184.176.248:10500/live/live.m3u8
嘉鱼新闻综合|澜露直播,http://jiayu-live21.cjyun.org/10131/s10131-jyzh.m3u8?auth_key=1767196799-ced13be0a8ae11efa7dfa7dfd677b8f3-0-9ca56ee7b0e7b23d7ccb3f6649b2686a
通山综合|澜露直播,http://tongshan-live21.cjyun.org/10134/s10134-TONGSHAN-live.m3u8?auth_key=1767196799-ced13be0a8ae11efa7dfa7dfd677b8f3-0-23ad1b5ada69ec0d4796d8227f737ca6
大悟综合|澜露直播,https://yunshangdawu-live21.cjyun.org/10129/s10129-dwzhpd.m3u8?auth_key=1767196799-ced13be0a8ae11efa7dfa7dfd677b8f3-0-31c2fe6941d7d718cec2dccab6e42412
孝昌新闻党建|澜露直播,http://xiaochang-live21.cjyun.org/10128/s10128-xcxw.m3u8?auth_key=1767196799-ced13be0a8ae11efa7dfa7dfd677b8f3-0-948b2cf2777e352d9f83660c9b79aa3f
应城综合|澜露直播,http://yingcheng-live21.cjyun.org/10135/s10135-YCZH.m3u8?auth_key=1767196799-ced13be0a8ae11efa7dfa7dfd677b8f3-0-683be43745bd3709006be7b43135de61
荆州新闻综合|澜露直播,http://jingzhou-live21.cjyun.org/10085/s10085-jingzhou-tv01.m3u8?auth_key=1767196799-ced13be0a8ae11efa7dfa7dfd677b8f3-0-2bb0015980b1b3742cea1d78f13eb6ca
荆州垄上|澜露直播,http://jingzhou-live21.cjyun.org/10085/s10085-jingzhou-tv03.m3u8?auth_key=1767196799-ced13be0a8ae11efa7dfa7dfd677b8f3-0-7dff02969ff316d795ac73c86747fd05
石首综合|澜露直播,http://p8.vzan.com/slowlive/622923977748489779/live.m3u8
荆门新闻综合|澜露直播,http://jingmen-live21.cjyun.org/10101/s10101-jmnews.m3u8?auth_key=1767196799-ced13be0a8ae11efa7dfa7dfd677b8f3-0-a3399d7105dbd7cc983c2845a1d2f949
荆门科教文旅|澜露直播,https://jingmen-live21.cjyun.org/10101/s10101-jmjytv.m3u8?auth_key=1767196799-ced13be0a8ae11efa7dfa7dfd677b8f3-0-4ec241ccf9561b773cf112d387e6e9d4
鹤峰综合|澜露直播,http://hefeng-live21.cjyun.org/10100/s10100-hftv1.m3u8?auth_key=1767196799-ced13be0a8ae11efa7dfa7dfd677b8f3-0-b42f6cb29eb3b901079113901761aa96
宜昌综合|澜露直播,http://liveplay.ycrmt.cn/sxgd/zhpd.m3u8
宜昌旅游|澜露直播,http://liveplay.ycrmt.cn/sxgd/lysh.m3u8
长阳综合|澜露直播,http://changyang-live21.cjyun.org/10114/s10114-cy1t.m3u8?auth_key=1767196799-ced13be0a8ae11efa7dfa7dfd677b8f3-0-c16910d50f308ea1150ce2648945a081
当阳电视台|澜露直播,http://dangyang-live21.cjyun4id=bktv
三都|澜露直播,https://cmsrtmp.todcy.cn/live/dcsd/7d313580bfea4e48bd72133f8c0a5206/7d313580bfea4e48bd72133f8c0a5206.m3u8
石阡|澜露直播,http://cmsrtmp.todcy.cn/live/154/c6cc918d93fc47b1ad882de4c80eb496/c6cc918d93fc47b1ad882de4c80eb496.m3u8
望谟|澜露直播,http://cmsrtmp.todcy.cn/live/167/64df598530b044a68632460c53cffb09/64df598530b044a68632460c53cffb09.m3u8
湖北经视|澜露直播,http://zhangkx717.cn:9999/rtp/239.254.96.178:9148
湖北陇上|澜露直播,http://zhangkx717.cn:9999/rtp/239.254.96.184:9184
湖北公共|澜露直播,http://zhangkx717.cn:9999/rtp/239.254.96.179:9154
湖北影视|澜露直播,http://zhangkx717.cn:9999/rtp/239.254.96.182:9172
湖北教育|澜露直播,http://zhangkx717.cn:9999/rtp/239.254.96.180:9160
湖北生活|澜露直播,http://zhangkx717.cn:9999/rtp/239.254.96.181:9166
武汉新闻|澜露直播,http://zhangkx717.cn:9999/rtp/239.254.96.228:9448
武汉新闻|澜露直播,http://zhangkx717.cn:9999/rtp/239.69.1.145:10506
武汉电视剧|澜露直播,http://zhangkx717.cn:9999/rtp/239.254.96.229:9454
武汉电视剧|澜露直播,http://zhangkx717.cn:9999/rtp/239.69.1.146:10512
武汉文体|澜露直播,http://zhangkx717.cn:9999/rtp/239.69.1.147:10518
武汉文体|澜露直播,http://zhangkx717.cn:9999/rtp/239.69.1.4:9664
湖北电视台|澜露直播,http://zhangkx717.cn:9999/rtp/239.254.96.177:9142
湖北电视台|澜露直播,http://zhangkx717.cn:9999/rtp/239.69.1.42:9892
江夏综合|澜露直播,http://59.175.226.142:280/gb28181/xwzh.m3u8
十堰新闻|澜露直播,https://p8.vzan.com/slowlive/034028687228317362/live.m3u8
十堰经济|澜露直播,https://p8.vzan.com/slowlive/701367497774448672/live.m3u8
荆门科教|澜露直播,http://stream.jmtv.com.cn/ggsh/sd/live.m3u8
恩施文旅|澜露直播,https://46240.hlsplay.aodianyun.com/tv_radio_46240/tv_channel_1811.m3u8?auth_key=4857760464-0-0-ecabcbf26d39dc20cde584db2fa2a053&extra_key=D1dJezG95YTkYytoe8tr2Qhf-jhFFJmJpij9JNzLnfjYgxE5Q69rjZT1b2VrOxeb2zvhRo107e0Ze_h5agVjcLhNxl4RzjBShtdz-pQKUqaNbHnJMUJaS637QCoHNkKlJAb5i0lkR8MlxmIB6LIGojFm8kqvpZp_pI7SG10olDg
当阳电视台|澜露直播,http://dangyang-live21.cjyun.org/10118/s10118-DYZH.m3u8?auth_key=1767196799-ced13be0a8ae11efa7dfa7dfd677b8f3-0-68ad690365557a3ecc64c751a1b02f4a
五峰电视台|澜露直播,http://wufeng-live21.cjyun.org/10112/s10112-wffm.m3u8?auth_key=1767196799-ced13be0a8ae11efa7dfa7dfd677b8f3-0-06846ff2e035fdacd3bed68838375e5f
兴山综合|澜露直播,http://xingshan-live21.cjyun.org/10108/s10108-xingshanTV01.m3u8?auth_key=1767196799-ced13be0a8ae11efa7dfa7dfd677b8f3-0-dafdeaf8f8034a40ebc17a1f8f3a603f
宜都综合|澜露直播,http://yidushi-live21.cjyun.org/10092/s10092-yidushitv01.m3u8?auth_key=1767196799-ced13be0a8ae11efa7dfa7dfd677b8f3-0-db934a5ffe406f70c39553754180d392
秭归新闻综合|澜露直播,http://zigui-live21.cjyun.org/10111/s10111-ZGTV1.m3u8?auth_key=1767196799-ced13be0a8ae11efa7dfa7dfd677b8f3-0-f27821a31e3848f8ad80f2ae93e2f8c3&sid=10111
枝江综合|澜露直播,http://zhijiang-live21.cjyun.org/10120/s10120-zjtv.m3u8?auth_key=1767196799-ced13be0a8ae11efa7dfa7dfd677b8f3-0-16e87303959711040a8b485858a82a78
房县|澜露直播,http://p2hs.vzan.com/844270/495391109072307857/live.m3u8
香港国际卫视|澜露直播,http://106.53.99.30/tv/hk.php?id=HKI
鄂州新闻综合|澜露直播,http://106.53.99.30/tv/hubei.php?id=ez1t
鄂州文旅生活|澜露直播,http://106.53.99.30/tv/hubei.php?id=ez2t
随州综合|澜露直播,http://106.53.99.30/tv/hubei.php?id=szzh
随州农村|澜露直播,http://106.53.99.30/tv/hubei.php?id=sznc
广水新闻|澜露直播,http://106.53.99.30/tv/hubei.php?id=gsxw
潜江综合|澜露直播,http://106.53.99.30/tv/hubei.php?id=qjzh
保康综合|澜露直播,http://106.53.99.30/tv/hubei.php?id=bktv
谷城综合|澜露直播,http://106.53.99.30/tv/hubei.php?id=gctv
黄石新闻综合|澜露直播,http://106.53.99.30/tv/hubei.php?id=huangshitv
大冶一套|澜露直播,http://106.53.99.30/tv/hubei.php?id=daye
阳新综合|澜露直播,http://106.53.99.30/tv/hubei.php?id=yangxin
黄冈新闻综合|澜露直播,http://106.53.99.30/tv/hubei.php?id=hgxwzh
黄冈生活|澜露直播,http://106.53.99.30/tv/hubei.php?id=hgxwgg
麻城综合|澜露直播,http://106.53.99.30/tv/hubei.php?id=mctv
咸宁综合|澜露直播,http://106.53.99.30/tv/hubei.php?id=xntv1
咸宁经济生活|澜露直播,http://106.53.99.30/tv/hubei.php?id=xngg
赤壁综合|澜露直播,http://106.53.99.30/tv/hubei.php?id=chibi
崇阳综合|澜露直播,http://106.53.99.30/tv/hubei.php?id=cyzh
嘉鱼综合|澜露直播,http://106.53.99.30/tv/hubei.php?id=jyzh
通山综合|澜露直播,http://106.53.99.30/tv/hubei.php?id=tongshan
孝感新闻综合|澜露直播,http://106.53.99.30/tv/hubei.php?id=xgxwzh
孝感生活|澜露直播,http://106.53.99.30/tv/hubei.php?id=xgsh
大悟综合|澜露直播,http://106.53.99.30/tv/hubei.php?id=dwzhpd
汉川综合|澜露直播,http://106.53.99.30/tv/hubei.php?id=hczh
孝昌新闻党建|澜露直播,http://106.53.99.30/tv/hubei.php?id=xcxw
应城综合|澜露直播,http://106.53.99.30/tv/hubei.php?id=yctv
荆州新闻综合|澜露直播,http://106.53.99.30/tv/hubei.php?id=jingzhou01
荆州垄上|澜露直播,http://106.53.99.30/tv/hubei.php?id=jingzhou03
石首综合|澜露直播,http://106.53.99.30/tv/hubei.php?id=sszh
荆门新闻综合|澜露直播,http://106.53.99.30/tv/hubei.php?id=jmxwzh
荆门科教文旅|澜露直播,http://106.53.99.30/tv/hubei.php?id=jmggsh
钟祥综合|澜露直播,http://106.53.99.30/tv/hubei.php?id=zxtv
鹤峰综合|澜露直播,http://106.53.99.30/tv/hubei.php?id=hftv1
咸丰综合|澜露直播,http://106.53.99.30/tv/hubei.php?id=xianfeng
巴东综合|澜露直播,http://106.53.99.30/tv/hubei.php?id=badong
宜昌综合|澜露直播,http://106.53.99.30/tv/hubei.php?id=yczh
宜昌综合|澜露直播,http://106.53.99.30/tv/hubei.php?id=yczh1
宜昌旅游生活|澜露直播,http://106.53.99.30/tv/hubei.php?id=yclysh
长阳综合|澜露直播,http://106.53.99.30/tv/hubei.php?id=changyang
当阳综合|澜露直播,http://106.53.99.30/tv/hubei.php?id=dangyang
五峰综合|澜露直播,http://106.53.99.30/tv/hubei.php?id=wufeng
兴山综合|澜露直播,http://106.53.99.30/tv/hubei.php?id=xingshan
宜都综合|澜露直播,http://106.53.99.30/tv/hubei.php?id=yidu
枝江综合|澜露直播,http://106.53.99.30/tv/hubei.php?id=zhijiang
十堰新闻综合|澜露直播,http://106.53.99.30/tv/hubei.php?id=sywxzh
十堰经济旅游|澜露直播,http://106.53.99.30/tv/hubei.php?id=syjjly
房县新闻综合|澜露直播,http://106.53.99.30/tv/hubei.php?id=fxxwzh
南县新闻|澜露直播,http://183.215.134.239:19901/tsfile/live/1004_1.m3u8?key=txiptv&playlive=1&authid=0
武汉新闻综合|澜露直播,http://106.53.99.30/tv/hubei.php?id=whwxzh
襄阳综合|澜露直播,http://106.53.99.30/tv/hubei.php?id=xyzh
襄阳经济生活|澜露直播,http://106.53.99.30/tv/hubei.php?id=xysh
襄阳公共|澜露直播,http://106.53.99.30/tv/hubei.php?id=xygg
武穴综合|澜露直播,http://106.53.99.30/tv/hubei.php?id=wxzh
蕲春综合|澜露直播,http://106.53.99.30/tv/hubei.php?id=qczh
罗田综合|澜露直播,http://106.53.99.30/tv/hubei.php?id=ltzh
丹江口综合|澜露直播,http://106.53.99.30/tv/hubei.php?id=djkzh
江陵综合|澜露直播,http://106.53.99.30/tv/hubei.php?id=jlzh
宜昌综合|澜露直播,http://www.kaniptv.cn/湖北地方5.php?id=宜昌综合
襄阳综合|澜露直播,http://www.kaniptv.cn/湖北地方5.php?id=襄阳综合
鄂州新闻综合|澜露直播,http://www.kaniptv.cn/湖北地方5.php?id=鄂州新闻综合
荆门新闻综合|澜露直播,http://www.kaniptv.cn/湖北地方5.php?id=荆门新闻综合
孝感新闻综合|澜露直播,http://www.kaniptv.cn/湖北地方5.php?id=孝感新闻综合
荆州新闻综合|澜露直播,http://www.kaniptv.cn/湖北地方5.php?id=荆州新闻综合
黄冈新闻综合|澜露直播,http://www.kaniptv.cn/湖北地方5.php?id=黄冈新闻综合
咸宁综合|澜露直播,http://www.kaniptv.cn/湖北地方5.php?id=咸宁综合
随州综合|澜露直播,http://www.kaniptv.cn/湖北地方5.php?id=随州综合
恩施新闻综合|澜露直播,http://www.kaniptv.cn/湖北地方5.php?id=恩施新闻综合
仙桃综合|澜露直播,http://www.kaniptv.cn/湖北地方5.php?id=仙桃综合频道
天门综合|澜露直播,http://www.kaniptv.cn/湖北地方5.php?id=天门综合
潜江新闻综合|澜露直播,http://www.kaniptv.cn/湖北地方5.php?id=潜江新闻综合
临夏市电视台|澜露直播,http://124.152.34.102:8030/wCMq71/wCMq71_0.m3u8
张掖新闻综合|澜露直播,https://play.kankanlive.com/live/1720583434627241.m3u8
白银综合|澜露直播,https://play.kankanlive.com/live/1720408089419110.m3u8
敦煌|澜露直播,https://play.kankanlive.com/live/1698234808271963.m3u8
白银文教|澜露直播,https://play.kankanlive.com/live/1720408280309109.m3u8
陇南公共|澜露直播,https://play.kankanlive.com/live/1709171893138901.m3u8
陇南综合|澜露直播,https://play.kankanlive.com/live/1709171819929902.m3u8
平凉综合|澜露直播,https://play.kankanlive.com/live/1694661314645984.m3u8
甘南综合|澜露直播,https://play.kankanlive.com/live/1711955176432990.m3u8
甘南卓尼|澜露直播,https://play.kankanlive.com/live/1711955964973985.m3u8
甘南迭部|澜露直播,https://play.kankanlive.com/live/1711955827175988.m3u8
舟曲综合|澜露直播,https://play.kankanlive.com/live/1711956058188984.m3u8
张掖农旅|澜露直播,http://play.kankanlive.com/live/1720583009200246.m3u8
庄浪综合|澜露直播,https://play.kankanlive.com/live/1687654127961989.m3u8
成县综合|澜露直播,https://play.kankanlive.com/live/1702454377323961.m3u8
文化影视|澜露直播,https://liveout.gstv.com.cn/skt649/z6znm4.m3u8
公共应急|澜露直播,https://liveout.gstv.com.cn/skt649/j8x8ga.m3u8
少儿|澜露直播,https://liveout.gstv.com.cn/skt649/ys1xzs.m3u8
甘肃经济|澜露直播,https://liveout.gstv.com.cn/skt649/w07at3.m3u8
科教|澜露直播,https://liveout.gstv.com.cn/skt649/e2a4gl.m3u8
移动电视|澜露直播,https://hls.gstv.com.cn/skt649/w07at3.m3u8
少儿|澜露直播,https://..gstv.com.cn/skt649/ys1xzs.m3u8
张掖农业旅游|澜露直播,https://play.kankanlive.com/live/1720583009200246.m3u8
古浪综合|澜露直播,https://play.kankanlive.com/live/1711282408137964.m3u8
石嘴山公共|澜露直播,http://pili-live-rtmp-jrszs-tv.szsnews.com/jrszs-tv/ggpd.m3u8
石嘴山综合|澜露直播,http://pili-live-rtmp-jrszs-tv.szsnews.com/jrszs-tv/zhpd.m3u8
滨海生活|澜露直播,http://traffic.jbh.tjbh.com/live/bhtv20/playlist.m3u8
宝坻电视台|澜露直播,http://zb.hmysapp.cn:801/dft/tianjin/baodi.php
津南电视台|澜露直播,https://play.jinnantv.top/live/JNTV1/playlist.m3u8
武清电视台|澜露直播,https://tvpull.smartwq.cn/wqlive/convergencemedia.flv
嘉峪关综合|澜露直播,https://play.kankanlive.com/live/1754465670263218.m3u8
酒泉文旅|澜露直播,https://play.kankanlive.com/live/1743389368540298.m3u8
酒泉综合|澜露直播,https://play.kankanlive.com/live/1743389283110297.m3u8
庆阳综合|澜露直播,https://play.kankanlive.com/live/1704762690210987.m3u8
天水综合|澜露直播,https://play.kankanlive.com/live/1728531085307199.m3u8
天水文旅|澜露直播,https://play.kankanlive.com/live/1728352652939293.m3u8
临夏综合|澜露直播,http://play.kankanlive.com/live/1714096320293954.m3u8
临夏文旅|澜露直播,https://play.kankanlive.com/live/1714099799400957.m3u8
定西综合|澜露直播,https://play.kankanlive.com/live/1745232061100288.m3u8
定西文旅|澜露直播,https://play.kankanlive.com/live/1745232082475287.m3u8
红古综合|澜露直播,https://play.kankanlive.com/live/1741073416508036.m3u8
平川|澜露直播,https://play.kankanlive.com/live/1756258234024340.m3u8
陇西|澜露直播,https://play.kankanlive.com/live/1733904632183369.m3u8
通渭|澜露直播,https://play.kankanlive.com/live/1752204698931083.m3u8
北京影视|澜露直播,http://47.108.20.161:8866/beijing/beijing.php?id=bjys
北京纪实|澜露直播,http://47.108.20.161:8866/beijing/beijing.php?id=bjjs
北京文艺|澜露直播,http://47.108.20.161:8866/beijing/beijing.php?id=bjwy
北京财经|澜露直播,http://47.108.20.161:8866/beijing/beijing.php?id=bjcj
北京生活|澜露直播,http://47.108.20.161:8866/beijing/beijing.php?id=bjsh
北京新闻|澜露直播,http://47.108.20.161:8866/beijing/beijing.php?id=bjxw
北京卫视|澜露直播,http://m.061899.xyz/mg/bjws
北京影视|澜露直播,http://m.061899.xyz/mg/bjys
北京新闻|澜露直播,http://m.061899.xyz/mg/bjxw
北京文艺|澜露直播,http://m.061899.xyz/mg/bjwy
北京生活|澜露直播,http://m.061899.xyz/mg/bjsh
北京少儿|澜露直播,http://m.061899.xyz/mg/bjkk
北京财经|澜露直播,http://m.061899.xyz/mg/bjcj
北京纪实|澜露直播,http://m.061899.xyz/mg/bjjs
北京体育|澜露直播,http://m.061899.xyz/mg/bjty
4K超|澜露直播,http://ydl.yueyaoxian.top:8686/rtp/239.3.1.249:8001
淘电影|澜露直播,http://ydl.yueyaoxian.top:8686/rtp/239.3.1.250:8001
淘剧场|澜露直播,http://ydl.yueyaoxian.top:8686/rtp/239.3.1.95:8001
淘娱乐|澜露直播,http://ydl.yueyaoxian.top:8686/rtp/239.3.1.100:8001
淘Baby|澜露直播,http://ydl.yueyaoxian.top:8686/rtp/239.3.1.238:8001
CHC家庭影院|澜露直播,http://k.061899.xyz/m.php?id=jtyy
CHC动作电影|澜露直播,http://go.bkpcp.top/mg/dzdy
CHC动作电影|澜露直播,http://k.061899.xyz/m.php?id=dzdy
CHC影迷电影|澜露直播,http://go.bkpcp.top/mg/ymdy
CHC影迷电影|澜露直播,http://k.061899.xyz/m.php?id=ymdy
CHC动作电影|澜露直播,http://hlsbkmgsplive.miguvideo.com/wd_r3/cnr/chcjtyy/3000/01.m3u8?msisdn=&mtv_session=&HlsSubType=1&HlsProfileId=1&nphaid=0&encrypt=
家庭电影|澜露直播,http://hlsbkmgsplive.miguvideo.com/wd_r1/2018/gesee/chcdzdy/600/01.m3u8?msisdn=&mtv_session=&HlsSubType=1&HlsProfileId=1&nphaid=0&encrypt=
影迷电影|澜露直播,http://hlsbkmgsplive.miguvideo.com/migu/kailu/chcymdy/57/20250415/01.m3u8?msisdn=&mtv_session=&HlsSubType=1&HlsProfileId=1&nphaid=0&encrypt=
CHC动作电影|澜露直播,http://sh.lnott.top:880/dx100.m3u8
CHC家庭影院|澜露直播,http://sh.lnott.top:880/dx93.m3u8
CHC影迷电影|澜露直播,http://sh.lnott.top:880/dx101.m3u8
CHC动作电影|澜露直播,http://58.19.180.108:9981/stream/channelid/1782708396?profile=pass
CHC影迷电影|澜露直播,http://58.19.180.108:9981/stream/channelid/473633391?profile=pass
苏州4K,https://live-auth.51kandianshi.com/szgd/csztv4k_hd.m3u8
CHC家庭影院|澜露直播,http://58.19.180.108:9981/stream/channelid/2141017443?profile=pass
河北4K,https://event.pull.hebtv.com:443/live/live101.m3u8
天津卫视|澜露直播,http://ak.cj022.com:10080/hls/1/index.m3u8
CCTV-4 欧洲,#http://8.138.7.223/tv/migu8.php?id=66e1470c453536359985b7b9b8222742
天津新闻|澜露直播,http://ak.cj022.com:10080/hls/2/index.m3u8
CCTV-4 美洲,#http://8.138.7.223/tv/migu8.php?id=45de6fabfc0d9dfd41de6ad5022d8fce
天津文艺|澜露直播,http://ak.cj022.com:10080/hls/3/index.m3u8
CCTV 4K,#http://fjcm-2118.live.iptv.darwinchow.com/PLTV/88888888/224/3221227510/index.m3u8
天津影视|澜露直播,http://ak.cj022.com:10080/hls/4/index.m3u8
CCTV 8K,#http://116.52.175.3:29999/nptv/cctv8k.m3u8
天津都市|澜露直播,http://ak.cj022.com:10080/hls/5/index.m3u8
CCTV-卫生健康,http://nas.hssvm.com:8888/udp/225.1.1.210:5002
天津体育|澜露直播,http://ak.cj022.com:10080/hls/6/index.m3u8
CCTV-电视指南,http://www.lizhinas.top:1009/rtp/239.252.219.97:5140
天津教育|澜露直播,http://ak.cj022.com:10080/hls/7/index.m3u8
中国天气,http://hls.weathertv.cn/tslslive/qCFIfHB/hls/live_sd.m3u8
天津购物|澜露直播,http://ak.cj022.com:10080/hls/8/index.m3u8
中国交通,http://drive.mxmy.net:8888/udp/239.3.1.188:8001
天津都市|澜露直播,http://sun135790.x3322.net:9901/tsfile/live/16005_1.m3u8?key=txiptv&playlive=1&authid=0
直播中国,https://gcalic.v.myalicdn.com/gc/wgw05_1/index.m3u8?contentid=2820180516001
天津教育|澜露直播,http://sun135790.x3322.net:9901/tsfile/live/16007_1.m3u8?key=txiptv&playlive=1&authid=0
熊猫直播,https://gcwbndali.v.myalicdn.com/gcwbnd/ipanda1000_2/index.m3u8
天津体育|澜露直播,http://sun135790.x3322.net:9901/tsfile/live/16006_1.m3u8?key=txiptv&playlive=1&authid=0
CETV-1 综合教育,http://www.lizhinas.top:1009/rtp/239.252.220.198:5140
天津文艺|澜露直播,http://sun135790.x3322.net:9901/tsfile/live/16003_1.m3u8?key=txiptv&playlive=1&authid=0
CETV-2 空中课堂,http://www.lizhinas.top:1009/rtp/239.252.219.73:5140
天津新闻|澜露直播,http://sun135790.x3322.net:9901/tsfile/live/16002_1.m3u8?key=txiptv&playlive=1&authid=0
CETV-3 教育服务,http://rrs01.hw.gmcc.net:8088/PLTV/81/224/3221226722/1.m3u8
天津影视|澜露直播,http://sun135790.x3322.net:9901/tsfile/live/16004_1.m3u8?key=txiptv&playlive=1&authid=0
CETV-4 职业教育,http://rrs01.hw.gmcc.net:8088/PLTV/81/224/3221226724/1.m3u8
天津卫视|澜露直播,http://168250.xyz:1111/rtp/239.5.1.1:5000
CGTN英语,http://english-livetx.cgtn.com/hls/yypdyyctzb_hd.m3u8
天津都市|澜露直播,http://168250.xyz:1111/rtp/239.5.1.27:5000
CGTN记录,https://english-livetx.cgtn.com/hls/yypdjlctzb_hd.m3u8
天津科教|澜露直播,http://168250.xyz:1111/rtp/239.5.1.29:5000
CGTN俄语,http://russian-livews.cgtn.com/hls/LSvexABhNipibK5KRuUkvHZ7220802LSTeze9o8tdFXMHsb1VosgoT220802cd.m3u8
天津体育|澜露直播,http://168250.xyz:1111/rtp/239.5.1.3:5000
CGTN法语,http://espanol-liveali.cgtn.com/hls/LSveOGBaBw41Ea7ukkVAUdKQ220802LSTexu6xAuFH8VZNBLE1ZNEa220802cd.m3u8
天津文艺|澜露直播,http://168250.xyz:1111/rtp/239.5.1.31:5000
CGTN西语,http://espanol-liveali.cgtn.com/hls/LSveOGBaBw41Ea7ukkVAUdKQ220802LSTexu6xAuFH8VZNBLE1ZNEa220802cd.m3u8
天津新闻|澜露直播,http://168250.xyz:1111/rtp/239.5.1.30:5000
CGTN阿语,http://espanol-liveali.cgtn.com/hls/LSveOGBaBw41Ea7ukkVAUdKQ220802LSTexu6xAuFH8VZNBLE1ZNEa220802cd.m3u8
天津影视|澜露直播,http://168250.xyz:1111/rtp/239.5.1.2:5000
CCTV4K,http://p.ytelc.com/169l/0/cctv.php?id=cctv4k
滨海1|澜露直播,http://traffic.jbh.tjbh.com/live/bhtv10/playlist.m3u8
上海纪实,http://iptv.huuc.edu.cn/hls/docuchina.m3u8
黑龙江农业|澜露直播,https://idclive.hljtv.com:4430/live/hljgg_hd.m3u8
金鹰纪实,http://iptv.huuc.edu.cn/hls/gedocu.m3u8
哈尔滨新闻|澜露直播,http://stream.hrbtv.net/xwzh/sd/live.m3u8
北京新闻,http://iptv.huuc.edu.cn/hls/btv9hd.m3u8
哈尔滨生活|澜露直播,http://stream.hrbtv.net/shpd/sd/live.m3u8
山东教育,http://iptv.huuc.edu.cn/hls/sdetv.m3u8
哈尔滨影视|澜露直播,http://stream.hrbtv.net/yspd/sd/live.m3u8
CCTV4美洲,http://t.061899.xyz/tl/tl.php?id=cctv4m
林甸综合|澜露直播,https://masterpull.hljtv.com/live/23PN6NW9.m3u8
CCTV4欧洲,http://t.061899.xyz/tl/tl.php?id=cctv4o
鸡西新闻|澜露直播,https://masterpull.hljtv.com/live/uqFwlQDH.m3u8
CCTV发现之旅,http://t.061899.xyz/tl/tl.php?id=fxzl
肇源综合|澜露直播,https://rmplive.hljtv.com/live/zhaoyuan.m3u8
CCTV老故事,http://t.061899.xyz/tl/tl.php?id=lgs
肇州综合|澜露直播,https://rmplive.hljtv.com/live/zhaozhou.m3u8
CCTV中学生,http://t.061899.xyz/tl/tl.php?id=zxs
抚远电视台|澜露直播,https://rmplive.hljtv.com/live/fuyuan.m3u8
CGTN,http://t.061899.xyz/tl/tl.php?id=cgtn
桦南综合|澜露直播,https://rmplive.hljtv.com/live/huanan.m3u8
CGTN纪录,http://t.061899.xyz/tl/tl.php?id=cgtnjl
同江电视台|澜露直播,https://rmplive.hljtv.com/live/tongjiang.m3u8
海峡卫视,http://t.061899.xyz/tl/tl.php?id=hxws
汤原综合|澜露直播,https://rmplive.hljtv.com/live/tangyuan.m3u8
大湾区卫视,http://t.061899.xyz/tl/tl.php?id=dwqws
安达综合|澜露直播,https://rmplive.hljtv.com/live/anda.m3u8
四海钓鱼,http://t.061899.xyz/tl/tl.php?id=shdy
海伦综合|澜露直播,https://rmplive.hljtv.com/live/hailun.m3u8
CHC动作电影,http://t.061899.xyz/tl/tl.php?id=chcdzdy
兰西综合|澜露直播,https://rmplive.hljtv.com/live/lanxi.m3u8
CHC家庭影院,http://t.061899.xyz/tl/tl.php?id=chcjtdy
七台河新闻|澜露直播,https://rmplive.hljtv.com/live/qitaihe.m3u8
东方影视,http://t.061899.xyz/tl/tl.php?id=dfys
黑河新闻|澜露直播,https://rmplive.hljtv.com/live/heihe.m3u8
上海新闻综合,http://t.061899.xyz/tl/tl.php?id=shxwzh
林甸综合|澜露直播,https://rmplive.hljtv.com/live/lindian.m3u8
上海第一财经,http://t.061899.xyz/tl/tl.php?id=dycj
明水综合|澜露直播,https://rmplive.hljtv.com/live/mingshui.m3u8
上视纪实人文,http://t.061899.xyz/tl/tl.php?id=shjsrw
庆安综合|澜露直播,https://rmplive.hljtv.com/live/qingan.m3u8
上海外语,http://t.061899.xyz/tl/tl.php?id=shics
青冈综合|澜露直播,https://rmplive.hljtv.com/live/qinggang.m3u8
法治天地,http://t.061899.xyz/tl/tl.php?id=fztd
绥棱综合|澜露直播,https://rmplive.hljtv.com/live/suileng.m3u8
劲爆体育,http://t.061899.xyz/tl/tl.php?id=jbty
望奎综合|澜露直播,https://rmplive.hljtv.com/live/wangkui.m3u8
魅力足球,http://t.061899.xyz/tl/tl.php?id=mlzq
肇东综合|澜露直播,https://rmplive.hljtv.com/live/zhaodong.m3u8
乐游,http://t.061899.xyz/tl/tl.php?id=ly
宾县综合|澜露直播,https://rmplive.hljtv.com/live/binxian.m3u8
欢笑剧场,http://t.061899.xyz/tl/tl.php?id=hxjc
巴彦电视台|澜露直播,https://rmplive.hljtv.com/live/bayan.m3u8
七彩戏剧,http://t.061899.xyz/tl/tl.php?id=qcxj
方正综合|澜露直播,https://rmplive.hljtv.com/live/fangzheng.m3u8
游戏风云,http://t.061899.xyz/tl/tl.php?id=yxfy
呼兰综合|澜露直播,https://rmplive.hljtv.com/live/hulan.m3u8
优漫卡通,http://t.061899.xyz/tl/tl.php?id=ymkt
尚志新闻综合|澜露直播,https://rmplive.hljtv.com/live/shangzhi.m3u8
大湾区卫视,http://148.135.93.213/live.php?id=大湾区卫视
通河新闻|澜露直播,https://rmplive.hljtv.com/live/tonghe.m3u8
苏州4K,https://tylive.kan0512.com/norecord/csztv4k_4k.m3u8
五常综合|澜露直播,https://rmplive.hljtv.com/live/wuchang.m3u8
河北4K,https://event.pull.hebtv.com:443/live/live101.m3u8
依兰新闻综合|澜露直播,https://rmplive.hljtv.com/live/yilan.m3u8
延边卫视,http://120.76.248.139/live/bfgd/4200000117.m3u8
延寿综合|澜露直播,https://rmplive.hljtv.com/live/yanshou.m3u8
厦门卫视,http://e2.woc.iiiya.cn:28888/rtp/239.61.2.11:8060
北安综合|澜露直播,https://rmplive.hljtv.com/live/beian.m3u8
农林卫视,http://120.76.248.139/live/bfgd/4200000122.m3u8
孙吴综合|澜露直播,https://rmplive.hljtv.com/live/sunwu.m3u8
兵团卫视,http://liveout.btzx.com.cn/62ds9e/yil08g.m3u8
五大连池综合|澜露直播,https://rmplive.hljtv.com/live/wudalianchi.m3u8
山东教育,https://test1.live.sdetv.com.cn/live/dianshizhibo/playlist.m3u8
东宁综合|澜露直播,https://rmplive.hljtv.com/live/dongning.m3u8
海峡卫视,http://8.138.7.223/tv/hxws.m3u8
海林综合|澜露直播,https://rmplive.hljtv.com/live/hailin.m3u8
安多卫视,#http://qwt.zhibotv.top:2016/全网通.php?id=安多卫视
林口综合|澜露直播,https://rmplive.hljtv.com/live/linkou.m3u8
康巴卫视,#http://fjcm-2118.live.iptv.darwinchow.com/PLTV/88888888/224/3221225856/index.m3u8
穆棱综合|澜露直播,https://rmplive.hljtv.com/live/muleng.m3u8
大湾区卫视,http://ali.hlspull.yximgs.com/live/b027460e580a463cb7e44eebexcvhnddggdfsdg.flv
宁安综合|澜露直播,https://rmplive.hljtv.com/live/ningan.m3u8
珠江卫视,http://qjrhc.jydjd.top:2911/udp/224.1.100.24:11111
绥芬河综合|澜露直播,https://rmplive.hljtv.com/live/suifenhe.m3u8
CGTN,http://112.27.235.94:8000/hls/17/index.m3u8
铁力综合|澜露直播,https://rmplive.hljtv.com/live/tieli.m3u8
上海卫视,http://112.27.235.94:8000/hls/28/index.m3u8
拜泉综合|澜露直播,https://rmplive.hljtv.com/live/baiquan.m3u8
重温经典,http://112.27.235.94:8000/hls/50/index.m3u8
富裕综合|澜露直播,https://rmplive.hljtv.com/live/fuyu.m3u8
CCTV-4K,http://www.tszhgjj.cn:7000/rtp/239.253.93.134:6631
甘南县综合|澜露直播,https://rmplive.hljtv.com/live/gannan.m3u8
苏州4K,http://106.53.99.30/tv/api.php?id=sztv4k
克东综合|澜露直播,https://rmplive.hljtv.com/live/kedong.m3u8
河北4K,http://106.53.99.30/tv/api.php?id=hebtv4k
克山综合|澜露直播,https://rmplive.hljtv.com/live/keshan.m3u8
CETV-01,https://zby.130519.xyz/PLTV/11/224/3221225775/index.m3u8
龙江综合|澜露直播,https://rmplive.hljtv.com/live/longjiang.m3u8
CETV-04,https://zby.130519.xyz/PLTV/11/224/3221226153/index.m3u8
讷河综合|澜露直播,https://rmplive.hljtv.com/live/nehe.m3u8
黑龙江视,https://zby.130519.xyz/PLTV/11/224/3221225722/index.m3u8
泰来综合|澜露直播,https://rmplive.hljtv.com/live/tailai.m3u8
东方影视,https://zby.130519.xyz/PLTV/11/224/3221225744/index.m3u8
依安综合|澜露直播,https://rmplive.hljtv.com/live/yian.m3u8
东方财经,https://zby.130519.xyz/PLTV/11/224/3221226134/index.m3u8
呼玛综合|澜露直播,https://rmplive.hljtv.com/live/huma.m3u8
第一财经,https://zby.130519.xyz/PLTV/11/224/3221225737/index.m3u8
漠河综合|澜露直播,https://rmplive.hljtv.com/live/mohe.m3u8
上海都市,https://zby.130519.xyz/PLTV/11/224/3221225749/index.m3u8
塔河综合|澜露直播,https://rmplive.hljtv.com/live/tahe.m3u8
五星体育,https://zby.130519.xyz/PLTV/11/224/3221225732/index.m3u8
虎林综合|澜露直播,https://rmplive.hljtv.com/live/hulin.m3u8
都市剧场,https://zby.130519.xyz/PLTV/11/224/3221225762/index.m3u8
鸡东综合|澜露直播,https://rmplive.hljtv.com/live/jidong.m3u8
都市剧场,#https://zby.130519.xyz/PLTV/11/224/3221226155/index.m3u8
密山综合|澜露直播,https://rmplive.hljtv.com/live/mishan.m3u8
欢笑剧场,https://zby.130519.xyz/PLTV/11/224/3221225771/index.m3u8
饶河综合|澜露直播,https://rmplive.hljtv.com/live/raohe.m3u8
新闻综合,https://zby.130519.xyz/PLTV/11/224/3221226136/index.m3u8
友谊综合|澜露直播,https://rmplive.hljtv.com/live/youyi.m3u8
金色学堂,https://zby.130519.xyz/PLTV/11/224/3221225748/index.m3u8
勃利综合|澜露直播,https://rmplive.hljtv.com/live/boli.m3u8
生活时尚,https://zby.130519.xyz/PLTV/11/224/3221225768/index.m3u8
巴彦综合|澜露直播,https://masterpull.hljtv.com/live/vAtZi96R.m3u8
法治天地,https://zby.130519.xyz/PLTV/11/224/3221225994/index.m3u8
依兰综合|澜露直播,https://masterpull.hljtv.com/live/4sTJDdbE.m3u8
游戏风云,https://zby.130519.xyz/PLTV/11/224/3221226117/index.m3u8
五常综合|澜露直播,https://masterpull.hljtv.com/live/R9bOklLT.m3u8
游戏风云,#https://zby.130519.xyz/PLTV/11/224/3221226140/index.m3u8
通河综合|澜露直播,https://masterpull.hljtv.com/live/b71kCDir.m3u8
乐游频道,https://zby.130519.xyz/PLTV/11/224/3221226157/index.m3u8
延寿综合|澜露直播,https://masterpull.hljtv.com/live/XBqKssjB.m3u8
乐游频道,#https://zby.130519.xyz/PLTV/11/224/3221226115/index.m3u8
方正综合|澜露直播,https://masterpull.hljtv.com/live/sSN2Uyb2.m3u8
哈哈炫动,https://zby.130519.xyz/PLTV/11/224/3221226161/index.m3u8
龙江综合|澜露直播,https://masterpull.hljtv.com/live/vRSdDMSR.m3u8
哈哈炫动,#https://zby.130519.xyz/PLTV/11/224/3221226175/index.m3u8
依安综合|澜露直播,https://masterpull.hljtv.com/live/4hhgo1mX.m3u8
动漫秀场,https://zby.130519.xyz/PLTV/11/224/3221225764/index.m3u8
泰来综合|澜露直播,https://masterpull.hljtv.com/live/cfkAgOUK.m3u8
动漫秀场,#https://zby.130519.xyz/PLTV/11/224/3221226138/index.m3u8
富裕综合|澜露直播,https://masterpull.hljtv.com/live/MKFLhcpa.m3u8
卡酷少儿,https://zby.130519.xyz/PLTV/11/224/3221226019/index.m3u8
克山综合|澜露直播,https://masterpull.hljtv.com/live/58lOw0L5.m3u8
金鹰卡通,https://zby.130519.xyz/PLTV/11/224/3221226094/index.m3u8
克东综合|澜露直播,https://masterpull.hljtv.com/live/PO1DiGiN.m3u8
睛彩竞技,https://zby.130519.xyz/PLTV/11/224/3221226116/index.m3u8
讷河综合|澜露直播,https://masterpull.hljtv.com/live/PXWxDY1V.m3u8
睛彩篮球,https://zby.130519.xyz/PLTV/11/224/3221226118/index.m3u8
甘南综合|澜露直播,https://masterpull.hljtv.com/live/YbFyF4Jb.m3u8
睛彩广场,https://zby.130519.xyz/PLTV/11/224/3221226139/index.m3u8
拜泉综合|澜露直播,https://masterpull.hljtv.com/live/zHtOXXUz.m3u8
CHC影迷电影,http://58.19.38.162:9901/tsfile/live/1004_1.m3u8?key=txiptv&playlive=1&authid=0
绥芬河综合|澜露直播,https://masterpull.hljtv.com/live/pXxFNIbi.m3u8
CHC家庭影院,http://58.19.38.162:9901/tsfile/live/1006_1.m3u8?key=txiptv&playlive=1&authid=0
宁安综合|澜露直播,https://masterpull.hljtv.com/live/BV2wr0vH.m3u8
CHC动作电影,http://58.19.38.162:9901/tsfile/live/1005_1.m3u8?key=txiptv&playlive=1&authid=0
海林综合|澜露直播,https://masterpull.hljtv.com/live/lqo9Fcdy.m3u8
CHC影迷电影HD,http://122.228.73.138:2380/hw1live.rxip.sc96655.com.huan.tv/live/lnwsCHC-HDH265_4000.m3u8
穆棱新闻综合|澜露直播,https://masterpull.hljtv.com/live/5c9Mi3FV.m3u8
CHC家庭影院HD,http://122.228.73.138:2380/hw1live.rxip.sc96655.com.huan.tv/live/jbtygqCHCjtyyH265_4000.m3u8
佳木斯新闻综合|澜露直播,https://masterpull.hljtv.com/live/l9wQtsVs.m3u8
CHC动作电影HD,http://122.228.73.138:2380/hw1live.rxip.sc96655.com.huan.tv/live/wqCHCdzdyH265_4000.m3u8
同江综合|澜露直播,https://masterpull.hljtv.com/live/oFc7fCUf.m3u8
求索纪录,http://111.22.153.159:35455/itv/2000000004000000010.m3u8?cdn=hnbblive
桦川综合|澜露直播,https://masterpull.hljtv.com/live/NYQcW0fS.m3u8
求索科学,http://111.22.153.159:35455/itv/2000000004000000011.m3u8?cdn=hnbblive
桦南综合|澜露直播,https://masterpull.hljtv.com/live/76oCVZd3.m3u8
求索生活,http://111.22.153.159:35455/itv/2000000004000000008.m3u8?cdn=hnbblive
汤原综合|澜露直播,https://masterpull.hljtv.com/live/lt2CmppY.m3u8
求索动物,http://111.22.153.159:35455/itv/2000000004000000009.m3u8?cdn=hnbblive
抚远综合|澜露直播,https://masterpull.hljtv.com/live/tVnkOTOG.m3u8
纪实科教8K,https://gdcucc.v1.mk/gdcucc/brtv8k.m3u8
大庆新闻|澜露直播,https://masterpull.hljtv.com/live/4WdrZLCq.m3u8
爱上4K,http://wouu.net:9977/udp/239.93.0.97:5140
肇州综合|澜露直播,https://masterpull.hljtv.com/live/imOHYJ77.m3u8
华数4K,http://111.22.153.159:35455/itv/2000000004000000014.m3u8?cdn=hnbblive
肇源综合|澜露直播,https://masterpull.hljtv.com/live/XkQg7QSI.m3u8
纯享4K,#http://fjcm-2117.live.iptv.darwinchow.com/PLTV/88888888/224/3221226825/index.m3u8
鸡东综合|澜露直播,https://masterpull.hljtv.com/live/o4NExHSz.m3u8
求索纪录4K,http://tvbox6.icu/tv/gdmzyd.php?id=104
虎林综合|澜露直播,https://masterpull.hljtv.com/live/SJJAEqBS.m3u8
重温经典,http://8.138.7.223/tv/cwjd.php
密山综合|澜露直播,https://masterpull.hljtv.com/live/iYi97JTN.m3u8
搜狐剧场,https://hdl-vip-ws.qf.56.com/live/lc_11730.flv
集贤综合|澜露直播,https://masterpull.hljtv.com/live/CyJ3RKND.m3u8
1905电影网,http://8.138.7.223/tv/1905.php?id=LIVE8J4LTCXPI7QJ5
友谊综合|澜露直播,https://masterpull.hljtv.com/live/LVpBWYXl.m3u8
1905电影网（国内）,http://8.138.7.223/tv/1905.php?id=LIVEOYY31H24H48NE
宝清综合|澜露直播,https://masterpull.hljtv.com/live/HBp9MLoA.m3u8
美亚电影台,https://live.tvfix.org/live/mydy/index.m3u8
饶河综合|澜露直播,https://masterpull.hljtv.com/live/DokNxER6.m3u8
漫威电影,http://1.94.31.214:35455/douyu/6140589
嘉荫综合|澜露直播,https://masterpull.hljtv.com/live/k5IX9frJ.m3u8
精彩影视,http://111.22.153.159:35455/itv/6000000006000320630.m3u8?cdn=wasusyt
铁力综合|澜露直播,https://masterpull.hljtv.com/live/iUtbDFud.m3u8
中国天气,#http://fjcm-2118.live.iptv.darwinchow.com/PLTV/88888888/224/3221227210/index.m3u8
七台河新闻综合|澜露直播,https://masterpull.hljtv.com/live/9FZ7k2XF.m3u8
纪实科教,http://120.76.248.139/live/bfgd/4200000113.m3u8
绥滨综合|澜露直播,https://masterpull.hljtv.com/live/DQiqZPCj.m3u8
金鹰纪实,http://rrs01.hw.gmcc.net:8088/PLTV/81/224/3221226667/1.m3u8
望奎综合|澜露直播,https://masterpull.hljtv.com/live/d3loVdqX.m3u8
新视觉HD,http://120.76.248.139/live/bfgd/4200000249.m3u8
兰西综合|澜露直播,https://masterpull.hljtv.com/live/SYG06DEw.m3u8
茶友频道,#http://fjcm-2118.live.iptv.darwinchow.com/PLTV/88888888/224/3221226859/index.m3u8
青冈综合|澜露直播,https://masterpull.hljtv.com/live/bJGIloJe.m3u8
快乐垂钓,#http://fjcm-2117.live.iptv.darwinchow.com/PLTV/88888888/224/3221226940/index.m3u8
庆安综合|澜露直播,https://masterpull.hljtv.com/live/ayksl1Ur.m3u8
劲爆体育,http://111.22.153.159:35455/itv/5000000002000029972.m3u8?cdn=bestzb
明水综合|澜露直播,https://masterpull.hljtv.com/live/bOJ0OStw.m3u8
魅力足球,http://111.22.153.159:35455/itv/5000000011000031207.m3u8?cdn=bestzb
绥棱综合|澜露直播,https://masterpull.hljtv.com/live/p7WSvrJJ.m3u8
五星体育,http://bp-livetytv.bestv.cn/ch/bestvwxty.m3u8
肇东综合|澜露直播,https://masterpull.hljtv.com/live/G84ZsUTP.m3u8
新纪实,http://bp-resource-dfl.bestv.cn/155/3/video.m3u8
嫩江综合|澜露直播,https://masterpull.hljtv.com/live/hrSfaA6T.m3u8
第一财经,http://bp-livetytv.bestv.cn/ch/bestvdycj.m3u8
孙吴综合|澜露直播,https://masterpull.hljtv.com/live/eXFjvNaf.m3u8
上海新闻,http://bp-livetytv.bestv.cn/ch/bestvxwzh.m3u8
北安综合|澜露直播,https://masterpull.hljtv.com/live/EfoBDa06.m3u8
上海都市,http://bp-livetytv.bestv.cn/ch/bestvdspd.m3u8
五大连池综合|澜露直播,https://masterpull.hljtv.com/live/6ic4FFgF.m3u8
海峡卫视,http://8.138.7.223/tv/hxws.m3u8
呼玛综合|澜露直播,https://masterpull.hljtv.com/live/yN3vDovm.m3u8
四川科教,http://182.150.115.21:8030/pcgacg/pcgacg_0.m3u8
塔河综合|澜露直播,https://masterpull.hljtv.com/live/qXrATpGj.m3u8
哒啵赛事,#http://fjcm-2118.live.iptv.darwinchow.com/PLTV/88888888/224/3221227331/index.m3u8
黑龙江都市|澜露直播,http://shuangyashan.coccc.online:65000/tsfile/live/1027_1.m3u8?key=txiptv&playlive=1&authid=0
哒啵电竞,http://111.22.153.159:35455/itv/1000000006000032327.m3u8?cdn=ystenlive
黑龙江公共|澜露直播,http://shuangyashan.coccc.online:65000/tsfile/live/1029_1.m3u8?key=txiptv&playlive=1&authid=0
黑莓电影,#http://fjcm-2118.live.iptv.darwinchow.com/PLTV/88888888/224/3221227448/index.m3u8
黑龙江少儿|澜露直播,http://shuangyashan.coccc.online:65000/tsfile/live/1030_1.m3u8?key=txiptv&playlive=1&authid=0
黑莓动画,#http://fjcm-2118.live.iptv.darwinchow.com/PLTV/88888888/224/3221227303/index.m3u8
黑龙江文体|澜露直播,http://shuangyashan.coccc.online:65000/tsfile/live/1026_1.m3u8?key=txiptv&playlive=1&authid=0
乐游频道,http://8.138.7.223/tv/shtv.php?id=ly
黑龙江新闻|澜露直播,http://shuangyashan.coccc.online:65000/tsfile/live/1028_1.m3u8?key=txiptv&playlive=1&authid=0
欢笑剧场,http://111.22.153.159:35455/itv/5000000002000009455.m3u8?cdn=bestzb
黑龙江影视|澜露直播,http://shuangyashan.coccc.online:65000/tsfile/live/1025_1.m3u8?key=txiptv&playlive=1&authid=0
法治天地,http://111.22.153.159:35455/itv/2000000002000000014.m3u8?cdn=hnbblive
哈尔滨娱乐|澜露直播,http://stream.hrbtv.net/ylpd/sd/live.m3u8
七彩戏剧,http://111.22.153.159:35455/itv/5000000011000031116.m3u8?cdn=bestzb
哈尔滨综合|澜露直播,http://stream.hrbtv.net/xwzh/sd/live.m3u8?zheild
动漫秀场,http://111.22.153.159:35455/itv/5000000011000031113.m3u8?cdn=bestzb
哈尔滨影视|澜露直播,http://stream.hrbtv.net/yspd/sd/live.m3u8?zheild
游戏风云,http://111.22.153.159:35455/itv/5000000011000031114.m3u8?cdn=bestzb
哈尔滨生活|澜露直播,http://stream.hrbtv.net/shpd/sd/live.m3u8?zheild
生活时尚,http://111.22.153.159:35455/itv/5000000002000019634.m3u8?cdn=bestzb
哈尔滨影视|澜露直播,https://stream.hrbtv.net/yspd/sd/live.m3u8
都市剧场,http://112.46.105.20:8009/hls/72/index.m3u8
哈尔滨娱乐|澜露直播,https://stream.hrbtv.net/ylpd/sd/live.m3u8
金色学堂,http://111.22.153.159:35455/itv/5000000010000026105.m3u8?cdn=bestzb
哈尔滨生活|澜露直播,https://stream.hrbtv.net/shpd/sd/live.m3u8
南国都市,https://tencentplay.gztv.com/live/nanguodushi.m3u8?txSecret=550af55c0ea34ce492748481415b6dfa&txTime=1903e7b17de
哈尔滨都市|澜露直播,https://stream.hrbtv.net/zxpd/sd/live.m3u8
天元围棋,http://wouu.net:9977/udp/239.93.42.55:5140
哈尔滨生活|澜露直播,http://streamings.hrbtv.net/09e35fcca53542bfa24a6b34e0fc2ff8/h264_400k_ts/index.m3u8?type=hls_live_redirect
重温经典,https://other.ottiptv.cc/cwjd.m3u8
佳木斯新闻综合|澜露直播,https://rmplive.com/live/jiamusi.m3u8
睛彩竞技,#http://fjcm-2118.live.iptv.darwinchow.com/PLTV/88888888/224/3221227047/index.m3u8
富锦综合|澜露直播,https://rmplive.hljtv.com/live/fujin.m3u8
睛彩篮球,#http://fjcm-2118.live.iptv.darwinchow.com/PLTV/88888888/224/3221227158/index.m3u8
桦川综合|澜露直播,https://rmplive.hljtv.com/live/huachuan.m3u8
睛彩青少,#http://111.22.153.159:35455/itv/3000000020000011525.m3u8?cdn=FifastbLive
大庆新闻综合|澜露直播,https://rmplive.hljtv.com/live/daqing.m3u8
睛彩广场舞,#http://111.22.153.159:35455/itv/3000000020000011524.m3u8?cdn=FifastbLive
杜尔伯特综合|澜露直播,https://rmplive.hljtv.com/live/duerbote.m3u8
CHC影迷电影,http://148.135.93.213/live.php?id=CHC影迷电影
鸡西新闻综合|澜露直播,https://rmplive.hljtv.com/live/jixi.m3u8
CHC家庭影院,http://148.135.93.213/live.php?id=CHC家庭影院
集贤综合|澜露直播,https://rmplive.hljtv.com/live/jixian.m3u8
CHC动作电影,http://101.35.240.114:88/live.php?id=CHC动作电影
宝清综合|澜露直播,https://rmplive.hljtv.com/live/baoqing.m3u8
凤凰资讯台,http://101.35.240.114:88/phenix.php?id=fhzx
嘉荫综合|澜露直播,https://rmplive.hljtv.com/live/jiayin.m3u8
北京纪实科教8K,http://101.35.240.114:88/brtv8k.php
绥滨综合|澜露直播,https://rmplive.hljtv.com/live/suibin.m3u8
重温经典,http://101.35.240.114:88/live.php?id=重温经典
嫩江综合|澜露直播,https://rmplive.hljtv.com/live/nenjiang.m3u8
五星体育,http://101.35.240.114:88/live.php?id=五星体育
逊克综合|澜露直播,https://rmplive.hljtv.com/live/xunke.m3u8
CGTN英语,https://0472.org/hls/cgtn.m3u8
江西都市|澜露直播,http://113.195.172.192:808/hls/5/index.m3u8
CGTN纪录,https://0472.org/hls/cgtnd.m3u8
江西经济|澜露直播,http://113.195.172.192:808/hls/6/index.m3u8
鳳凰衛視中文台,http://bxtv.3a.ink/api.php?id=fhzw
江西公共|澜露直播,http://113.195.172.192:808/hls/8/index.m3u8
鳳凰衛視資訊台,http://bxtv.3a.ink/api.php?id=fhzx
江西少儿|澜露直播,http://113.195.172.192:808/hls/11/index.m3u8
鳳凰衛視香港台,http://bxtv.3a.ink/api.php?id=fhhk
南昌资讯|澜露直播,https://stream1.freetv.fun/88a155963494a4d798bfb33df80bff24c5384caae8f35114e7dab6ccc95b66f4.ctv
千禧經典台,http://bxtv.3a.ink/api.php?id=qxjd
南昌都市|澜露直播,https://stream1.freetv.fun/b6bc7fcf2ca64f92bc3752e1dc3743a65637becb3f4a9f0ae049faea1b1794e1.ctv
無線新聞台,http://bxtv.3a.ink/api.php?id=wxxw
九江新闻综合|澜露直播,http://zb.hmysapp.cn:801/dft/jiangxi/jiujiang.php?id=jjxwzh
美亞電影台,http://bxtv.3a.ink/api.php?id=meiya
九江公共|澜露直播,http://zb.hmysapp.cn:801/dft/jiangxi/jiujiang.php?id=jjgg
myTV SUPER 18台,http://bxtv.3a.ink/api.php?id=18
九江教育|澜露直播,http://zb.hmysapp.cn:801/dft/jiangxi/jiujiang.php?id=jjjy
TVB Plus,http://bxtv.3a.ink/api.php?id=tvbp
赣州新闻|澜露直播,https://pili-live-hls-sjxgz2024.sobeylive.com/jxgz2024/396_q_live172526329228525.m3u8
PopC,http://bxtv.3a.ink/api.php?id=popc
赣州公共|澜露直播,https://pili-live-hls-sjxgz2024.sobeylive.com/jxgz2024/396_q_live172526334096251.m3u8
VIUTV,http://bxtv.3a.ink/api.php?id=viutv
彭泽综合|澜露直播,https://play-a2.quklive.com/live/1740970999257207.m3u8
NOW新闻,http://bxtv.3a.ink/api.php?id=now
万载|澜露直播,http://play-a2.quklive.com/live/1739162440932308.m3u8
NOW爆谷,https://bxtv.3a.ink/api.php?id=baogu
章贡|澜露直播,http://218.95.14.41:8000/hls/stream0.m3u8
NOW爆谷星影台,https://bxtv.3a.ink/api.php?id=xingying
景德镇|澜露直播,http://play-sh.quklive.com/live/1724916607073321.m3u8
中天新聞台,http://bxtv.3a.ink/api.php?id=ztxw
萍乡公共|澜露直播,https://stream1.freetv.fun/ab62d1b522e7e8efcc2198f6f916207ee1ae8b17939cbe2a466e3ff5f9334594.m3u8
澳视澳门,http://r.jdshipin.com/n2YZI
萍乡新闻综合|澜露直播,https://stream1.freetv.fun/6824807732e62465f7f9919ad17f046775c80de751b0020df0e5ed14465028cb.m3u8
澳视卫星,http://r.jdshipin.com/QFhCq
广丰|澜露直播,https://play-a2.quklive.com/live/1754033359790055.m3u8
台湾+,https://bcovlive-a.akamaihd.net/rce33d845cb9e42dfa302c7ac345f7858/ap-northeast-1/6282251407001/playlist.m3u8
玉山|澜露直播,http://play-a2.quklive.com/live/1744269699236128.m3u8
TVB Plus,http://r.jdshipin.com/Nr5jq
崇仁综合|澜露直播,http://play-a2.quklive.com/live/1744277411242065.m3u8
TVB Plus,http://r.jdshipin.com/ndGgS
乐安|澜露直播,http://play-a2.quklive.com/live/1752744744088073.m3u8
无线新闻,http://r.jdshipin.com/CkuBd
丰城|澜露直播,http://play-sh13.quklive.com/live/1753663315049013.m3u8?auth_key=2079618218-43a81f8882264506923871b82faf8326-0-1b2ac19fffa1a603da6cb6e67161ac25
TVB星河,http://r.jdshipin.com/sXuuD
铜鼓|澜露直播,http://play-a2.quklive.com/live/1742531118997158.m3u8
TVB星河,http://r.jdshipin.com/Voac4
井冈山|澜露直播,http://play-a2.quklive.com/live/1743498103845328.m3u8
华丽翡翠台,http://r.jdshipin.com/thuYX
定南|澜露直播,http://play-sh13.quklive.com/live/1762136155495343.m3u8?auth_key=2079618705-65d76ec872e34ae4b20754350ddb966e-0-6ffe234c7afa525ab41523ce49baa6a3
ViuTV,http://r.jdshipin.com/vSJvl
宁都|澜露直播,http://play-a2.quklive.com/live/1749084198822069.m3u8
ViuTV,http://r.jdshipin.com/TcKr2
南康|澜露直播,http://play-a2.quklive.com/live/1758525653004384.m3u8
HOY TV,http://r.jdshipin.com/sFw4S
上犹|澜露直播,http://play-a2.quklive.com/live/1761893154602099.m3u8
广东珠江,http://r.jdshipin.com/sE5vO
信丰|澜露直播,http://play-a2.quklive.com/live/1761874123034214.m3u8
广东体育,http://r.jdshipin.com/LiYdg
瑞金|澜露直播,http://play-a2.quklive.com/live/1760408109205119.m3u8
广州综合,http://r.jdshipin.com/iR6Gq
大余|澜露直播,https://play-a2.quklive.com/live/1757066245476057.m3u8
南国都市,http://r.jdshipin.com/nWaZO
玉山|澜露直播,https://play-a2.quklive.com/live/1744269699236128.m3u8
广州综合,http://r.jdshipin.com/snhya
南康|澜露直播,https://play-a2.quklive.com/live/1758525653004384.m3u8
海峡卫视,http://r.jdshipin.com/WtYt3
龙南|澜露直播,https://play-hsbj.vzan.com/1670294060/707321619705783642/live.m3u8
咪咕视频4K,http://r.jdshipin.com/ln4xk
瑞金|澜露直播,https://play-a2.quklive.com/live/1760408109205119.m3u8
咪咕视频4K-2,http://r.jdshipin.com/Lqdwf
信丰|澜露直播,https://play-a2.quklive.com/live/1761874123034214.m3u8
翡翠台 backup,http://api.kkitv.itv888.vip:8080/streams/jutaw8wu0j9/index.m3u8
乐安|澜露直播,https://play-a2.quklive.com/live/1752744744088073.m3u8
iNews新闻台,http://api.kkitv.itv888.vip:8080/streams/o0ey7z1y0y/index.m3u8
铜鼓|澜露直播,https://play-a2.quklive.com/live/1742531118997158.m3u8
HOY资讯台,http://api.kkitv.itv888.vip:8080/streams/o6fp2zqodp/index.m3u8
万载|澜露直播,https://play-a2.quklive.com/live/1739162440932308.m3u8
RHK 31,http://api.kkitv.itv888.vip:8080/streams/au9u4ktua3t/index.m3u8
井冈山综合|澜露直播,https://play-a2.quklive.com/live/1743498103845328.m3u8
RHK 32,http://api.kkitv.itv888.vip:8080/streams/emzampd6m1i/index.m3u8
彭泽|澜露直播,http://play-a2.quklive.com/live/1740970999257207.m3u8
VIUTV1,http://api.kkitv.itv888.vip:8080/streams/i76tznm59xp/index.m3u8
辽宁都市|澜露直播,http://sh.lnott.top:880/dx20.m3u8
Viu6,http://api.kkitv.itv888.vip:8080/streams/bvdslcl5cts/index.m3u8
辽宁影视剧|澜露直播,http://sh.lnott.top:880/dx21.m3u8
珠江卫视,http://iptv.4666888.xyz/iptv2A.php?id=19
辽宁体育休闲|澜露直播,http://sh.lnott.top:880/dx22.m3u8
美亚电影,http://iptv.4666888.xyz/iptv2A.php?id=30
辽宁生活|澜露直播,http://sh.lnott.top:880/dx23.m3u8
有线新闻,http://iptv.4666888.xyz/iptv2A.php?id=31
辽宁教育青少|澜露直播,http://sh.lnott.top:880/dx24.m3u8
龙华电影,http://iptv.4666888.xyz/iptv2A.php?id=45
辽宁北方|澜露直播,http://sh.lnott.top:880/dx25.m3u8
凤凰资讯高清,http://cdn6.163189.xyz/163189/fhzx
辽宁经济|澜露直播,http://sh.lnott.top:880/dx26.m3u8
凤凰电影,http://iot-mqqt.111yao.cn:8080/live/diyp_fhdy.m3u8
辽宁公共|澜露直播,http://sh.lnott.top:880/dx27.m3u8
星空国际,http://iot-mqqt.111yao.cn:8080/live/diyp_starmovies.m3u8
沈阳新闻|澜露直播,http://sh.lnott.top:880/dx28.m3u8
澳门卫视,http://php.jdshipin.com:8880/TVOD/iptv.php?id=as
辽宁地方|澜露直播,http://sh.lnott.top:880/dx99.m3u8
澳视澳门,http://php.jdshipin.com:8880/TVOD/iptv.php?id=asam
辽宁都市|澜露直播,http://39.152.103.17:8089/tsfile/live/1025_1.m3u8?key=txiptv&playlive=1&down=1
澳亚卫视,http://cdn9.163189.xyz/live/as/stream.m3u8
辽宁影视剧|澜露直播,http://39.152.103.17:8089/tsfile/live/1026_1.m3u8?key=txiptv&playlive=1&down=1
莲花卫视,http://live-hls.macaulotustv.com/lotustv/macaulotustv.m3u8
辽宁体育|澜露直播,http://39.152.103.17:8089/tsfile/live/1027_1.m3u8?key=txiptv&playlive=1&down=1
TVB无线新闻,http://cdn9.163189.xyz/smt1.1.php?id=inews_twn
辽宁生活|澜露直播,http://39.152.103.17:8089/tsfile/live/1028_1.m3u8?key=txiptv&playlive=1&down=1
TVB无线新闻（备用）,http://erp.giihgtidg.com:8080/live/wxxw01.m3u8
辽宁青少|澜露直播,http://39.152.103.17:8089/tsfile/live/1029_1.m3u8?key=txiptv&playlive=1&down=1
TVB无线星河,http://php.jdshipin.com:8880/smt.php?id=Xinhe
辽宁北方|澜露直播,http://39.152.103.17:8089/tsfile/live/1030_1.m3u8?key=txiptv&playlive=1&down=1
TVB娱乐新闻,http://ali.hlspull.yximgs.com/live/6425965d63a08c85ca806bfcc8c75cf4.flv
辽宁公共|澜露直播,http://39.152.103.17:8089/tsfile/live/1031_1.m3u8?key=txiptv&playlive=1&down=1
TVB翡翠台（备用）,http://erp.giihgtidg.com:8080/live/jade01.m3u8
辽宁经济|澜露直播,http://39.152.103.17:8089/tsfile/live/1032_1.m3u8?key=txiptv&playlive=1&down=1
TVB翡翠台 1080P,http://php.jdshipin.com:8880/TVOD/iptv.php?id=fct3
阜新教育|澜露直播,http://39.152.103.17:8089/tsfile/live/1022_1.m3u8?key=txiptv&playlive=1&down=1
华丽翡翠台,http://cdn9.163189.xyz/smt1.1.php?id=Tvbjade
阜新综合|澜露直播,http://39.152.103.17:8089/tsfile/live/1023_1.m3u8?key=txiptv&playlive=1&down=1
TVB J1,http://cdn3.163189.xyz/live/j1/stream.m3u8
吉林林都市|澜露直播,http://36.135.118.195:85/tsfile/live/0019_1.m3u8?key=txiptv&playlive=0&authid=0
TVB Plus,http://bxtv.3a.ink/api.php?id=tvbp
吉视生活|澜露直播,http://36.135.118.195:85/tsfile/live/1000_1.m3u8?key=txiptv&playlive=0&authid=0
千禧经典,http://cdn9.163189.xyz/smt3.1.1.php?id=Tvbclassic
吉林影视|澜露直播,http://36.135.118.195:85/tsfile/live/1001_1.m3u8?key=txiptv&playlive=0&authid=0
星空卫视,http://iot-mqqt.111yao.cn:8080/live/diyp_xingkong.m3u8
吉视乡村|澜露直播,http://36.135.118.195:85/tsfile/live/1002_1.m3u8?key=txiptv&playlive=0&authid=0
星光影视,http://ali.hlspull.yximgs.com/live/zxcvbnm9852.flv
发现之旅|澜露直播,http://36.135.118.195:85/tsfile/live/1003_1.m3u8?key=txiptv&playlive=0&authid=0
环球电视,http://utv1.hqtvzb.com:9999/hls/world.m3u8
综艺文化|澜露直播,http://36.135.118.195:85/tsfile/live/1004_1.m3u8?key=txiptv&playlive=0&authid=0
耀才财经,https://v3.mediacast.hk/webcast/bshdlive-pc/chunklist_w99771165.m3u8
延边卫视|澜露直播,http://36.135.118.195:85/tsfile/live/1005_1.m3u8?key=txiptv&playlive=0&authid=0
民视,rtmp://f13h.mine.nu/sat/tv051
吉林教育|澜露直播,http://36.135.118.195:85/tsfile/live/1006_1.m3u8?key=txiptv&playlive=0&authid=0
台视,rtmp://f13h.mine.nu/sat/tv071
长影|澜露直播,http://36.135.118.195:85/tsfile/live/1008_1.m3u8?key=txiptv&playlive=0&authid=0
中视,rtmp://f13h.mine.nu/sat/tv091
吉林市新闻|澜露直播,http://36.108.172.237:10206/stream/channelid/1547302023?ticket=d6f77584ffa38302512849dcd2cdba3f5d522066
华视,rtmp://f13h.mine.nu/sat/tv111
吉林市生活|澜露直播,http://36.108.172.237:10206/stream/channelid/2032964622?ticket=bf5c8215108ec4072bcedbd100edd817000010bf
台视新闻,http://38.64.72.148/hls/modn/list/4013/chunklist1.m3u8
吉林市科教|澜露直播,http://36.108.172.237:10206/stream/channelid/678776556?ticket=77ccb1b2dd970e722564a34732c4a0e8b58eeae1
中天新闻,https://v.hystudio.cn:8088/live/yifatv-ztxw0.m3u8
吉林市新闻|澜露直播,https://stream1.freetv.fun/f229007f325ee603d39a4a6ef3046dd9140433eebfb43d2dfdbc410f22e6ad0a.m3u8
中天娱乐,https://gdfire2.67890123.cn:8088/live/ztxw201.m3u8
长春1|澜露直播,http://36.135.118.195:85/tsfile/live/1009_1.m3u8?key=txiptv&playlive=0&authid=0
华视新闻,http://litv.zapi.us.kg/?id=4gtv-4gtv052
长春2|澜露直播,http://36.135.118.195:85/tsfile/live/1010_1.m3u8?key=txiptv&playlive=0&authid=0
中视新闻,http://198.16.100.186:8278/zhongshinews_twn/playlist.m3u8?tid=MD0D3377711133777111&ct=19249&tsum=ffaee3fe7040c96643b3c7f12bf2de8d
长春3|澜露直播,http://36.135.118.195:85/tsfile/live/1011_1.m3u8?key=txiptv&playlive=0&authid=0
三立综合,http://live4play.uk/livehttpplay?channel_id=12038
吉林磐石综合|澜露直播,http://stream5.jlntv.cn/ps/playlist.m3u8
三立都会,http://live4play.uk/livehttpplay?channel_id=20100
吉林公主岭综合|澜露直播,http://stream5.jlntv.cn/gzl/playlist.m3u8
三立戏剧,http://61.221.215.25:8800/hls/41/index.m3u8
吉林东丰综合|澜露直播,http://stream5.jlntv.cn/df/playlist.m3u8
非凡新闻,rtmp://f13h.mine.nu/sat/tv581
吉林东辽综合|澜露直播,http://stream5.jlntv.cn/dl/playlist.m3u8
寰宇新闻,https://gdfire2.67890123.cn:8088/live/hyxw01.m3u8
吉林辉南综合|澜露直播,http://stream5.jlntv.cn/hn/playlist.m3u8
年代新闻,http://198.16.100.186:8278/niandainews_twn/playlist.m3u8?tid=MBCB9184423891844238&ct=19249&tsum=ac0331d98099429b19c53fe6d20972ec
延边-2|澜露直播,http://stream5.jlntv.cn/wq/playlist.m3u8
东森新闻,https://gdfire2.67890123.cn:8088/live/dsxw01.m3u8
柳河综合|澜露直播,http://stream5.jlntv.cn/lh/sd/live.m3u8
东森财经,http://live4play.uk/livehttpplay?channel_id=20078
汪清综合|澜露直播,http://stream5.jlntv.cn/wq/sd/live.m3u8
东森洋片,http://live4play.uk/livehttpplay?channel_id=20080
通化县综合|澜露直播,http://stream5.jlntv.cn/thx/playlist.m3u8
东森戏剧,http://live4play.uk/livehttpplay?channel_id=20072
白城洮南综合|澜露直播,http://stream5.jlntv.cn/tn/playlist.m3u8
美亚电影,http://ali.hlspull.yximgs.com/live/awei_mydy.flv
吉林都市|澜露直播,http://live1.jzjsnm.cn/live1/jishidushi.m3u8?auth_key=1674380330033-0-0-b8c9ed7f3a790cf65454850352106e7e
民视新闻台,http://live4play.uk/livehttpplay?channel_id=20097
吉林影视|澜露直播,http://live1.jzjsnm.cn/live1/jishiyingshi.m3u8?auth_key=1674380437010-0-0-2823bd78571c8e4ad0fa5a7c79736217
民视台湾台,https://smart.pendy.dpdns.org/Smart.php?id=ftvtaiwan_twn
吉林生活|澜露直播,http://live1.jzjsnm.cn/live1/jishishenghuo.m3u8?auth_key=1674380476676-0-0-cd401b455ebeb76bd3a057bccd6c89b8
民视第一台,https://smart.pendy.dpdns.org/Smart.php?id=lunghuajingdian_twn
吉林乡村|澜露直播,http://live1.jzjsnm.cn/live1/jishixiangcun.m3u8?auth_key=1674380589625-0-0-8edf21ffa5a7c0910baca4085d788b29
民视综艺台,http://litv.zapi.us.kg/?id=4gtv-4gtv004
海南新闻|澜露直播,http://153.0.171.163:85/tsfile/live/1017_1.m3u8?key=txiptv&playlive=1&authid=0
民视影剧台,http://litv.zapi.us.kg/?id=litv-ftv09
海南公共|澜露直播,http://153.0.171.163:85/tsfile/live/1018_1.m3u8?key=txiptv&playlive=1&authid=0
中天亚洲台,http://livetv.skycf.eu.org/live.m3u8?c=3
海南影视|澜露直播,http://153.0.171.163:85/tsfile/live/1019_1.m3u8?key=txiptv&playlive=1&authid=0
中视菁采,http://litv.zapi.us.kg/?id=4gtv-4gtv064
海南自贸|澜露直播,http://153.0.171.163:85/tsfile/live/1016_1.m3u8?key=txiptv&playlive=1&authid=0
美亚C+,http://ottproxy2.ist.ooo/livehls/MOB-U1-NO/03.m3u8
海南自贸|澜露直播,http://nn.7x9d.cn/地方台8563/海南.php?id=jjpd
MOMO TV,rtmp://f13h.mine.nu/sat/tv761
海南公共|澜露直播,http://nn.7x9d.cn/地方台8563/海南.php?id=ggpd
纬来日本,rtmp://f13h.mine.nu/sat/tv771
海南文旅|澜露直播,http://nn.7x9d.cn/地方台8563/海南.php?id=wlpd
纬来电影,http://live4play.uk/livehttpplay?channel_id=20199
海南少儿|澜露直播,http://nn.7x9d.cn/地方台8563/海南.php?id=sepd
纬来精采,http://61.221.215.25:8800/hls/48/index.m3u8
三沙卫视|澜露直播,http://nn.7x9d.cn/地方台8563/海南.php?id=ssws
大爱1台,https://pulltv1.wanfudaluye.com/live/tv1.m3u8
儋州综合|澜露直播,http://36009.hlsplay.aodianyun.com/tv_radio_36009/tv_channel_1330.m3u8?auth_key=4854915849-0-0-5cf8df0f6f82fbb8da58b60f011965c3
大爱2台,https://pulltv2.wanfudaluye.com/live/tv2.m3u8
海南新闻HD|澜露直播,http://www.hkyc.site:1991/rtp/239.253.64.121:5140
大立电视台,http://www.dalitv.com.tw:4568/live/dali/index.m3u8
海南公共HD|澜露直播,http://www.hkyc.site:1991/rtp/239.253.64.14:5140
TVBS新闻台,http://61.221.215.25:8800/hls/9/index.m3u8
海南文旅HD|澜露直播,http://www.hkyc.site:1991/rtp/239.253.64.122:5140海南少儿HD	http://www.hkyc.site:1991/rtp/239.253.64.124:5140
TVBS欢乐台,http://litv.zapi.us.kg/?id=4gtv-4gtv068
海南自贸HD|澜露直播,http://www.hkyc.site:1991/rtp/239.253.64.119:5140
番薯台,http://61.216.67.119:1935/TWHG/E1/chunklist_w705811302.m3u8
海南新闻SD|澜露直播,http://www.hkyc.site:1991/rtp/239.253.64.11:5140
人间卫视,http://61.216.67.119:1935/bltvhd/bltv1/chunklist_w1266569526.m3u
海南公共SD|澜露直播,http://www.hkyc.site:1991/rtp/239.253.64.2:5140
八大戏剧台,http://61.221.215.25:8800/hls/39/index.m3u8
海南文旅SD|澜露直播,http://www.hkyc.site:1991/rtp/239.253.64.3:5140海南少儿SD	http://www.hkyc.site:1991/rtp/239.253.64.4:5140
AMC电影台,http://122.117.71.103:8559/http/61.222.53.250:8092/upload/115/AMC_TS-1111_1.m3u8
海口1SD|澜露直播,http://www.hkyc.site:1991/rtp/239.253.64.6:5140
CAT电影,http://litv.zapi.us.kg/?id=4gtv-4gtv076
海口2SD|澜露直播,http://www.hkyc.site:1991/rtp/239.253.64.7:5140
龙华电影,https://cdn8.163189.xyz/live/lhdy/stream.m3u8
海口3SD|澜露直播,http://www.hkyc.site:1991/rtp/239.253.64.8:5140
龙华洋片,https://cdn8.163189.xyz/live/lhyp/stream.m3u8
三亚1SD|澜露直播,http://www.hkyc.site:1991/rtp/239.253.64.9:5140
龙华经典,https://cdn8.163189.xyz/live/lhjd/stream.m3u8
东方SD|澜露直播,http://www.hkyc.site:1991/rtp/239.253.64.111:5140
龙华卡通,https://cdn8.163189.xyz/live/lhkt/stream.m3u8
临高SD|澜露直播,http://www.hkyc.site:1991/rtp/239.253.64.155:5140
龙华偶像,https://cdn8.163189.xyz/live/lhox/stream.m3u8
保亭SD|澜露直播,http://www.hkyc.site:1991/rtp/239.253.64.159:5140
龙华日韩,https://cdn8.163189.xyz/live/lhrh/stream.m3u8
儋州SD|澜露直播,http://www.hkyc.site:1991/rtp/239.253.64.107:5140
龙华戏剧,https://cdn8.163189.xyz/live/lhxj/stream.m3u8
定安SD|澜露直播,http://www.hkyc.site:1991/rtp/239.253.64.110:5140
靖天电影,http://live4play.uk/livehttpplay?channel_id=12037
屯昌SD|澜露直播,http://www.hkyc.site:1991/rtp/239.253.64.117:5140
港台电视31,https://cdn5.163189.xyz/live/rthk31/stream.m3u8
文昌SD|澜露直播,http://www.hkyc.site:1991/rtp/239.253.64.105:5140
港台电视32,https://cdn5.163189.xyz/live/rthk32/stream.m3u8
昌江SD|澜露直播,http://www.hkyc.site:1991/rtp/239.253.64.108:5140
HOY78,http://cdn.163189.xyz/live/hoy/stream.m3u8
澄迈SD|澜露直播,http://www.hkyc.site:1991/rtp/239.253.64.109:5140
ASTRO AOD,http://cdn9.163189.xyz/smt1.1.php?id=Aodhd
琼中SD|澜露直播,http://www.hkyc.site:1991/rtp/239.253.64.165:5140
DAZN体育1,rtmp://f13h.mine.nu/sat/tv731
琼海SD|澜露直播,http://www.hkyc.site:1991/rtp/239.253.64.106:5140
DAZN体育2,rtmp://f13h.mine.nu/sat/tv741
白沙SD|澜露直播,http://www.hkyc.site:1991/rtp/239.253.64.118:5140
ELEVEN体育1,https://stream1.freetv.fun/eltaai-er-da-ti-yu--1--wj-1.ctv
海南自贸SD|澜露直播,http://www.hkyc.site:1991/rtp/239.253.64.1:514
ELEVEN体育2,https://stream1.freetv.fun/eltaai-er-da-ti-yu--2--wj-1.ctv
海南新闻|澜露直播,http://www.alihomes.top:8188/rtp/239.254.96.20:7144
ELEVEN体育3,https://stream1.freetv.fun/eltaai-er-da-ti-yu--3--wj-1.ctv
海南自贸|澜露直播,http://www.alihomes.top:8188/rtp/239.254.96.185:8162
半岛新闻,#http://live-hls-web-aje.getaj.net/AJE/01.m3u8
海南公共|澜露直播,http://www.alihomes.top:8188/rtp/239.254.96.21:7152
韩国电影1,https://stream.ads.ottera.tv/playlist.m3u8?network_id=595
海南文旅|澜露直播,http://www.alihomes.top:8188/rtp/239.254.96.191:8176
韩国电影2,https://stream.ads.ottera.tv/playlist.m3u8?network_id=743
海南少儿|澜露直播,http://www.alihomes.top:8188/rtp/239.254.96.23:7168
凤凰卫视台,http://php.jdshipin.com/TVOD/iptv.php?id=fhzw
三亚1台|澜露直播,http://www.alihomes.top:8188/rtp/239.254.96.106:8832
凤凰资讯台,http://php.jdshipin.com/TVOD/iptv.php?id=fhzx
海口1|澜露直播,http://www.alihomes.top:8188/rtp/239.254.96.103:7808
翡翠台北美版,http://php.jdshipin.com:8880/TVOD/iptv.php?id=j1
澄迈|澜露直播,http://www.alihomes.top:8188/rtp/239.254.96.111:7772
TVB Plus,http://php.jdshipin.com/TVOD/iptv.php?id=j2
海口-1|澜露直播,https://live2.hkbtv.cn/live/tv2501.m3u8
VIUTV,http://php.jdshipin.com/TVOD/iptv.php?id=viutv
海口-2|澜露直播,https://live2.hkbtv.cn/live/tv2502.m3u8
VIUTV,http://php.jdshipin.com/TVOD/iptv.php?id=viutv2
海口-3|澜露直播,https://live2.hkbtv.cn/live/tv2503.m3u8
无线新闻台,http://php.jdshipin.com:8880/smt.php?id=inews_twn
西安新闻综合|澜露直播,https://xatv-yt.xiancity.cn/live/1/index.m3u8
RTHK31,http://php.jdshipin.com:8880/TVOD/iptv.php?id=rthk31
西安都市|澜露直播,https://xatv-yt.xiancity.cn/live/2/index.m3u8
RTHK32,http://php.jdshipin.com:8880/TVOD/iptv.php?id=rthk32
西安戏剧影视|澜露直播,https://xatv-yt.xiancity.cn/live/4/index.m3u8
HOY TV,http://php.jdshipin.com/TVOD/iptv.php?id=hoytv
西安移动电视|澜露直播,https://xatv-yt.xiancity.cn/live/7/index.m3u8
澳视澳门,http://php.jdshipin.com:8880/TVOD/iptv.php?id=asam
西安商务资讯|澜露直播,https://xatv-yt.xiancity.cn/live/3/index.m3u8
澳视卫星,http://php.jdshipin.com:8880/TVOD/iptv.php?id=as
西安丝路|澜露直播,https://xatv-yt.xiancity.cn/live/5/index.m3u8
八度空间,https://cdn6.163189.xyz/163189/8tv
西安乐购购物|澜露直播,https://xatv-yt.xiancity.cn/live/6/index.m3u8
CH5,https://cdn6.163189.xyz/163189/ch5
西安一套|澜露直播,http://xatv-yt.xiancity.cn/live/1/index.m3u8
CH8,https://cdn6.163189.xyz/163189/ch8
西安二套|澜露直播,http://xatv-yt.xiancity.cn/live/2/index.m3u8
CHU,https://cdn6.163189.xyz/163189/chu
西安三套|澜露直播,http://xatv-yt.xiancity.cn/live/3/index.m3u8
千禧经典台,http://php.jdshipin.com:8880/smt.php?id=Tvbclassic
西安四套|澜露直播,http://xatv-yt.xiancity.cn/live/4/index.m3u8
美亚电影台,http://php.jdshipin.com:8880/smt.php?id=meiyamovie_twn
西安五套|澜露直播,http://xatv-yt.xiancity.cn/live/5/index.m3u8
天映频道,http://php.jdshipin.com:8880/smt.php?id=Celestial
西安六套|澜露直播,http://xatv-yt.xiancity.cn/live/6/index.m3u8
天映经典,http://php.jdshipin.com:8880/smt.php?id=Celestial2
西安七套|澜露直播,http://xatv-yt.xiancity.cn/live/7/index.m3u8
Astro AOD,http://php.jdshipin.com/TVOD/iptv.php?id=aod
陕西1|澜露直播,http://112.46.105.20:8009/hls/18/index.m3u8
Astro AEC,http://php.jdshipin.com/smt.php?id=AEC
陕西2|澜露直播,http://112.46.105.20:8009/hls/19/index.m3u8
爱奇艺,http://php.jdshipin.com/smt.php?id=Qiyi
陕西4|澜露直播,http://112.46.105.20:8009/hls/21/index.m3u8
Astro QJ,http://php.jdshipin.com/smt.php?id=Quanjia
陕西5|澜露直播,http://112.46.105.20:8009/hls/22/index.m3u8
Astro欢喜台,http://php.jdshipin.com/smt.php?id=Huahee
陕西6|澜露直播,http://112.46.105.20:8009/hls/23/index.m3u8
华丽翡翠台,http://php.jdshipin.com/TVOD/iptv.php?id=huali2
陕西7|澜露直播,http://112.46.105.20:8009/hls/24/index.m3u8
亚洲武侠,http://php.jdshipin.com/TVOD/iptv.php?id=yzwx
陕西8|澜露直播,http://112.46.105.20:8009/hls/62/index.m3u8
TVB生活台,http://php.jdshipin.com/TVOD/iptv.php?id=tvbsh
陕西🍓|澜露直播,http://www.kaniptv.cn/mk.php?ip=node-111-20-163-124.speedtest.cn:8001&id=live1202
TVB娱乐新闻台,http://php.jdshipin.com/TVOD/iptv.php?id=tvbylxw
陕西🍓|澜露直播,http://www.kaniptv.cn/mk.php?ip=node-111-20-163-124.speedtest.cn:8001&id=live1203
无线新闻台,http://php.jdshipin.com/TVOD/iptv.php?id=wxxw
陕西🍓|澜露直播,http://www.kaniptv.cn/mk.php?ip=node-111-20-163-124.speedtest.cn:8001&id=live1204
TVB星河,http://php.jdshipin.com/TVOD/iptv.php?id=xinghe
陕西🍓|澜露直播,http://www.kaniptv.cn/mk.php?ip=node-111-20-163-124.speedtest.cn:8001&id=live1205
NOW NEWS,http://cdn.163189.xyz/163189/now
陕西🍓|澜露直播,http://www.kaniptv.cn/mk.php?ip=node-111-20-163-124.speedtest.cn:8001&id=live1206
澳视卫星,https://cdn6.163189.xyz/163189/as
陕西卫视|澜露直播,http://219.145.93.74:10000/tsfile/live/0136_1.m3u8?key=txiptv&playlive=1&authid=0
澳视澳门,https://cdn6.163189.xyz/163189/asam
陕西一套|澜露直播,http://219.145.93.74:10000/tsfile/live/1000_1.m3u8?key=txiptv&playlive=1&authid=0
澳门体育,http://cdn6.163189.xyz/163189/amty
陕西二套|澜露直播,http://219.145.93.74:10000/tsfile/live/1001_1.m3u8?key=txiptv&playlive=1&authid=0
澳门综艺,http://cdn6.163189.xyz/163189/amzy
凤凰中文|澜露直播,http://219.145.93.74:10000/tsfile/live/1002_1.m3u8?key=txiptv&playlive=1&authid=0
iHOT 爱喜剧,http://111.22.153.159:35455/itv/2000000004000000032.m3u8?cdn=hnbblive
西安1|澜露直播,http://www.kaniptv.cn/mk.php?ip=node-111-20-163-124.speedtest.cn:8001&id=live1207
iHOT 爱科幻,http://111.22.153.159:35455/itv/2000000004000000033.m3u8?cdn=hnbblive
西安2|澜露直播,http://www.kaniptv.cn/mk.php?ip=node-111-20-163-124.speedtest.cn:8001&id=live1208
iHOT 爱院线,http://111.22.153.159:35455/itv/2000000004000000034.m3u8?cdn=hnbblive
西安3|澜露直播,http://www.kaniptv.cn/mk.php?ip=node-111-20-163-124.speedtest.cn:8001&id=live1209
iHOT 爱浪漫,http://111.22.153.159:35455/itv/2000000004000000035.m3u8?cdn=hnbblive
西安4|澜露直播,http://www.kaniptv.cn/mk.php?ip=node-111-20-163-124.speedtest.cn:8001&id=live1210
iHOT 爱悬疑,http://111.22.153.159:35455/itv/2000000004000000036.m3u8?cdn=hnbblive
海宁生活|澜露直播,https://stream1.freetv.fun/e5ac3e4541425aa812f19aca59fcd06a279955e60fd1647616f04a68f80ef87e.m3u8
iHOT 爱谍战,http://111.22.153.159:35455/itv/2000000004000000038.m3u8?cdn=hnbblive
海宁新闻综合|澜露直播,https://stream1.freetv.fun/f169f027339329e69b9c4db6fc304113830c67632744351fdf6171a413521f70.m3u8
iHOY 爱历史,http://111.22.153.159:35455/itv/2000000004000000046.m3u8?cdn=hnbblive
杭州综合|澜露直播,http://xrhui.f3322.org:8888/rtp/233.50.201.173:5140
iHOT 爱科学,http://111.22.153.159:35455/itv/2000000004000000047.m3u8?cdn=hnbblive
杭州明珠|澜露直播,http://xrhui.f3322.org:8888/rtp/233.50.201.174:5140
iHOT 爱幼教,http://111.22.153.159:35455/itv/2000000004000000049.m3u8?cdn=hnbblive
杭州生活|澜露直播,http://xrhui.f3322.org:8888/rtp/233.50.201.175:5140
iHOT 爱玩具,http://111.22.153.159:35455/itv/2000000004000000053.m3u8?cdn=hnbblive
杭州影视|澜露直播,http://xrhui.f3322.org:8888/rtp/233.50.201.176:5140
iHOT 爱赛车,http://111.22.153.159:35455/itv/2000000004000000055.m3u8?cdn=hnbblive
杭州青少体育|澜露直播,http://xrhui.f3322.org:8888/rtp/233.50.201.177:5140
iHOT 爱旅行,http://111.22.153.159:35455/itv/2000000004000000056.m3u8?cdn=hnbblive
杭州导视|澜露直播,http://xrhui.f3322.org:8888/rtp/233.50.201.182:5140
iHOT 爱奇谈,http://111.22.153.159:35455/itv/2000000004000000058.m3u8?cdn=hnbblive
宁波1|澜露直播,http://xrhui.f3322.org:8888/rtp/233.50.201.168:5140宁波2|澜露直播
iHOT 爱动漫,http://111.22.153.159:35455/itv/2000000004000000059.m3u8?cdn=hnbblive
宁波3|澜露直播,http://xrhui.f3322.org:8888/rtp/233.50.201.179:5140
iHOT 爱体育,http://111.22.153.159:35455/itv/2000000004000000060.m3u8?cdn=hnbblive
宁波4|澜露直播,http://xrhui.f3322.org:8888/rtp/233.50.201.180:5140
NewTV 超级电影,http://111.22.153.159:35455/itv/1000000003000012426.m3u8?cdn=ystenlive
温州新闻|澜露直播,http://xrhui.f3322.org:8888/rtp/233.50.201.87:5140
NewTV 超级电视剧,http://111.22.153.159:35455/itv/1000000004000024993.m3u8?cdn=ystenlive
衢州综合|澜露直播,http://xrhui.f3322.org:8888/rtp/233.50.202.11:5140
NewTV 超级体育,http://111.22.153.159:35455/itv/1000000001000009601.m3u8?cdn=ystenlive
衢州公共|澜露直播,http://xrhui.f3322.org:8888/rtp/233.50.202.12:5140
NewTV 超级综艺,http://[2409:8087:5e00:24::2d]:6610/000000001000/1/1000000004000023658/index.m3u8?channel-id=ystenlive&Contentid=1000000004000023658&livemode=1&stbId=YanG-1989
绍兴新闻|澜露直播,http://xrhui.f3322.org:8888/rtp/233.50.201.156:5140
NewTV 金牌综艺,http://[2409:8087:5e00:24::2d]:6610/000000001000/1/1000000004000026167/index.m3u8?channel-id=ystenlive&Contentid=1000000004000026167&livemode=1&stbId=YanG-1989
衢州公共|澜露直播,http://www.liangcl.top:8686/rtp/233.50.202.12:5140
NewTV 魅力潇湘,http://[2409:8087:5e00:24::2d]:6610/000000001000/1/1000000001000006197/index.m3u8?channel-id=ystenlive&Contentid=1000000001000006197&livemode=1&stbId=YanG-1989
衢州新闻|澜露直播,http://www.liangcl.top:8686/rtp/233.50.201.155:5140
NewTV 东北热剧,http://39.134.65.175/PLTV/88888888/224/3221225679/1.m3u8
湖州|澜露直播,http://www.liangcl.top:8686/rtp/233.50.201.158:5140
NewTV 古装剧场,http://[2409:8087:5e00:24::2d]:6610/000000001000/1/2000000003000000024/index.m3u8?channel-id=hnbblive&Contentid=2000000003000000024&livemode=1&stbId=YanG-1989
嘉兴|澜露直播,http://www.liangcl.top:8686/rtp/233.50.201.163:5140
NewTV 欢乐剧场,http://39.134.65.175/PLTV/88888888/224/3221225682/1.m3u8
绍兴|澜露直播,http://www.liangcl.top:8686/rtp/233.50.201.156:5140
NewTV 怡伴健康,http://[2409:8087:5e00:24::2d]:6610/000000001000/1/1000000005000266011/index.m3u8?channel-id=ystenlive&Contentid=1000000005000266011&livemode=1&stbId=YanG-1989
台州|澜露直播,http://www.liangcl.top:8686/rtp/233.50.201.157:5140
NewTV 潮妈辣婆,http://[2409:8087:5e00:24::2d]:6610/000000001000/1/2000000003000000018/index.m3u8?channel-id=hnbblive&Contentid=2000000003000000018&livemode=1&stbId=YanG-1989
桐乡|澜露直播,http://www.liangcl.top:8686/rtp/233.50.201.169:5140
NewTV 军旅剧场,http://[2409:8087:5e00:24::2d]:6610/000000001000/1/2000000003000000014/index.m3u8?channel-id=hnbblive&Contentid=2000000003000000014&livemode=1&stbId=YanG-1989
温州|澜露直播,http://www.liangcl.top:8686/rtp/233.50.201.87:5140
NewTV 军事评论,http://[2409:8087:5e00:24::2d]:6610/000000001000/1/2000000003000000022/index.m3u8?channel-id=hnbblive&Contentid=2000000003000000022&livemode=1&stbId=YanG-1989
丽水新闻|澜露直播,http://www.liangcl.top:8686/rtp/233.50.201.162:5140
NewTV 中国功夫,http://[2409:8087:5e00:24::2d]:6610/000000001000/1/2000000003000000009/index.m3u8?channel-id=hnbblive&Contentid=2000000003000000009&livemode=1&stbId=YanG-1989
宁波少儿|澜露直播,http://www.liangcl.top:8686/rtp/233.50.201.181:5140
NewTV 农业致富,http://[2409:8087:5e00:24::2d]:6610/000000001000/1/6193684637634073625/index.m3u8?channel-id=ystenlive&Contentid=6193684637634073625&livemode=1&stbId=YanG-1989
宁波影视|澜露直播,http://www.liangcl.top:8686/rtp/233.50.201.180:5140
NewTV 动作电影,http://39.134.182.166/hwltc.tv.cdn.zj.chinamobile.com/PLTV/88888888/224/3221236183/index.m3u8
宁波文体|澜露直播,http://www.liangcl.top:8686/rtp/233.50.201.179:5140
NewTV 家庭剧场,http://[2409:8087:5e00:24::2d]:6610/000000001000/1/1000000004000008284/index.m3u8?channel-id=ystenlive&Contentid=1000000004000008284&livemode=1&stbId=YanG-1989
宁波生活|澜露直播,http://www.liangcl.top:8686/rtp/233.50.201.178:5140
NewTV 惊悚悬疑,http://[2409:8087:5e00:24::2d]:6610/000000001000/1/1000000004000024282/index.m3u8?channel-id=ystenlive&Contentid=1000000004000024282&livemode=1&stbId=YanG-1989
宁波综合|澜露直播,http://www.liangcl.top:8686/rtp/233.50.201.168:5140
NewTV 炫舞未来,http://[2409:8087:5e00:24::2d]:6610/000000001000/1/1000000001000000515/index.m3u8?channel-id=ystenlive&Contentid=1000000001000000515&livemode=1&stbId=YanG-1989
杭州导视|澜露直播,http://www.liangcl.top:8686/rtp/233.50.201.182:5140
NewTV 精品萌宠,http://[2409:8087:5e00:24::2d]:6610/000000001000/1/1000000006000032328/index.m3u8?channel-id=ystenlive&Contentid=1000000006000032328&livemode=1&stbId=YanG-1989
杭州明珠|澜露直播,http://www.liangcl.top:8686/rtp/233.50.201.174:5140
NewTV 精品体育,http://39.134.182.166/hwltc.tv.cdn.zj.chinamobile.com/PLTV/88888888/224/3221236300/index.m3u8
杭州影视|澜露直播,http://www.liangcl.top:8686/rtp/233.50.201.176:5140
NewTV 精品大剧,http://[2409:8087:5e00:24::2d]:6610/000000001000/1/1000000004000013968/index.m3u8?channel-id=ystenlive&Contentid=1000000004000013968&livemode=1&stbId=YanG-1989
杭州生活|澜露直播,http://www.liangcl.top:8686/rtp/233.50.201.175:5140
NewTV 精品记录,http://[2409:8087:5e00:24::2d]:6610/000000001000/1/1000000004000013730/index.m3u8?channel-id=ystenlive&Contentid=1000000004000013730&livemode=1&stbId=YanG-1989
杭州综合|澜露直播,http://www.liangcl.top:8686/rtp/233.50.201.173:5140
NewTV 武搏世界,http://[2409:8087:5e00:24::2d]:6610/000000001000/1/2000000003000000007/index.m3u8?channel-id=hnbblive&Contentid=2000000003000000007&livemode=1&stbId=YanG-1989
杭州青少|澜露直播,http://www.liangcl.top:8686/rtp/233.50.201.177:5140
NewTV 明星大片,http://[2409:8087:5e00:24::2d]:6610/000000001000/1/1000000004000019008/index.m3u8?channel-id=ystenlive&Contentid=1000000004000019008&livemode=1&stbId=YanG-1989
金华新闻|澜露直播,http://www.liangcl.top:8686/rtp/233.50.201.161:514
NewTV 海外剧场,http://[2409:8087:1a01:df::7005]:80/ottrrs.hl.chinamobile.com/PLTV/88888888/224/3221225671/index.m3u8
海宁生活|澜露直播,https://p2hs.vzan.com/slowlive/140655701702632623/live.m3u8
NewTV 爱情喜剧,http://111.22.153.159:35455/itv/2000000003000000010.m3u8?cdn=hnbblive
嵊州|澜露直播,|澜露直播
赛事睛彩竞技,http://vip.lqcc.xyz:35455/itv/3000000020000011528.m3u8?cdn=FifastbLive
龙游生活|澜露直播,http://l.cztvcloud.com/channels/lantian/SXlongyou2/720p.m3u8
赛事睛彩篮球,http://vip.lqcc.xyz:35455/itv/3000000020000011529.m3u8?cdn=FifastbLive
上虞新尚都|澜露直播,http://l.cztvcloud.com/channels/lantian/SXshangyu3/720p.m3u8
赛事睛彩竞技,http://vip.lqcc.xyz:35455/itv/3000000020000011530.m3u8?cdn=FifastbLive
诸暨|澜露直播,http://l.cztvcloud.com/channels/lantian/SXzhuji3/720p.m3u8
赛事睛彩篮球,http://vip.lqcc.xyz:35455/itv/3000000020000011531.m3u8?cdn=FifastbLive
嘉善|澜露直播,https://p2hs.vzan.com/slowlive/633251673265558519/live.m3u8
咪咕赛事4k-1,http://vip.lqcc.xyz:35455/itv/3000000010000005180.m3u8?cdn=FifastbLive
龙港|澜露直播,https://play-qukan.cztv.com/live/1722309876941077.m3u8
咪咕赛事4k-2,http://vip.lqcc.xyz:35455/itv/3000000010000015686.m3u8?cdn=FifastbLive
文成|澜露直播,http://nplay-qukan.cztv.com/live/1757486581311330.m3u8
咪咕赛事播01,http://vip.lqcc.xyz:35455/itv/3000000001000005308.m3u8?cdn=FifastbLive
瑞安|澜露直播,http://play-sh-21.quklive.com/live/1681269183807252.m3u8?auth_key=2033114999-67ff99bfbe1b4577b013750618ffce6b-0-454401c27452e83159ca9466ef742db2
咪咕赛事播02,http://vip.lqcc.xyz:35455/itv/3000000001000005969.m3u8?cdn=FifastbLive
温州|澜露直播,https://l.cztvcloud.com/channels/lantian/sxchannel03/1080p.m3u8
咪咕赛事播03,http://vip.lqcc.xyz:35455/itv/3000000001000007218.m3u8?cdn=FifastbLive
昆明教育电视台|澜露直播,https://pili-live-hls-kmjy-tv.kmetv.com/kmjy-tv/kmjy1.m3u8?sign=fc17fe576d2d2eba11bb1ffa4be3d7e1&t=68dd60b2
咪咕赛事播04,http://vip.lqcc.xyz:35455/itv/3000000001000008001.m3u8?cdn=FifastbLive
昆明新闻综合|澜露直播,http://161.118.246.142:5678/KmProxy.php?id=xwzh
咪咕赛事播05,http://vip.lqcc.xyz:35455/itv/3000000001000008176.m3u8?cdn=FifastbLive
昆明春城民生|澜露直播,http://161.118.246.142:5678/KmProxy.php?id=ccms
咪咕赛事播06,http://vip.lqcc.xyz:35455/itv/3000000001000008379.m3u8?cdn=FifastbLive
昆明科学教育|澜露直播,http://161.118.246.142:5678/KmProxy.php?id=kxjy
咪咕赛事播07,http://vip.lqcc.xyz:35455/itv/3000000001000010129.m3u8?cdn=FifastbLive
昆明经济生活|澜露直播,http://161.118.246.142:5678/KmProxy.php?id=jjsh
咪咕赛事播08,http://vip.lqcc.xyz:35455/itv/3000000001000010948.m3u8?cdn=FifastbLive
昭通1|澜露直播,https://hwapi.yntv.net/ew265l/5fkqnm.m3u8
咪咕赛事播09,http://vip.lqcc.xyz:35455/itv/3000000001000026778.m3u8?cdn=FifastbLive
昭通3|澜露直播,https://hwapi.yntv.net/9nwc4s/y7445b.m3u8
咪咕赛事播10,http://vip.lqcc.xyz:35455/itv/3000000001000028638.m3u8?cdn=FifastbLive
丽江新闻|澜露直播,https://hwapi.yntv.net/ew265l/ke88o9.m3u8
咪咕赛事播11,http://vip.lqcc.xyz:35455/itv/3000000001000031494.m3u8?cdn=FifastbLive
楚雄综合|澜露直播,https://hwapi.yntv.net/ew265l/848y54.m3u8
咪咕赛事播12,http://vip.lqcc.xyz:35455/itv/3000000010000000097.m3u8?cdn=FifastbLive
德宏|澜露直播,https://hwapi.yntv.net/ew265l/d919nz.m3u8
咪咕赛事播13,http://vip.lqcc.xyz:35455/itv/3000000010000002019.m3u8?cdn=FifastbLive
文山综合|澜露直播,https://hwapi.yntv.net/ew265l/29vf20.m3u8
咪咕赛事播14,http://vip.lqcc.xyz:35455/itv/3000000010000002032.m3u8?cdn=FifastbLive
临沧|澜露直播,https://hwapi.yntv.net/6tt654/1i495z.m3u8
咪咕赛事播15,http://vip.lqcc.xyz:35455/itv/3000000010000002809.m3u8?cdn=FifastbLive
保山|澜露直播,https://hwapi.yntv.net/7y80ii/7672o4.m3u8
咪咕赛事播16,http://vip.lqcc.xyz:35455/itv/3000000010000003915.m3u8?cdn=FifastbLive
西双版纳|澜露直播,https://hwapi.yntv.net/ew265l/47480o_uhd.m3u8
咪咕赛事播17,http://vip.lqcc.xyz:35455/itv/3000000010000004193.m3u8?cdn=FifastbLive
大理州|澜露直播,https://hwapi.yntv.net/ew265l/n944fg.m3u8
咪咕赛事播18,http://vip.lqcc.xyz:35455/itv/3000000010000004464.m3u8?cdn=FifastbLive
怒江|澜露直播,https://hwapi.yntv.net/s5xpv2/9r4ei4.m3u8
咪咕赛事播19,http://vip.lqcc.xyz:35455/itv/3000000010000005837.m3u8?cdn=FifastbLive
芒市|澜露直播,https://zb-live.ynurl.com/mangshi/0fa89a84-37b5-4de4-8b92-63b19634c213.m3u8
咪咕赛事播20,http://vip.lqcc.xyz:35455/itv/3000000010000006077.m3u8?cdn=FifastbLive
江川|澜露直播,https://zb-live.ynurl.com/jiangchuan/ad8dc86f-f35a-4203-85f0-dfd0eef52d18.m3u8
咪咕赛事播21,http://vip.lqcc.xyz:35455/itv/3000000010000006658.m3u8?cdn=FifastbLive
元江|澜露直播,https://hwapi.yntv.net/vu7hkj/x6rer3.m3u8
咪咕赛事播22,http://vip.lqcc.xyz:35455/itv/3000000010000006944.m3u8?cdn=FifastbLive
陆良|澜露直播,https://hwapi.yntv.net/9327b6/v8i7rf.m3u8
咪咕赛事播23,http://vip.lqcc.xyz:35455/itv/3000000010000007692.m3u8?cdn=FifastbLive
绿春|澜露直播,https://zb-live.ynurl.com/lvchun/b02460f7-dfaf-4188-8906-4a915521bdf4.m3u8
咪咕赛事播24,http://vip.lqcc.xyz:35455/itv/3000000010000009788.m3u8?cdn=FifastbLive
广南|澜露直播,https://zb-live.ynurl.com/guangnan/31407c0a-ec07-4b5f-8a89-c26fbcc1fcf9.m3u8
咪咕赛事播25,http://vip.lqcc.xyz:35455/itv/3000000010000010833.m3u8?cdn=FifastbLive
丘北|澜露直播,https://zb-live.ynurl.com/qiubei/87f0d417-e3c0-4f0d-b930-74ab3f8d7176.m3u8
咪咕赛事播26,http://vip.lqcc.xyz:35455/itv/3000000010000011112.m3u8?cdn=FifastbLive
洱源|澜露直播,https://hwapi.yntv.net/d117oe/mk98io.m3u8
咪咕赛事播27,http://vip.lqcc.xyz:35455/itv/3000000010000011297.m3u8?cdn=FifastbLive
巍山|澜露直播,https://hwapi.yntv.net/euxv6l/5q7637.m3u8
咪咕赛事播28,http://vip.lqcc.xyz:35455/itv/3000000010000011518.m3u8?cdn=FifastbLive
云龙|澜露直播,https://hwapi.yntv.net/b0231t/f502oq.m3u8
咪咕赛事播29,http://vip.lqcc.xyz:35455/itv/3000000010000011763.m3u8?cdn=FifastbLive
玉溪综合|澜露直播,https://hwapi.yntv.net/r5fc3f/4kzlat_hd.m3u8
咪咕赛事播30,http://vip.lqcc.xyz:35455/itv/3000000010000011873.m3u8?cdn=FifastbLive
红河|澜露直播,https://live.hh.cn/hhtv1/index.m3u8
咪咕赛事播31,http://vip.lqcc.xyz:35455/itv/3000000010000012398.m3u8?cdn=FifastbLive
西藏卫视|澜露直播,http://php.jdshipin.com:8880/xztv.php?id=ws
咪咕赛事播32,http://vip.lqcc.xyz:35455/itv/3000000010000012450.m3u8?cdn=FifastbLive
西藏藏语卫视|澜露直播,http://php.jdshipin.com:8880/xztv.php..id=zy
咪咕赛事播33,http://vip.lqcc.xyz:35455/itv/3000000010000012558.m3u8?cdn=FifastbLive
西藏影视文化|澜露直播,http://php.jdshipin.com:8880/xztv.php?id=ys
咪咕赛事播34,http://vip.lqcc.xyz:35455/itv/3000000010000012616.m3u8?cdn=FifastbLive
日喀则汉语综合|澜露直播,https://consolestream.rkzrm.cn:20323/4.m3u8
咪咕赛事播35,http://vip.lqcc.xyz:35455/itv/3000000010000015470.m3u8?cdn=FifastbLive
日喀则藏语|澜露直播,https://console.rkzrm.cn:20323/8.m3u8
咪咕赛事播36,http://vip.lqcc.xyz:35455/itv/3000000010000015560.m3u8?cdn=FifastbLive
日喀则汉语|澜露直播,https://console.rkzrm.cn:20323/4.m3u8
咪咕赛事播37,http://vip.lqcc.xyz:35455/itv/3000000010000017389.m3u8?cdn=FifastbLive
拉萨综合|澜露直播,rtmp://tv.lasatv.cn/channellive/lszhpd
咪咕赛事播38,http://vip.lqcc.xyz:35455/itv/3000000010000017678.m3u8?cdn=FifastbLive
拉萨藏语|澜露直播,rtmp://tv.lasatv.cn/channellive/lszypd
咪咕赛事播39,http://vip.lqcc.xyz:35455/itv/3000000010000017997.m3u8?cdn=FifastbLive
拉萨文旅|澜露直播,rtmp://tv.lasatv.cn/channellive/lswlpd
咪咕赛事播40,http://vip.lqcc.xyz:35455/itv/3000000010000019380.m3u8?cdn=FifastbLive
湖南电影|澜露直播,http://php.jdshipin.com:8880/iptv.php?id=hndy
咪咕赛事播41,http://vip.lqcc.xyz:35455/itv/3000000010000019839.m3u8?cdn=FifastbLive
湖南国际|澜露直播,http://php.jdshipin.com:8880/iptv.php?id=hngj
咪咕赛事播42,http://vip.lqcc.xyz:35455/itv/3000000010000020168.m3u8?cdn=FifastbLive
湖南经视|澜露直播,http://php.jdshipin.com:8880/iptv.php?id=hnjs
咪咕赛事播43,http://vip.lqcc.xyz:35455/itv/3000000010000021904.m3u8?cdn=FifastbLive
湖南娱乐|澜露直播,http://php.jdshipin.com:8880/iptv.php?id=hnyl
咪咕赛事播44,http://vip.lqcc.xyz:35455/itv/3000000010000023434.m3u8?cdn=FifastbLive
湖南爱晚|澜露直播,http://php.jdshipin.com:8880/iptv.php?id=hngg
咪咕赛事播45,http://vip.lqcc.xyz:35455/itv/3000000010000024205.m3u8?cdn=FifastbLive
湖南都市|澜露直播,http://php.jdshipin.com:8880/iptv.php?id=hnds
咪咕赛事播46,http://vip.lqcc.xyz:35455/itv/3000000010000024691.m3u8?cdn=FifastbLive
湖南电视剧|澜露直播,http://php.jdshipin.com:8880/iptv.php?id=hndsj
咪咕赛事播47,http://vip.lqcc.xyz:35455/itv/3000000010000025380.m3u8?cdn=FifastbLive
湖南经视|澜露直播,http://183.215.134.239:19901/tsfile/live/1000_1.m3u8?key=txiptv&playlive=1&authid=0
咪咕赛事播48,http://vip.lqcc.xyz:35455/itv/3000000010000025943.m3u8?cdn=FifastbLive
湖南都市|澜露直播,http://183.215.134.239:19901/tsfile/live/1001_1.m3u8?key=txiptv&playlive=1&authid=0
咪咕赛事播49,http://vip.lqcc.xyz:35455/itv/3000000010000027318.m3u8?cdn=FifastbLive
湖南爱晚|澜露直播,http://8.07456.me:24901/tsfile/live/1005_1.m3u8?key=txiptv&playlive=1&authid=0
咪咕赛事播50,http://vip.lqcc.xyz:35455/itv/3000000010000027638.m3u8?cdn=FifastbLive
湖南国际|澜露直播,http://8.07456.me:24901/tsfile/live/1009_1.m3u8?key=txiptv&playlive=1&authid=0
咪咕赛事播51,http://vip.lqcc.xyz:35455/itv/3000000010000027691.m3u8?cdn=FifastbLive
重温经典|澜露直播,http://183.215.134.239:19901/tsfile/live/1002_1.m3u8?key=txiptv&playlive=1&authid=0
咪咕赛事播52,http://vip.lqcc.xyz:35455/itv/3000000010000031669.m3u8?cdn=FifastbLive
全纪实|澜露直播,http://183.215.134.239:19901/tsfile/live/1003_1.m3u8?key=txiptv&playlive=1&authid=0
咪咕赛事播53,http://vip.lqcc.xyz:35455/itv/3000000010000032106.m3u8?cdn=FifastbLive
湖南教育|澜露直播,http://183.215.134.239:19901/tsfile/live/1005_1.m3u8?key=txiptv&playlive=1&authid=0
卡酷少儿,#http://fjcm-2118.live.iptv.darwinchow.com/PLTV/88888888/224/3221227456/index.m3u8
湖南电影|澜露直播,http://183.215.134.239:19901/tsfile/live/1006_1.m3u8?key=txiptv&playlive=1&authid=0
金鹰卡通,http://itv.iptv1688.top:2016/itv.php?id=金鹰卡通
长沙县|澜露直播,http://xsds.b.dingtoo.com/AppName/StreamName.m3u8
优漫卡通,#http://fjcm-2118.live.iptv.darwinchow.com/PLTV/88888888/224/3221227339/index.m3u8
湖南经视|澜露直播,http://8.138.7.223/tv/mgtv.php?id=280
哈哈炫动,#http://fjcm-2117.live.iptv.darwinchow.com/PLTV/88888888/224/3221227335/index.m3u8
湖南电影|澜露直播,http://8.138.7.223/tv/mgtv.php?id=221
嘉佳卡通,#http://fjcm-2118.live.iptv.darwinchow.com/PLTV/88888888/224/3221227498/index.m3u8
湖南都市|澜露直播,http://8.138.7.223/tv/mgtv.php?id=346
黑莓动画,#http://fjcm-2118.live.iptv.darwinchow.com/PLTV/88888888/224/3221227303/index.m3u8
湖南电视剧|澜露直播,http://8.138.7.223/tv/mgtv.php?id=484
动漫秀场,http://36.129.204.117:9003//hls/67/index.m3u8
湖南爱晚|澜露直播,http://8.138.7.223/tv/mgtv.php?id=261
新动漫,#http://fjcm-2118.live.iptv.darwinchow.com/PLTV/88888888/224/3221227498/index.m3u8
湖南国际|澜露直播,http://8.138.7.223/tv/mgtv.php?id=229
浙江少儿,https://ali-m-l.cztv.com/channels/lantian/channel008/1080p.m3u8
湖南娱乐|澜露直播,http://8.138.7.223/tv/mgtv.php?id=344
河北少儿,http://tv.pull.hebtv.com/jishi/shaoerkejiao.m3u8?t=2510710360&k=4ff4446adf3cce3de40dd013255b38b2
茶|澜露直播,http://8.138.7.223/tv/mgtv.php?id=578
黑龙江少儿,http://39.134.182.166/hwltc.tv.cdn.zj.chinamobile.com/PLTV/88888888/224/3221226304/index.m3u8
金鹰纪实|澜露直播,http://8.138.7.223/tv/mgtv.php?id=316
南京少儿,http://live.nbs.cn/channels/njtv/sepd/nbs23.m3u8
金鹰卡通|澜露直播,http://8.138.7.223/tv/mgtv.php?id=287
甘肃少儿,https://hls.gstv.com.cn/49048r/922k96.m3u8
快乐垂钓|澜露直播,http://8.138.7.223/tv/mgtv.php?id=218
宁夏少儿,https://hls.ningxiahuangheyun.com/live/nxse1M.m3u8
先锋乒羽|澜露直播,http://8.138.7.223/tv/mgtv.php?id=329
内蒙古少儿,https://livestream-bt.nmtv.cn/nmtv/2318general.m3u8?txSecret=a2c948908728a0733cecbe1fadea23dc&txTime=771E8800
长沙新闻|澜露直播,http://8.138.7.223/tv/mgtv.php?id=269
韩国EBS少儿,http://ebsonairios.ebs.co.kr/ebsutablet500k/tablet500k/playlist.m3u8
长沙政法|澜露直播,http://8.138.7.223/tv/mgtv.php?id=254
七龙珠,https://live.ottiptv.cc/huya/11601966
长沙女性|澜露直播,http://8.138.7.223/tv/mgtv.php?id=230
灌篮高手,https://live.ottiptv.cc/yy/1382735626
桂阳新闻综合|澜露直播,http://zzjxy.asia/新湖南云.php?id=7
哆啦A梦,https://live.ottiptv.cc/huya/11601963
邵东电视台|澜露直播,http://zzjxy.asia/新湖南云.php?id=13
猫和老鼠,https://live.ottiptv.cc/huya/11352879
中方县电视台|澜露直播,http://zzjxy.asia/新湖南云.php?id=18
蜡笔小新,https://live.ottiptv.cc/bilibili/30837590
芷江电视台|澜露直播,http://zzjxy.asia/新湖南云.php?id=20
喜羊羊与灰太狼,https://live.ottiptv.cc/huya/23865080
东安电视|澜露直播,http://zzjxy.asia/新湖南云.php?id=21
精灵宝可梦,https://live.ottiptv.cc/huya/23749096
新晃电视台|澜露直播,http://zzjxy.asia/新湖南云.php?id=23
名侦探柯南,https://live.ottiptv.cc/huya/30080236
洪江区电视台|澜露直播,http://zzjxy.asia/新湖南云.php?id=24
中华小当家,https://live.ottiptv.cc/huya/11342413
蓝山电视台|澜露直播,http://zzjxy.asia/新湖南云.php?id=26
周星驰电影,http://cdn.jdshipin.com:8880/huya.php?id=11342412
耒阳电视台|澜露直播,http://zzjxy.asia/新湖南云.php?id=27
林正英电影,http://cdn.jdshipin.com:8880/huya.php?id=11342421
汉寿综合|澜露直播,http://zzjxy.asia/新湖南云.php?id=31
刘德华电影,http://cdn.jdshipin.com:8880/huya.php?id=11342424
祁阳电视|澜露直播,http://zzjxy.asia/新湖南云.php?id=33
古天乐电影,http://cdn.jdshipin.com:8880/huya.php?id=29982675
靖州综合|澜露直播,http://zzjxy.asia/新湖南云.php?id=34
成龙电影,http://cdn.jdshipin.com:8880/huya.php?id=11342386
麻阳电视台|澜露直播,http://zzjxy.asia/新湖南云.php?id=38
李连杰电影,http://cdn.jdshipin.com:8880/huya.php?id=11342390
永兴电视台|澜露直播,http://zzjxy.asia/新湖南云.php?id=40
甄子丹电影,http://cdn.jdshipin.com:8880/huya.php?id=11352935
双峰县电视台|澜露直播,http://zzjxy.asia/新湖南云.php?id=131
沈腾电影,http://cdn.jdshipin.com:8880/huya.php?id=11601968
花垣综合|澜露直播,http://zzjxy.asia/新湖南云.php?id=134
黄渤电影,http://cdn.jdshipin.com:8880/huya.php?id=11352876
吉首综合|澜露直播,http://zzjxy.asia/新湖南云.php?id=143
强森电影,http://cdn.jdshipin.com:8880/huya.php?id=21059581
古丈电视|澜露直播,http://zzjxy.asia/新湖南云.php?id=144
王晶电影,http://cdn.jdshipin.com:8880/huya.php?id=11602058
龙山综合|澜露直播,http://zzjxy.asia/新湖南云.php?id=146
金庸武侠,http://cdn.jdshipin.com:8880/huya.php?id=11342435
临武综合|澜露直播,http://zzjxy.asia/新湖南云.php?id=148
功夫电影,http://cdn.jdshipin.com:8880/huya.php?id=11352941
汝城电视台|澜露直播,http://zzjxy.asia/新湖南云.php?id=149
贺岁电影,http://cdn.jdshipin.com:8880/huya.php?id=11601986
桃源电视台|澜露直播,http://zzjxy.asia/新湖南云.php?id=157
怪兽电影,http://cdn.jdshipin.com:8880/huya.php?id=21059577
攸县电视台|澜露直播,http://zzjxy.asia/新湖南云.php?id=158
武侠电影,http://cdn.jdshipin.com:8880/huya.php?id=11342427
沅江综合|澜露直播,http://zzjxy.asia/新湖南云.php?id=163
玄幻电影,http://cdn.jdshipin.com:8880/huya.php?id=11342414
湘阴综合|澜露直播,http://zzjxy.asia/新湖南云.php?id=165
罪犯电影,http://cdn.jdshipin.com:8880/huya.php?id=11352962
汨罗综合|澜露直播,http://zzjxy.asia/新湖南云.php?id=166
战争电影,http://cdn.jdshipin.com:8880/huya.php?id=21059574
城步电视|澜露直播,http://zzjxy.asia/新湖南云.php?id=169
谍战电影,http://cdn.jdshipin.com:8880/huya.php?id=21059585
新化电视台|澜露直播,http://zzjxy.asia/新湖南云.php?id=170
枪战电影,http://cdn.jdshipin.com:8880/huya.php?id=21059579
新邵新闻综合|澜露直播,http://zzjxy.asia/新湖南云.php?id=171
狄仁杰电影,http://cdn.jdshipin.com:8880/huya.php?id=30080229
桂东融媒|澜露直播,http://zzjxy.asia/新湖南云.php?id=174
末日电影合集,https://live.ottiptv.cc/yy/1354889019
衡东县电视台|澜露直播,http://zzjxy.asia/新湖南云.php?id=180
宇宙科幻合集,http://cdn.jdshipin.com:8880/huya.php?id=11342428
绥宁电视台|澜露直播,http://zzjxy.asia/新湖南云.php?id=182
古装武侠,http://www.goodiptv.club/douyu/2793084
衡阳县电视台|澜露直播,http://zzjxy.asia/新湖南云.php?id=183
邵氏影院,http://www.goodiptv.club/douyu/4246519
嘉禾新闻综合|澜露直播,http://zzjxy.asia/新湖南云.php?id=184
冰冰影剧,http://www.goodiptv.club/douyu/74374
长沙县新闻综合|澜露直播,http://zzjxy.asia/新湖南云.php?id=203
刀刀影院,http://www.goodiptv.club/douyu/747764
安化综合|澜露直播,http://zzjxy.asia/新湖南云.php?id=204
华语影视,http://www.goodiptv.club/douyu/3928
重庆新闻|澜露直播,http://8.138.7.223/tv/cbg.php?id=3
斗鱼港剧,http://www.goodiptv.club/douyu/5061550
重庆新闻|澜露直播,http://8.138.7.223/tv/cbg2.php
橙记港剧,http://www.goodiptv.club/douyu/4549169
巴南综合|澜露直播,http://live.cqbntv.com/bnmc/tv0709.m3u8
经典剧集,http://www.goodiptv.club/douyu/6863367
垫江综合|澜露直播,http://8.138.7.223/tv/quklive.php?id=1
热门港剧,http://www.goodiptv.club/douyu/5522351
涪陵电视台|澜露直播,http://183.64.215.48:1002/1.m3u8
贝爷求生,http://www.goodiptv.club/douyu/9661369
合川电视台|澜露直播,https://yypull.cbg.cn/applive/hechuantv1/playlist.m3u8
延禧攻略,https://live.ottiptv.cc/huya/26355864
江津电视台|澜露直播,http://222.179.155.21:1935/ch1.m3u8
琅琊榜,#http://zby.xjqxz.top/lyb/live.m3u8
梁平综合|澜露直播,https://yypull.cbg.cn/applive/lplive01/playlist.m3u8
新三国,https://live.ottiptv.cc/huya/11352944
铜梁综合|澜露直播,https://tlpc01.cqliving.com/ch1.m3u8
新水浒传,https://live.ottiptv.cc/huya/11342384
铜梁综合|澜露直播,http://183.64.174.171:40123/ch1.m3u8
新三国（斗鱼）,https://goodiptv.club/douyu/5908256
潼南综合|澜露直播,http://183.230.184.51:65500/tntv1.m3u8
少年包青天第一部,https://live.ottiptv.cc/yy/1356043677
武隆综合|澜露直播,https://yypull.cbg.cn/applive/wltvzh/playlist.m3u8
少年包青天第三部,https://live.ottiptv.cc/yy/1382736814
万盛综合|澜露直播,https://yypull.cbg.cn/applive/wslive01/playlist.m3u8
神探狄仁杰第一部,https://live.ottiptv.cc/huya/11352958
万州新闻综合|澜露直播,https://wanzhoulive.cbg.cn/iTXwrGs/800/live.m3u8
神探狄仁杰第二部,https://goodiptv.club/douyu/6027991
万州新闻综合|澜露直播,http://123.146.162.24:8013/tslslive/noEX9SG/hls/live_sd.m3u8
神探狄仁杰第三部,https://live.ottiptv.cc/huya/11342425
万州三峡移民|澜露直播,https://wanzhoulive.cbg.cn/c2F0hmi/1000/live.m3u8
爱情公寓,https://live.ottiptv.cc/huya/11336726
万州三峡移民|澜露直播,http://123.146.162.24:8013/tslslive/PU2vzMI/hls/live_sd.m3u8
亮剑,https://live.ottiptv.cc/huya/30080238
永川综合|澜露直播,https://yypull.cbg.cn/applive/yctv01/playlist.m3u8
雪豹,https://live.ottiptv.cc/huya/29580970
酉阳综合|澜露直播,https://yypull.cbg.cn/applive/youytv01/playlist.m3u8
特种兵之火凤凰,https://live.ottiptv.cc/huya/29982636
忠县综合|澜露直播,https://yypull.cbg.cn/applive/zxtv2/playlist.m3u8
士兵突击,https://live.ottiptv.cc/huya/11342430
垫江综合|澜露直播,http://play-sh.quklive.com/live/1672366847646284.m3u8
笑傲江湖,https://live.ottiptv.cc/huya/26355790
内蒙古新闻综合|澜露直播,http://play1-qk.nmtv.cn/live/1686560423879174.m3u8
神雕侠侣,https://live.ottiptv.cc/huya/11352964
内蒙古少儿|澜露直播,http://play1-qk.nmtv.cn/live/1686560464515368.m3u8
天龙八部,https://live.ottiptv.cc/huya/20985816
内蒙古文体娱乐|澜露直播,http://play1-qk.nmtv.cn/live/1686561195713372.m3u8
倚天屠龙记,https://live.ottiptv.cc/huya/11342403
内蒙古经济生活|澜露直播,http://play1-qk.nmtv.cn/live/1686562470947181.m3u8
铁齿铜牙纪晓岚,https://live.ottiptv.cc/huya/11342396
内蒙古蒙语卫视|澜露直播,http://play1-qk.nmtv.cn/live/1686560387346365.m3u8
康熙王朝,https://live.ottiptv.cc/huya/11352940
内蒙古蒙语文化|澜露直播,http://play1-qk.nmtv.cn/live/1686561065304370.m3u8
陈情令,https://live.ottiptv.cc/huya/29465862
内蒙农牧|澜露直播,http://play1-qk.nmtv.cn/live/1686561299036179.m3u8
庆余年,https://live.ottiptv.cc/huya/11352960
内蒙包头新闻综合|澜露直播,http://play1-qk.nmtv.cn/live/1735546150395017.m3u8
鬼吹灯之精绝古城,https://live.ottiptv.cc/huya/11352871
内蒙鄂尔多斯新闻综合|澜露直播,http://play1-qk.nmtv.cn/live/1735546299241021.m3u8
鬼吹灯之怒晴湘西,https://live.ottiptv.cc/huya/11602075
内蒙巴彦淖尔新闻综合|澜露直播,http://play1-qk.nmtv.cn/live/1735546423467029.m3u8
鬼吹灯之龙岭迷窟,https://live.ottiptv.cc/huya/29465863
内蒙赤峰新闻综合|澜露直播,http://play1-qk.nmtv.cn/live/1735546697341033.m3u8
鬼吹灯之云南虫谷,https://live.ottiptv.cc/huya/11352898
内蒙乌兰察布新闻综合|澜露直播,http://play1-qk.nmtv.cn/live/1735546836103043.m3u8
伪装者,https://live.ottiptv.cc/yy/1354936244
内蒙阿拉善新闻综合|澜露直播,http://play1-qk.nmtv.cn/live/1735547046115053.m3u8
西游记后传,https://live.ottiptv.cc/yy/1353392400
内蒙辽通新闻综合|澜露直播,http://play1-qk.nmtv.cn/live/1735546745882037.m3u8
隋唐英雄传,https://live.ottiptv.cc/yy/1352475619
内蒙乌海新闻综合|澜露直播,http://play1-qk.nmtv.cn/live/1735546358166026.m3u8
仙剑奇侠传,https://live.ottiptv.cc/yy/1382749903
内蒙乌海都市生活|澜露直播,http://live.wuhainews.org.cn/dssh/sd/live.m3u8
西游记续集,http://www.goodiptv.club/douyu/3113309
内蒙兴安盟新闻综合|澜露直播,http://play1-qk.nmtv.cn/live/1735546886977046.m3u8
我是特种兵之利刃出鞘,https://live.ottiptv.cc/yy/37999586
内蒙锡林郭勒综合|澜露直播,http://play1-qk.nmtv.cn/live/1735546994821050.m3u8
狂飙,https://live.ottiptv.cc/yy/1355142167
内蒙呼市新闻综合|澜露直播,http://play1-qk.nmtv.cn/live/1735545967595013.m3u8
三国演义,https://live.ottiptv.cc/huya/11602081
赤峰新闻|澜露直播,http://live.cfrmw.cn/dianshi0001/sd/live.m3u8?_upt=e9ae0cfc1760452883
西游记,https://live.ottiptv.cc/huya/26355861
赤峰经济|澜露直播,http://live.cfrmw.cn/dianshi0002/sd/live.m3u8?_upt=e9ae0cfc1760452883
新白娘子传奇,https://live.ottiptv.cc/yy/1354490667
达茂电视台|澜露直播,http://pili-live-hls-nmgapp12019.nmgcyy.com.cn/nmgapp12019/live174278125035550.m3u8
乌龙闯情关,https://live.ottiptv.cc/huya/26355767
呼伦贝尔新闻综合|澜露直播,http://play1-qk.nmtv.cn/live/1735546791130040.m3u8
柳舟计,https://live.ottiptv.cc/huya/23860039
满洲里电视台|澜露直播,http://play1-qk.nmtv.cn/live/2336general.m3u8
与凤行,https://live.ottiptv.cc/huya/26355866
巴彦淖尔经济生活|澜露直播,http://livepull.bynesrmtzx.cn/bynermt/b68a0eec-2778-49f7-9fe6-600b8895e95a.m3u8
大秦赋,https://live.ottiptv.cc/huya/23903130
巴彦淖尔影视娱乐|澜露直播,http://livepull.bynesrmtzx.cn/bynermt/91bd6ebf-3d58-4e3e-b5f6-db69d691c666.m3u8
永夜星河,https://live.ottiptv.cc/huya/23734169
二连浩特电视台|澜露直播,https://play1-qk.nmtv.cn/live/2338general.m3u8
流水迢迢,https://live.ottiptv.cc/huya/23865036
凉山彝语|澜露直播,http://183.3.202.19:2380/hw1live.rxip.sc96655.com.huan.tv/live/yyzh_2000.m3u8
唐诡之西行,https://live.ottiptv.cc/huya/26355763
巴中综合|澜露直播,http://183.3.202.19:2380/hw1live.rxip.sc96655.com.huan.tv/live/bzytH265_4000.m3u8
玫瑰的故事,https://live.ottiptv.cc/huya/23865142
巴中文旅|澜露直播,http://183.3.202.19:2380/hw1live.rxip.sc96655.com.huan.tv/live/bzetH264_2000.m3u8
梦中的那片海,https://live.ottiptv.cc/huya/26355765
巴州综合|澜露直播,http://183.3.202.19:2380/hw1live.rxip.sc96655.com.huan.tv/live/bzxw_4000.m3u8
知否知否,https://live.ottiptv.cc/yy/21881901
安居|澜露直播,http://183.3.202.19:2380/hw1live.rxip.sc96655.com.huan.tv/live/ajxw_2000.m3u8
父母爱情,https://live.ottiptv.cc/yy/1354926650
安岳|澜露直播,http://183.3.202.19:2380/hw1live.rxip.sc96655.com.huan.tv/live/ayxwzh_4000.m3u8
欢乐颂,https://live.ottiptv.cc/yy/1382735624
安州|澜露直播,http://183.3.202.19:2380/hw1live.rxip.sc96655.com.huan.tv/live/azgq_2000.m3u8
康熙微服私访记,https://live.ottiptv.cc/huya/11342418
宝兴|澜露直播,http://183.3.202.19:2380/hw1live.rxip.sc96655.com.huan.tv/live/bxdst_2000.m3u8
如懿传,https://live.ottiptv.cc/huya/29465868
北川|澜露直播,http://183.3.202.19:2380/hw1live.rxip.sc96655.com.huan.tv/live/bcxwHD_2000.m3u8
芈月传,https://live.ottiptv.cc/huya/11352975
苍溪|澜露直播,http://183.3.202.19:2380/hw1live.rxip.sc96655.com.huan.tv/live/cxxwgqH265_4000.m3u8
楚汉骄雄,http://cdn.jdshipin.com:8880/huya.php?id=29465854
长宁|澜露直播,http://183.3.202.19:2380/hw1live.rxip.sc96655.com.huan.tv/live/znzh_2000.m3u8
寻秦记,http://cdn.jdshipin.com:8880/huya.php?id=29465848
朝天|澜露直播,http://183.3.202.19:2380/hw1live.rxip.sc96655.com.huan.tv/live/ctxwzh_2000.m3u8
封神榜,http://cdn.jdshipin.com:8880/huya.php?id=29465849
崇州|澜露直播,http://183.3.202.19:2380/hw1live.rxip.sc96655.com.huan.tv/live/czyt_4000.m3u8
西游记2,http://cdn.jdshipin.com:8880/huya.php?id=29465859
船山|澜露直播,http://183.3.202.19:2380/hw1live.rxip.sc96655.com.huan.tv/live/csxw_2000.m3u8
鹿鼎记,https://live.ottiptv.cc/yy/28265277
达川|澜露直播,http://183.3.202.19:2380/hw1live.rxip.sc96655.com.huan.tv/live/dcxwzh_2000.m3u8
大唐双龙传,http://cdn.jdshipin.com:8880/huya.php?id=29465850
大邑|澜露直播,http://183.3.202.19:2380/hw1live.rxip.sc96655.com.huan.tv/live/dyytH265_4000.m3u8
神雕侠侣,http://cdn.jdshipin.com:8880/huya.php?id=23865171
大英|澜露直播,http://183.3.202.19:2380/hw1live.rxip.sc96655.com.huan.tv/live/dyxwzhH265_4000.m3u8
天龙八部,https://live.ottiptv.cc/yy/1351814644
丹棱|澜露直播,http://183.3.202.19:2380/hw1live.rxip.sc96655.com.huan.tv/live/dlxwzhH265_4000.m3u8
射雕英雄传,http://cdn.jdshipin.com:8880/huya.php?id=23824164
德昌|澜露直播,http://183.3.202.19:2380/hw1live.rxip.sc96655.com.huan.tv/live/dcxw_4000.m3u8
倚天屠龙记,http://cdn.jdshipin.com:8880/huya.php?id=23734246
东兴|澜露直播,http://183.3.202.19:2380/hw1live.rxip.sc96655.com.huan.tv/live/dxxwzh_4000.m3u8
笑傲江湖,http://cdn.jdshipin.com:8880/huya.php?id=23865142
都江堰|澜露直播,http://183.3.202.19:2380/hw1live.rxip.sc96655.com.huan.tv/live/djyzh_4000.m3u8
活佛济公3,http://cdn.jdshipin.com:8880/huya.php?id=23903123
峨边|澜露直播,http://183.3.202.19:2380/hw1live.rxip.sc96655.com.huan.tv/live/ebdst_2000.m3u8
无心法师,http://cdn.jdshipin.com:8880/huya.php?id=30080233
峨眉|澜露直播,http://183.3.202.19:2380/hw1live.rxip.sc96655.com.huan.tv/live/emsxw_2000.m3u8
谈判专家,https://live.ottiptv.cc/yy/1382735560
恩阳|澜露直播,http://183.3.202.19:2380/hw1live.rxip.sc96655.com.huan.tv/live/eyxw_2000.m3u8
刑事侦缉档案,http://cdn.jdshipin.com:8880/huya.php?id=29465856
涪城|澜露直播,http://183.3.202.19:2380/hw1live.rxip.sc96655.com.huan.tv/live/fcgq_2000.m3u8
法政先锋,http://cdn.jdshipin.com:8880/huya.php?id=23863804
富顺|澜露直播,http://183.3.202.19:2380/hw1live.rxip.sc96655.com.huan.tv/live/fszh_2000.m3u8
洗冤录,http://cdn.jdshipin.com:8880/huya.php?id=29465851
甘洛|澜露直播,http://183.3.202.19:2380/hw1live.rxip.sc96655.com.huan.tv/live/glt_2000.m3u8
陀枪师姐,http://cdn.jdshipin.com:8880/huya.php?id=29465857
甘孜|澜露直播,http://183.3.202.19:2380/hw1live.rxip.sc96655.com.huan.tv/live/gzxwzh_2000.m3u8
使徒行者,http://cdn.jdshipin.com:8880/huya.php?id=23734256
高县|澜露直播,http://183.3.202.19:2380/hw1live.rxip.sc96655.com.huan.tv/live/gxt_2000.m3u8
鉴证实录,http://cdn.jdshipin.com:8880/huya.php?id=23903183
古蔺|澜露直播,http://183.3.202.19:2380/hw1live.rxip.sc96655.com.huan.tv/live/glxwzhgq_2000.m3u8
金枝欲孽,http://cdn.jdshipin.com:8880/huya.php?id=29465847
广安区|澜露直播,http://183.3.202.19:2380/hw1live.rxip.sc96655.com.huan.tv/live/gaqxw_2000.m3u8
扫黄先锋,http://cdn.jdshipin.com:8880/huya.php?id=29465855
广汉|澜露直播,http://183.3.202.19:2380/hw1live.rxip.sc96655.com.huan.tv/live/ghxwzh_2000.m3u8
创世纪,http://cdn.jdshipin.com:8880/huya.php?id=29465852
广安公共|澜露直播,http://183.3.202.19:2380/hw1live.rxip.sc96655.com.huan.tv/live/gagg_2000.m3u8
妙手仁心,http://cdn.jdshipin.com:8880/huya.php?id=29465853
广安新闻|澜露直播,http://183.3.202.19:2380/hw1live.rxip.sc96655.com.huan.tv/live/gaxwzh_2000.m3u8
大时代,http://cdn.jdshipin.com:8880/huya.php?id=23865161
广元文化|澜露直播,http://183.3.202.19:2380/hw1live.rxip.sc96655.com.huan.tv/live/gyggH265_4000.m3u8
野蛮亲家,http://cdn.jdshipin.com:8880/huya.php?id=23863796
广元新闻|澜露直播,http://183.3.202.19:2380/hw1live.rxip.sc96655.com.huan.tv/live/gyzhH265_4000.m3u8
笑看风云,http://cdn.jdshipin.com:8880/huya.php?id=29465858
汉源|澜露直播,http://183.3.202.19:2380/hw1live.rxip.sc96655.com.huan.tv/live/hyxwzh_2000.m3u8
倩女幽魂妖魔道,http://jsmov2.a.yximgs.com/bs3/video-hls/5232901391302199073_hlsb.m3u8
合江|澜露直播,http://183.3.202.19:2380/hw1live.rxip.sc96655.com.huan.tv/live/hjxw_2000.m3u8
倩女幽魂人间道,http://jsmov2.a.yximgs.com/bs3/video-hls/5250634317044855747_hlsb.m3u8
黑水|澜露直播,http://183.3.202.19:2380/hw1live.rxip.sc96655.com.huan.tv/live/hsxwzhpdH264_2000.m3u8
倩女幽魂道道道,http://jsmov2.a.yximgs.com/bs3/video-hls/5216294367991385255_hlsb.m3u8
洪雅|澜露直播,http://183.3.202.19:2380/hw1live.rxip.sc96655.com.huan.tv/live/hyzh_2000.m3u8
人在囧途,https://vip.ffzy-play.com/20221018/1953_2d6ba500/index.m3u8
华蓥|澜露直播,http://183.3.202.19:2380/hw1live.rxip.sc96655.com.huan.tv/live/hyxw_2000.m3u8
人在囧途之泰囧,https://vip.ffzy-play.com/20221018/1951_47e1adc8/index.m3u8
会理|澜露直播,http://183.3.202.19:2380/hw1live.rxip.sc96655.com.huan.tv/live/hlyt_4000.m3u8
人在囧途之港囧,https://vip.ffzy-play7.com/20230112/11082_fde1a94d/index.m3u8
夹江|澜露直播,http://183.3.202.19:2380/hw1live.rxip.sc96655.com.huan.tv/live/jjxw_2000.m3u8
拆弹专家1,https://vip.ffzy-online.com/20221015/719_80ff87c2/index.m3u8
简阳|澜露直播,http://183.3.202.19:2380/hw1live.rxip.sc96655.com.huan.tv/live/jyxwzh_2000.m3u8
拆弹专家2,https://vip.ffzy-online.com/20221015/722_e32c42bc/index.m3u8
剑阁|澜露直播,http://183.3.202.19:2380/hw1live.rxip.sc96655.com.huan.tv/live/jgxwzhH265_4000.m3u8
寒战,https://vip.ffzy-play6.com/20221019/157_bf0740ee/index.m3u8
江安|澜露直播,http://183.3.202.19:2380/hw1live.rxip.sc96655.com.huan.tv/live/jat_2000.m3u8
我不是药神,https://vip.ffzy-play1.com/20221018/478_c3afed66/index.m3u8
江油|澜露直播,http://183.3.202.19:2380/hw1live.rxip.sc96655.com.huan.tv/live/jyxwHD_2000.m3u8
让子弹飞,https://vip.ffzy-play7.com/20230116/11563_b9f44814/index.m3u8
金河口|澜露直播,http://183.3.202.19:2380/hw1live.rxip.sc96655.com.huan.tv/live/jkhdst_2000.m3u8
龙门飞甲,http://jsmov2.a.yximgs.com/bs3/video-hls/5203346449046555193_hlsb.m3u8
金牛|澜露直播,http://183.3.202.19:2380/hw1live.rxip.sc96655.com.huan.tv/live/jnyx_2000.m3u8
BRTV纪实科教,http://120.76.248.139/live/bfgd/4200000113.m3u8
金堂|澜露直播,http://183.3.202.19:2380/hw1live.rxip.sc96655.com.huan.tv/live/jtzhpd_2000.m3u8
BRTV卡酷少儿,http://rrs01.hw.gmcc.net:8088/PLTV/81/224/3221226677/1.m3u8
开江|澜露直播,http://183.3.202.19:2380/hw1live.rxip.sc96655.com.huan.tv/live/kjxwzh_2000.m3u8
BRTV新闻,http://[2409:8087:1:20:20::2a]/otttv.bj.chinamobile.com/PLTV/88888888/224/3221226437/1.m3u8?GuardEncType=2&accountinfo=%7E%7EV2.0%7EncK5uEAdYwWMsf8WJWI1mQ%7E_eNUbgU9sJGUcVVduOMKhafLvQUgE_zlz_7pvDimJNO_LSIQh_h2P54Cz-MqgJqC%2CEND
利州|澜露直播,http://183.3.202.19:2380/hw1live.rxip.sc96655.com.huan.tv/live/lzxwzh_2000.m3u8
BRTV影视,https://hsplay-360.v.btime.com/live_btime/btv_sn_20170706_s4/index.m3u8?time=1742954511&sign=5241ba5667bd08639fd195ea9db6da5a
邻水|澜露直播,http://183.3.202.19:2380/hw1live.rxip.sc96655.com.huan.tv/live/lsxw_2000.m3u8
BRTV文艺,https://hsplay-360.v.btime.com/live_btime/btv_sn_20170706_s2/index.m3u8?time=1742954441&sign=36eca1b00f7de9e79ecc4449bcaa35d5
龙泉|澜露直播,http://183.3.202.19:2380/hw1live.rxip.sc96655.com.huan.tv/live/lqxw_2000.m3u8
BRTV财经,http://[2409:8087:1:20:20::2a]/otttv.bj.chinamobile.com/PLTV/88888888/224/3221226516/1.m3u8?GuardEncType=2&accountinfo=%7E%7EV2.0%7Eh9_SEkmWeMdS1TMnIILZgg%7E_eNUbgU9sJGUcVVduOMKhafLvQUgE_zlz_7pvDimJNPIiicEW7OIvk1s-X-PXHqO%2CEND
隆昌|澜露直播,http://183.3.202.19:2380/hw1live.rxip.sc96655.com.huan.tv/live/lcxw_2000.m3u8
BRTV生活,http://[2409:8087:1:20:20::2a]/otttv.bj.chinamobile.com/PLTV/88888888/224/3221226514/1.m3u8?GuardEncType=2&accountinfo=%7E%7EV2.0%7Es-PVNcPJsjr_oBdcXGT40g%7E_eNUbgU9sJGUcVVduOMKhafLvQUgE_zlz_7pvDimJNMWvZ0r6eMXcXJOGrCpJiq1%2CEND
芦山|澜露直播,http://183.3.202.19:2380/hw1live.rxip.sc96655.com.huan.tv/live/lszh_2000.m3u8
BRTV体育休闲,http://smjdenny.eu.org:35455/bptv/10000100000000050000000003870779.m3u8
罗江|澜露直播,http://183.3.202.19:2380/hw1live.rxip.sc96655.com.huan.tv/live/ljxwzh_2000.m3u8
BRTV国际频道,http://[2409:8087:1:20:20::2a]/otttv.bj.chinamobile.com/PLTV/88888888/224/3221226510/1.m3u8?GuardEncType=2&accountinfo=%7E%7EV2.0%7EIfgL7tTUNqHAIdgvKuwj8A%7E_eNUbgU9sJGUcVVduOMKhafLvQUgE_zlz_7pvDimJNPr9j5nfyiWS_jEXD6m401A%2CEND
马边|澜露直播,http://183.3.202.19:2380/hw1live.rxip.sc96655.com.huan.tv/live/mbxwzh_2000.m3u8
北京4K超清,http://[2409:8087:1:20:20::26]/otttv.bj.chinamobile.com/PLTV/88888888/224/3221226550/1.m3u8?GuardEncType=2&accountinfo=~~V2.0~e2qS8h6u-xp3gd50vNr1sw~_eNUbgU9sJGUcVVduOMKhafLvQUgE_zlz_7pvDimJNPPFD3HVWEytEVyliOxehfe%2CEND
马尔康|澜露直播,http://183.3.202.19:2380/hw1live.rxip.sc96655.com.huan.tv/live/mekxwzhpd_2000.m3u8
淘电影,http://[2409:8087:1:20:20::26]/otttv.bj.chinamobile.com/PLTV/88888888/224/3221226552/1.m3u8?GuardEncType=2&accountinfo=%7E%7EV2.0%7EXOsrWMA-UCdUl1hQSR9EKw%7E_eNUbgU9sJGUcVVduOMKhafLvQUgE_zlz_7pvDimJNNg3bzRax0E9tLmO9xgXVx8%2CEND
米易|澜露直播,http://183.3.202.19:2380/hw1live.rxip.sc96655.com.huan.tv/live/myxwzh_2000.m3u8
淘剧场,http://[2409:8087:1:20:20::26]/otttv.bj.chinamobile.com/PLTV/88888888/224/3221226553/1.m3u8?GuardEncType=2&accountinfo=%7E%7EV2.0%7EQaJ92NID2SpQlY6_VJVogg%7E_eNUbgU9sJGUcVVduOMKhafLvQUgE_zlz_7pvDimJNOuQYJeiYEeFWTkFfE86Vq-%2CEND
绵竹|澜露直播,http://183.3.202.19:2380/hw1live.rxip.sc96655.com.huan.tv/live/mzxwzh_2000.m3u8
淘娱乐,http://[2409:8087:1:20:20::2c]/otttv.bj.chinamobile.com/PLTV/88888888/224/3221226551/1.m3u8?GuardEncType=2&accountinfo=%7E%7EV2.0%7Ex0efg9fpenP8E8lWJUb5Lg%7E_eNUbgU9sJGUcVVduOMKhafLvQUgE_zlz_7pvDimJNNg3bzRax0E9tLmO9xgXVx8%2CEND
冕宁|澜露直播,http://183.3.202.19:2380/hw1live.rxip.sc96655.com.huan.tv/live/mnxw_2000.m3u8
淘BABY,http://[2409:8087:1:20:20::2c]/otttv.bj.chinamobile.com/PLTV/88888888/224/3221226554/1.m3u8?GuardEncType=2&accountinfo=%7E%7EV2.0%7EN0sbBMpQv4sLsW5foy3YfA%7E_eNUbgU9sJGUcVVduOMKhafLvQUgE_zlz_7pvDimJNNg3bzRax0E9tLmO9xgXVx8%2CEND
名山|澜露直播,http://183.3.202.19:2380/hw1live.rxip.sc96655.com.huan.tv/live/msdstH265_2000.m3u8
萌宠TV,http://[2409:8087:1:20:20::26]/otttv.bj.chinamobile.com/PLTV/88888888/224/3221226555/1.m3u8?GuardEncType=2&accountinfo=%7E%7EV2.0%7E_PpxWPtvSZRFtu_Ged-vQ%7E_eNUbgU9sJGUcVVduOMKhafLvQUgE_zlz_7pvDimJNO0istnBuoA2R9ODSCqyIyS%2CEND
木里|澜露直播,http://183.3.202.19:2380/hw1live.rxip.sc96655.com.huan.tv/live/mltHD_4000.m3u8
优优宝贝,http://120.76.248.139/live/bfgd/4200000153.m3u8
纳溪|澜露直播,http://183.3.202.19:2380/hw1live.rxip.sc96655.com.huan.tv/live/nxxw_2000.m3u8
中华特产,http://120.76.248.139/live/bfgd/4200000158.m3u8
南部|澜露直播,http://183.3.202.19:2380/hw1live.rxip.sc96655.com.huan.tv/live/nbxw_2000.m3u8
生态环境,http://120.76.248.139/live/bfgd/4200000149.m3u8
南充|澜露直播,http://183.3.202.19:2380/hw1live.rxip.sc96655.com.huan.tv/live/ncxwzh_2000.m3u8
四海钓鱼,http://120.76.248.139/live/bfgd/4200000229.m3u8
南江|澜露直播,http://183.3.202.19:2380/hw1live.rxip.sc96655.com.huan.tv/live/njxw_2000.m3u8
车迷频道,http://120.76.248.139/live/bfgd/4200000146.m3u8
南溪|澜露直播,http://183.3.202.19:2380/hw1live.rxip.sc96655.com.huan.tv/live/nxt_2000.m3u8
环球旅游,http://120.76.248.139/live/bfgd/4200000147.m3u8
宁南|澜露直播,http://183.3.202.19:2380/hw1live.rxip.sc96655.com.huan.tv/live/nnt_4000.m3u8
纪实人文,http://8.138.7.223/tv/shtv.php?id=xjs
攀钢|澜露直播,http://183.3.202.19:2380/hw1live.rxip.sc96655.com.huan.tv/live/pgxwzh_2000.m3u8
哈哈炫动,http://111.22.153.159:35455/itv/5000000011000031123.m3u8?cdn=bestzb
彭山|澜露直播,http://183.3.202.19:2380/hw1live.rxip.sc96655.com.huan.tv/live/pszh_2000.m3u8
上海新闻,http://bp-livetytv.bestv.cn/ch/bestvxwzh.m3u8
彭州|澜露直播,http://183.3.202.19:2380/hw1live.rxip.sc96655.com.huan.tv/live/pzxwzh_2000.m3u8
东方财经,http://111.22.153.159:35455/itv/5000000007000010003.m3u8?cdn=bestzb
安徽经济生活|澜露直播,http://tv.sohu.blog/d/ahwy.php?id=jj
第一财经,http://8.138.7.223/tv/shtv.php?id=dycj
安徽综艺体育|澜露直播,http://tv.sohu.blog/d/ahwy.php?id=zy
东方影视,http://111.22.153.159:35455/itv/5000000010000032212.m3u8?cdn=bestzb
安徽影视|澜露直播,http://tv.sohu.blog/d/ahwy.php?id=ys
五星体育,http://8.138.7.223/tv/shtv.php?id=wxty
肥东新闻综合|澜露直播,http://tv.sohu.blog/d/ahfd.php?id=752
上海都市,http://bp-livetytv.bestv.cn/ch/bestvdspd.m3u8
肥东经济生活|澜露直播,http://tv.sohu.blog/d/ahfd.php?id=753
上海外语,http://111.22.153.159:35455/itv/2000000002000000001.m3u8?cdn=hnbblive
马鞍山新闻综合|澜露直播,http://tv.sohu.blog/d/ahmas.php?id=xwzh
上海教育,http://61.173.144.157:9901/tsfile/live/1007_1.m3u8
马鞍山科教生活|澜露直播,http://tv.sohu.blog/d/ahmas.php?id=kjsh
崇明电视台,https://pili-live-hls.wdit.com.cn/wditlive/c038f4fafbdf4f97ba74c74ad67259b931ee.m3u8
寿县新闻综合|澜露直播,http://tv.sohu.blog/d/ahwy.php?id=shx
浙江新闻,https://ali-m-l.cztv.com/channels/lantian/channel007/1080p.m3u8
铜陵新闻综合|澜露直播,http://tv.sohu.blog/d/ahtl.php?id=10
浙江国际,https://ali-m-l.cztv.com/channels/lantian/channel010/1080p.m3u8
铜陵教育科技|澜露直播,http://tv.sohu.blog/d/ahtl.php?id=8
浙江教科,https://ali-m-l.cztv.com/channels/lantian/channel004/1080p.m3u8
歙县新闻综合|澜露直播,http://tv.sohu.blog/d/ahwy.php?id=sx
浙江少儿,https://ali-m-l.cztv.com/channels/lantian/channel008/1080p.m3u8
太湖新闻综合|澜露直播,http://tv.sohu.blog/d/ahwy.php?id=th
浙江民生,https://ali-m-l.cztv.com/channels/lantian/channel006/1080p.m3u8
岳溪新闻综合|澜露直播,http://tv.sohu.blog/d/ahwy.php?id=yx
浙江经济,https://ali-m-l.cztv.com/channels/lantian/channel003/1080p.m3u8
宿松综合|澜露直播,http://tv.sohu.blog/d/ahwy.php?id=ss1
浙江钱江,https://ali-m-l.cztv.com/channels/lantian/channel002/1080p.m3u8
宿松戏曲文艺|澜露直播,http://tv.sohu.blog/d/ahwy.php?id=ss2
之江纪录,https://ali-m-l.cztv.com/channels/lantian/channel012/1080p.m3u8
颍上新闻综合|澜露直播,http://tv.sohu.blog/d/ahwy.php?id=ysh
萧山综合,http://l.cztvcloud.com/channels/lantian/SXxiaoshan1/720p.m3u8
云南都市|澜露直播,http://tv.sohu.blog/d/yntv2.php?id=ynds
象山新闻综合,http://l.cztvcloud.com/channels/lantian/SXxiangshan1/720p.m3u8
云南娱乐|澜露直播,http://tv.sohu.blog/d/yntv2.php?id=ynyl
文成新闻综合,http://l.cztvcloud.com/channels/lantian/SXwencheng1/720p.m3u8
云南康旅|澜露直播,http://tv.sohu.blog/d/yntv2.php?id=ynkl
青田电视台,http://l.cztvcloud.com/channels/lantian/SXqingtian1/720p.m3u8
陆良电视台|澜露直播,http://tv.sohu.blog/d/yntv2.php?id=qjll
云和新闻综合,http://l.cztvcloud.com/channels/lantian/SXyunhe1/720p.m3u8
玉溪新闻综合|澜露直播,http://tv.sohu.blog/d/yntv2.php?id=yx1
金鹰纪实,http://tvbox6.icu/tv/mgtv.php?id=316
玉溪社会与法|澜露直播,http://tv.sohu.blog/d/yntv2.php?id=yx2
金鹰卡通,http://tvbox6.icu/tv/mgtv.php?id=287
元江电视台|澜露直播,http://tv.sohu.blog/d/yntv2.php?id=yxyj
茶友频道,http://drive.mxmy.net:8888/udp/239.3.1.165:8001
保山一套|澜露直播,http://tv.sohu.blog/d/yntv2.php?id=bs1
快乐垂钓,http://drive.mxmy.net:8888/udp/239.3.1.164:8001
龙陵电视台|澜露直播,http://tv.sohu.blog/d/yntv2.php?id=bsll
湖南爱晚,http://tvbox6.icu/tv/mgtv.php?id=261
龙阳电视台|澜露直播,http://tv.sohu.blog/d/yntv2.php?id=bsly
湖南爱晚,http://p2.vzan.com/527645544/149039617847513156/live.m3u8
昭通一套|澜露直播,http://tv.sohu.blog/d/yntv2.php?id=zt1
湖南视剧,http://tvbox6.icu/tv/mgtv.php?id=484
丽江新闻综合|澜露直播,http://tv.sohu.blog/d/yntv2.php?id=lj1
湖南电影,http://tvbox6.icu/tv/mgtv.php?id=221
华坪电视台|澜露直播,http://tv.sohu.blog/d/yntv2.php?id=ljhp
湖南都市,http://tvbox6.icu/tv/mgtv.php?id=346
临沧一套|澜露直播,http://tv.sohu.blog/d/yntv2.php?id=lc1
湖南国际,http://tvbox6.icu/tv/mgtv.php?id=229
临沧二套|澜露直播,http://tv.sohu.blog/d/yntv2.php?id=lc2
湖南经视,http://tvbox6.icu/tv/mgtv.php?id=280
耿马电视台|澜露直播,http://tv.sohu.blog/d/yntv2.php?id=lcgm
湖南娱乐,http://tvbox6.icu/tv/mgtv.php?id=344
楚雄新闻|澜露直播,http://tv.sohu.blog/d/yntv2.php?id=cx1
湖南教育,http://222.241.154.37:9901/tsfile/live/23027_1.m3u8
红河新闻综合|澜露直播,http://tv.sohu.blog/d/yntv2.php?id=hh1
长沙新闻,http://tvbox6.icu/tv/mgtv.php?id=269
文山新闻综合|澜露直播,http://tv.sohu.blog/d/yntv2.php?id=ws1
长沙政法,http://tvbox6.icu/tv/mgtv.php?id=254
大理新闻综合|澜露直播,http://tv.sohu.blog/d/yntv2.php?id=dl1
长沙女性,http://tvbox6.icu/tv/mgtv.php?id=230
洱源电视台|澜露直播,http://tv.sohu.blog/d/yntv2.php?id=dley
四川新闻,http://wouu.net:9977/udp/239.93.0.47:5140
巍山电视台|澜露直播,http://tv.sohu.blog/d/yntv2.php?id=dlws
峨眉电影,http://wouu.net:9977/udp/239.93.1.54:5140
云龙电视台|澜露直播,http://tv.sohu.blog/d/yntv2.php?id=dlyl
四川影视文艺,http://wouu.net:9977/udp/239.93.0.166:5140
德宏综合|澜露直播,http://tv.sohu.blog/d/yntv2.php?id=dh1
四川经济,http://wouu.net:9977/udp/239.93.1.101:5140
怒江电视台|澜露直播,http://tv.sohu.blog/d/yntv2.php?id=nj1
四川文化旅游,http://wouu.net:9977/udp/239.93.1.102:5140
河北文旅公共|澜露直播,http://www.160606.xyz:10010/rtp/239.254.200.22:6000
四川科教,http://182.150.115.21:8030/pcgacg/pcgacg_0.m3u8
河北农民|澜露直播,http://www.160606.xyz:10010/rtp/239.254.200.23:6000
四川公共乡村,http://wouu.net:9977/udp/239.93.0.52:5140
河北少儿科教|澜露直播,http://www.160606.xyz:10010/rtp/239.254.200.21:6000
四川妇女儿童,http://wouu.net:9977/udp/239.93.0.219:5140
河北影视剧|澜露直播,http://www.160606.xyz:10010/rtp/239.254.200.20:6000
龙泉新闻综合,http://l.cztvcloud.com/channels/lantian/SXlongquan1/720p.m3u8
河北经济生活|澜露直播,http://www.160606.xyz:10010/rtp/239.254.200.18:6000
乐山新闻综合,http://m3u8file.lstv.org.cn/nmip-media/channellive/channel1/playlist.m3u8
河北都市|澜露直播,http://www.160606.xyz:10010/rtp/239.254.200.19:6000
乐至综合,http://175.155.106.72:89/live1/live1.m3u8?zsicd
保定新闻|澜露直播,http://www.160606.xyz:10010/rtp/239.254.200.144:6000
利州综合,http://tvfile.lzgbdst.com/nmip-media/channellive/channel106876/playlist.m3u8?zsicd
保定生活|澜露直播,http://www.160606.xyz:10010/rtp/239.254.200.146:6000
剑阁综合,https://m3u8.channel.dzsm.com/nmip-media/channellive/channel105549/playlist.m3u8
唐山公共|澜露直播,http://www.160606.xyz:10010/rtp/239.254.200.169:6000
万源新闻综合,http://live.wanyuannews.com/wytv/hd/live.m3u8?zsicd
唐山影视|澜露直播,http://www.160606.xyz:10010/rtp/239.254.200.168:6000
叙州新闻综合,http://pili-live-hls.ybcxjd.com/jdh-live/2108111201035597.m3u8?zsicd
唐山新闻|澜露直播,http://www.160606.xyz:10010/rtp/239.254.200.166:6000
广元综合,https://m3u8.channel.dzsm.com/nmip-media/channellive/channel100999/playlist.m3u8
唐山生活|澜露直播,http://www.160606.xyz:10010/rtp/239.254.200.167:6000
广元公共,https://m3u8.channel.dzsm.com/nmip-media/channellive/channel101257/playlist.m3u8
廊坊公共|澜露直播,http://www.160606.xyz:10010/rtp/239.254.200.184:6000
广安公共,http://live1.gatv.com.cn:85/live/GGPD_ggpdzm.m3u8?zsicd
廊坊新闻|澜露直播,http://www.160606.xyz:10010/rtp/239.254.200.183:6000
德阳新闻综合,http://scdytv.cn:1935/live/m_xwpd_livevideo/playlist.m3u8?zsicd
承德公共|澜露直播,http://www.160606.xyz:10010/rtp/239.254.200.33:6000
德阳公共,http://scdytv.cn:1935/live/m_ggpd_livevideo/playlist.m3u8?zsicd
承德新闻|澜露直播,http://www.160606.xyz:10010/rtp/239.254.200.32:6000
旺苍新闻综合,http://channel.wcrmt.cn:80/nmip-media/channellive/channel105268/playlist.m3u8
石家庄娱乐|澜露直播,http://www.160606.xyz:10010/rtp/239.254.200.29:6000
沐川综合,rtmp://tv.mcrm.org.cn:1935/channellive/tv01
石家庄生活|澜露直播,http://www.160606.xyz:10010/rtp/239.254.200.30:6000
沙湾融媒,http://tvfile.swrmt.com:80/nmip-media/channellive/channel100064/playlist.m3u8
秦岛新闻|澜露直播,http://www.160606.xyz:10010/rtp/239.254.200.39:6000
金川新闻综合,http://live.jinchuanrmt.com:90/live/zhxw.m3u8?zsicd
沧州影视|澜露直播,http://www.160606.xyz:10010/rtp/239.254.200.44:6000
金川乡村,http://live.jinchuanrmt.com:90/live/jcxc.m3u8?zsicd
沧州新闻|澜露直播,http://www.160606.xyz:10010/rtp/239.254.200.42:6000
青神综合,http://lmt.scqstv.com:80/live1/live1.m3u8
衡水公共|澜露直播,http://www.160606.xyz:10010/rtp/239.254.200.149:6000
青川综合,http://qcfile.qcrmt.com/nmip-media/channellive/channel100933/playlist.m3u8
衡水新闻|澜露直播,http://www.160606.xyz:10010/rtp/239.254.200.147:6000
雅安新闻综合,https://play.yunxya.com/channellive/xinwen.m3u8
邢台综合|澜露直播,http://www.160606.xyz:10010/rtp/239.254.200.150:6000
长宁综合,http://cnpull.sccnfb.com:80/live/123456.m3u8
邯郸公共|澜露直播,http://www.160606.xyz:10010/rtp/239.254.200.154:6000
荥经综合,https://m3u8channel-yj.yunxya.com/nmip-media/channellive/channel101140/playlist.m3u8
邯郸科教|澜露直播,http://www.160606.xyz:10010/rtp/239.254.200.155:6000
绵阳科技,http://livepull.myntv.cn:80/rtmp/mykj.m3u8
三河|澜露直播,http://www.160606.xyz:10010/rtp/239.254.201.113:5315
绵阳综合,http://119.6.59.216:60033/tsfile/live/1007_1.m3u8?key=txiptv
广东卫视|澜露直播,http://m.061899.xyz/mg/gdws
筠连综合,http://live.dameijunlian.cn:80/live1/live1.m3u8
广东珠江|澜露直播,http://m.061899.xyz/mg/gdzj
甘孜综合,http://tv.drs.ganzitv.com:8100/channellive/gztv.flv
广东新闻|澜露直播,http://m.061899.xyz/mg/gdxw
石棉综合,rtmp://tv.yunxya.com:1937/channellive/shimian
广东民生|澜露直播,http://m.061899.xyz/mg/gdms
汉源综合,http://live.hyxrmt.com:85/live/xwpd.m3u8
广东体育|澜露直播,http://m.061899.xyz/mg/gdty
攀枝花新闻综合,http://live.pzhkai.com/xwzhtl/sd/live.m3u8
深圳卫视|澜露直播,http://m.061899.xyz/mg/szws
昭化综合,http://live.zhgbtv.cn:3100/hls/kwqtkbbi/index.m3u8
广东体育|澜露直播,http://yp.qqqtv.top/1/api.php?id=%E5%B9%BF%E4%B8%9C%E4%BD%93%E8%82%B2&auth=666858
朝天综合,https://m3u8.channel.dzsm.com/nmip-media/channellive/channel104601/playlist.m3u8
广东珠江|澜露直播,http://yp.qqqtv.top/1/api.php?id=%E5%B9%BF%E4%B8%9C%E7%8F%A0%E6%B1%9F&auth=666858
辽宁公共,http://dassby.qqff.top:99/live/辽宁公共/index.m3u8
广东新闻|澜露直播,http://yp.qqqtv.top/1/api.php?id=%E5%B9%BF%E4%B8%9C%E6%96%B0%E9%97%BB&auth=666858
辽宁北方,http://dassby.qqff.top:99/live/辽宁北方/index.m3u8
广东民生|澜露直播,http://yp.qqqtv.top/1/api.php?id=%E5%B9%BF%E4%B8%9C%E6%B0%91%E7%94%9F&auth=666858
辽宁影视,http://dassby.qqff.top:99/live/辽宁影视剧/index.m3u8
广东移动|澜露直播,http://yp.qqqtv.top/1/api.php?id=%E5%B9%BF%E4%B8%9C%E7%A7%BB%E5%8A%A8&auth=666858
辽宁青少,http://dassby.qqff.top:99/live/辽宁教育青少/index.m3u8
广东影视|澜露直播,http://yp.qqqtv.top/1/api.php?id=%E5%B9%BF%E4%B8%9C%E5%BD%B1%E8%A7%86&auth=666858
辽宁生活,http://dassby.qqff.top:99/live/辽宁生活/index.m3u8
广州综合|澜露直播,http://yp.qqqtv.top/1/api.php?id=%E5%B9%BF%E5%B7%9E%E7%BB%BC%E5%90%88&auth=666858
辽宁经济,http://dassby.qqff.top:99/live/辽宁经济/index.m3u8
广州新闻|澜露直播,http://yp.qqqtv.top/1/api.php?id=%E5%B9%BF%E5%B7%9E%E6%96%B0%E9%97%BB&auth=666858
辽宁都市,http://dassby.qqff.top:99/live/辽宁都市/index.m3u8
广州影视|澜露直播,http://yp.qqqtv.top/1/api.php?id=%E5%B9%BF%E5%B7%9E%E5%BD%B1%E8%A7%86&auth=666858
辽宁体育,http://dassby.qqff.top:99/live/辽宁体育/index.m3u8
广州南国都市4K|澜露直播,http://yp.qqqtv.top/1/api.php?id=%E5%B9%BF%E5%B7%9E%E5%8D%97%E5%9B%BD%E9%83%BD%E5%B8%824K&auth=666858
朝阳新闻综合,http://120.76.248.139/live/bfgd/4200000282.m3u8
广州法治|澜露直播,http://yp.qqqtv.top/1/api.php?id=%E5%B9%BF%E5%B7%9E%E6%B3%95%E6%B2%BB&auth=666858
辽宁公共,http://120.76.248.139/live/bfgd/4200000077.m3u8
深圳都市|澜露直播,http://yp.qqqtv.top/1/api.php?id=%E6%B7%B1%E5%9C%B3%E9%83%BD%E5%B8%82&auth=666858
辽宁公共,http://120.76.248.139/live/bfgd/4200000481.m3u8
深圳电视剧|澜露直播,http://yp.qqqtv.top/1/api.php?id=%E6%B7%B1%E5%9C%B3%E7%94%B5%E8%A7%86%E5%89%A7&auth=666858
辽宁北方,http://120.76.248.139/live/bfgd/4200000071.m3u8
深圳财经生活|澜露直播,http://yp.qqqtv.top/1/api.php?id=%E6%B7%B1%E5%9C%B3%E8%B4%A2%E7%BB%8F%E7%94%9F%E6%B4%BB&auth=666858
辽宁影视剧,http://120.76.248.139/live/bfgd/4200000070.m3u8
深圳体育健康|澜露直播,http://yp.qqqtv.top/1/api.php?id=%E6%B7%B1%E5%9C%B3%E4%BD%93%E8%82%B2%E5%81%A5%E5%BA%B7&auth=666858
辽宁教育青少,http://120.76.248.139/live/bfgd/4200000075.m3u8
深圳少儿|澜露直播,http://yp.qqqtv.top/1/api.php?id=%E6%B7%B1%E5%9C%B3%E5%B0%91%E5%84%BF&auth=666858
辽宁生活,http://120.76.248.139/live/bfgd/4200000073.m3u8
深圳国际|澜露直播,http://yp.qqqtv.top/1/api.php?id=%E6%B7%B1%E5%9C%B3%E5%9B%BD%E9%99%85&auth=666858
辽宁经济,http://120.76.248.139/live/bfgd/4200000076.m3u8
深圳宝安|澜露直播,http://yp.qqqtv.top/1/api.php?id=%E6%B7%B1%E5%9C%B3%E5%AE%9D%E5%AE%89&auth=666858
辽宁经济,http://120.76.248.139/live/bfgd/4200000480.m3u8
深圳龙岗|澜露直播,http://yp.qqqtv.top/1/api.php?id=%E6%B7%B1%E5%9C%B3%E9%BE%99%E5%B2%97&auth=666858
辽宁都市,http://120.76.248.139/live/bfgd/4200000068.m3u8
深圳宜和购物|澜露直播,http://yp.qqqtv.top/1/api.php?id=%E6%B7%B1%E5%9C%B3%E5%AE%9C%E5%92%8C%E8%B4%AD%E7%89%A9&auth=666858
辽宁都市,http://120.76.248.139/live/bfgd/4200000610.m3u8
深圳移动电视|澜露直播,http://yp.qqqtv.top/1/api.php?id=%E6%B7%B1%E5%9C%B3%E7%A7%BB%E5%8A%A8%E7%94%B5%E8%A7%86&auth=666858
广东珠江,http://cdn2.163189.xyz/live/gdzj/stream.m3u8
深圳众创TV|澜露直播,http://yp.qqqtv.top/1/api.php?id=%E6%B7%B1%E5%9C%B3%E4%BC%97%E5%88%9BTV&auth=666858
广东大湾区,http://222.128.55.152:9080/live/dwq.m3u8
珠海新闻|澜露直播,http://yp.qqqtv.top/1/api.php?id=%E7%8F%A0%E6%B5%B7%E6%96%B0%E9%97%BB&auth=666858
广东新闻,http://119.32.12.17:2901/udp/224.1.100.5:11111
佛山综合|澜露直播,http://yp.qqqtv.top/1/api.php?id=%E4%BD%9B%E5%B1%B1%E7%BB%BC%E5%90%88&auth=666858
广东公共,http://218.13.14.6:60050/tsfile/live/1020_1.m3u8
佛山公共|澜露直播,http://yp.qqqtv.top/1/api.php?id=%E4%BD%9B%E5%B1%B1%E5%85%AC%E5%85%B1&auth=666858
广东体育,http://cdn2.163189.xyz/live/gdty/stream.m3u8
佛山影视|澜露直播,http://yp.qqqtv.top/1/api.php?id=%E4%BD%9B%E5%B1%B1%E5%BD%B1%E8%A7%86&auth=666858
广东影视,http://119.32.12.17:2901/udp/224.1.100.11:11111
佛山顺德|澜露直播,http://yp.qqqtv.top/1/api.php?id=%E4%BD%9B%E5%B1%B1%E9%A1%BA%E5%BE%B7&auth=666858
广东少儿,http://119.32.12.17:2901/udp/224.1.100.9:11111
佛山南海|澜露直播,http://yp.qqqtv.top/1/api.php?id=%E4%BD%9B%E5%B1%B1%E5%8D%97%E6%B5%B7&auth=666858
广东民生,http://119.32.12.17:2901/udp/224.1.100.4:11111
佛山高明|澜露直播,http://yp.qqqtv.top/1/api.php?id=%E4%BD%9B%E5%B1%B1%E9%AB%98%E6%98%8E&auth=666858
广东经济科教,http://119.32.12.17:2901/udp/224.1.100.6:11111
佛山三水|澜露直播,http://yp.qqqtv.top/1/api.php?id=%E4%BD%9B%E5%B1%B1%E4%B8%89%E6%B0%B4&auth=666858
广州综合,http://tencentplay.gztv.com/live/zonghes.m3u8?txSecret=c8dbe86d6f86eb1a21999ab479fd5667&txTime=18d3c4690e8
惠州综合|澜露直播,http://yp.qqqtv.top/1/api.php?id=%E6%83%A0%E5%B7%9E%E7%BB%BC%E5%90%88&auth=666858
广州新闻,http://tencentplay.gztv.com/live/xinwen.m3u8?txSecret=d2c2db0b598c02ec1b5623728434d367&txTime=18d57929bd3
惠州公共|澜露直播,http://yp.qqqtv.top/1/api.php?id=%E6%83%A0%E5%B7%9E%E5%85%AC%E5%85%B1&auth=666858
广州影视,http://tencentplay.gztv.com/live/yingshi.m3u8?txSecret=1bd3a1082ab5b89f48c1bff9a3760da4&txTime=18d57929bd4
东莞综合|澜露直播,http://yp.qqqtv.top/1/api.php?id=%E4%B8%9C%E8%8E%9E%E7%BB%BC%E5%90%88&auth=666858
广州法治,http://tencentplay.gztv.com/live/fazhi.m3u8?txSecret=3e84cd8eba844b5dc2150612295c7a52&txTime=18d578f4493
东莞生活资讯|澜露直播,http://yp.qqqtv.top/1/api.php?id=%E4%B8%9C%E8%8E%9E%E7%94%9F%E6%B4%BB%E8%B5%84%E8%AE%AF&auth=666858
南国都市,http://tencentplay.gztv.com/live/nanguodushi.m3u8?txSecret=140110ae3d6c936a77f94c4f4d85b0d3&txTime=18d57929bd4
河源综合|澜露直播,http://yp.qqqtv.top/1/api.php?id=%E6%B2%B3%E6%BA%90%E7%BB%BC%E5%90%88&auth=666858
广州竞赛,http://8.138.7.223/tv/gzjs.m3u8
河源公共|澜露直播,http://yp.qqqtv.top/1/api.php?id=%E6%B2%B3%E6%BA%90%E5%85%AC%E5%85%B1&auth=666858
东莞新闻综合,https://stream.sun0769.com/dgrtv1/mp4tv1_800/index.m3u8
清远新闻综合|澜露直播,http://yp.qqqtv.top/1/api.php?id=%E6%B8%85%E8%BF%9C%E6%96%B0%E9%97%BB%E7%BB%BC%E5%90%88&auth=666858
东莞生活资讯,https://stream.sun0769.com/dgrtv1/mp4tv2_800/index.m3u8
清远文旅生活|澜露直播,http://yp.qqqtv.top/1/api.php?id=%E6%B8%85%E8%BF%9C%E6%96%87%E6%97%85%E7%94%9F%E6%B4%BB&auth=666858
番禺综合,http://video.epaper.pybtv.cn:8080/live/rtmp_live_demo.flv
韶关综合|澜露直播,http://yp.qqqtv.top/1/api.php?id=%E9%9F%B6%E5%85%B3%E7%BB%BC%E5%90%88&auth=666858
河源综合,http://tmpstream.hyrtv.cn/xwzh/sd/live.m3u8
汕头新闻综合|澜露直播,http://yp.qqqtv.top/1/api.php?id=%E6%B1%95%E5%A4%B4%E6%96%B0%E9%97%BB%E7%BB%BC%E5%90%88&auth=666858
河源公共,http://tmpstream.hyrtv.cn/hygg/sd/live.m3u8
汕头经济生活|澜露直播,http://yp.qqqtv.top/1/api.php?id=%E6%B1%95%E5%A4%B4%E7%BB%8F%E6%B5%8E%E7%94%9F%E6%B4%BB&auth=666858
江苏新闻,http://20240504.shunyue1809.com:6321/udp/239.49.8.120:8000
潮州综合|澜露直播,http://yp.qqqtv.top/1/api.php?id=%E6%BD%AE%E5%B7%9E%E7%BB%BC%E5%90%88&auth=666858
江苏城市,https://stream1.freetv.fun/675206b8446ce719bfb293b5a5296db3aa26521c9810de7c996838247cc56964.ctv
潮州民生|澜露直播,http://yp.qqqtv.top/1/api.php?id=%E6%BD%AE%E5%B7%9E%E6%B0%91%E7%94%9F&auth=666858
江苏综艺,https://stream1.freetv.fun/f8ef469943662bed2abc6609d9ef1720b9e93a8a0bd6f5789133461e36763f37.m3u8
肇庆综合|澜露直播,http://yp.qqqtv.top/1/api.php?id=%E8%82%87%E5%BA%86%E7%BB%BC%E5%90%88&auth=666858
江苏影视,https://stream1.freetv.fun/a89dd489fa013bc4f36bcc4afe388f1783e2251c276e2566a9359d68a61c6d91.ctv
肇庆生活服务|澜露直播,http://yp.qqqtv.top/1/api.php?id=%E8%82%87%E5%BA%86%E7%94%9F%E6%B4%BB%E6%9C%8D%E5%8A%A1&auth=666858
江苏教育,https://stream1.freetv.fun/7174b4fd66ddb2a7456b7040105dc27a1e57c166593870bb773cb5f6b4546c54.ctv
梅州综合|澜露直播,http://yp.qqqtv.top/1/api.php?id=%E6%A2%85%E5%B7%9E%E7%BB%BC%E5%90%88&auth=666858
江苏体育休闲,https://stream1.freetv.fun/af1087a1c24fff7af556ac8e6c5c623303d52966f67a998cefb52c17811b09a2.ctv
梅州客家生活|澜露直播,http://yp.qqqtv.top/1/api.php?id=%E6%A2%85%E5%B7%9E%E5%AE%A2%E5%AE%B6%E7%94%9F%E6%B4%BB&auth=666858
苏州新闻综合,https://live-auth.51kandianshi.com/szgd/csztv1.m3u8
梅州导视|澜露直播,http://yp.qqqtv.top/1/api.php?id=%E6%A2%85%E5%B7%9E%E5%AF%BC%E8%A7%86&auth=666858
苏州社会经济,https://live-auth.51kandianshi.com/szgd/csztv2.m3u8
茂名综合|澜露直播,http://yp.qqqtv.top/1/api.php?id=%E8%8C%82%E5%90%8D%E7%BB%BC%E5%90%88&auth=666858
苏州文化生活,https://live-auth.51kandianshi.com/szgd/csztv3.m3u8
茂名文化生活|澜露直播,http://yp.qqqtv.top/1/api.php?id=%E8%8C%82%E5%90%8D%E6%96%87%E5%8C%96%E7%94%9F%E6%B4%BB&auth=666858
苏州生活资讯,https://live-auth.51kandianshi.com/szgd/csztv5.m3u8
湛江综合|澜露直播,http://yp.qqqtv.top/1/api.php?id=%E6%B9%9B%E6%B1%9F%E7%BB%BC%E5%90%88&auth=666858
武术世界,http://www.lizhinas.top:1009/rtp/239.252.220.180:5140
湛江公共|澜露直播,http://yp.qqqtv.top/1/api.php?id=%E6%B9%9B%E6%B1%9F%E5%85%AC%E5%85%B1&auth=666858
文物宝库,http://www.lizhinas.top:1009/rtp/239.252.220.158:5140
阳江综合|澜露直播,http://yp.qqqtv.top/1/api.php?id=%E9%98%B3%E6%B1%9F%E7%BB%BC%E5%90%88&auth=666858
梨园频道,http://www.lizhinas.top:1009/rtp/239.252.220.179:5140
阳江公共|澜露直播,http://yp.qqqtv.top/1/api.php?id=%E9%98%B3%E6%B1%9F%E5%85%AC%E5%85%B1&auth=666858
河南新闻,http://www.cdnstv.com:6398/hls/1114/index.m3u8
揭阳综合|澜露直播,http://yp.qqqtv.top/1/api.php?id=%E6%8F%AD%E9%98%B3%E7%BB%BC%E5%90%88&auth=666858
河南都市,http://www.lwfz.fun:8800/rtp/239.16.20.164:11640
揭阳生活|澜露直播,http://yp.qqqtv.top/1/api.php?id=%E6%8F%AD%E9%98%B3%E7%94%9F%E6%B4%BB&auth=666858
河南民生,http://www.lwfz.fun:8800/rtp/239.16.20.165:11650
汕尾综合|澜露直播,http://yp.qqqtv.top/1/api.php?id=%E6%B1%95%E5%B0%BE%E7%BB%BC%E5%90%88&auth=666858
河南乡村,http://www.cdnstv.com:6398/hls/1116/index.m3u8
汕尾文化生活|澜露直播,http://yp.qqqtv.top/1/api.php?id=%E6%B1%95%E5%B0%BE%E6%96%87%E5%8C%96%E7%94%9F%E6%B4%BB&auth=666858
河南戏曲,http://www.cdnstv.com:6398/hls/1119/index.m3u8
云浮综合|澜露直播,http://yp.qqqtv.top/1/api.php?id=%E4%BA%91%E6%B5%AE%E7%BB%BC%E5%90%88&auth=666858
河南法治,http://www.cdnstv.com:6398/hls/1112/index.m3u8
云浮文旅|澜露直播,http://yp.qqqtv.top/1/api.php?id=%E4%BA%91%E6%B5%AE%E6%96%87%E6%97%85&auth=666858
河南电视剧,http://www.cdnstv.com:6398/hls/1113/index.m3u8
中山综合|澜露直播,http://yp.qqqtv.top/1/api.php?id=%E4%B8%AD%E5%B1%B1%E7%BB%BC%E5%90%88&auth=666858
收藏天下,http://www.cdnstv.com:6398/hls/1118/index.m3u8
中山香山文化|澜露直播,http://yp.qqqtv.top/1/api.php?id=%E4%B8%AD%E5%B1%B1%E9%A6%99%E5%B1%B1%E6%96%87%E5%8C%96&auth=666858
中华功夫,http://www.cdnstv.com:6398/hls/1120/index.m3u
电白综合|澜露直播,http://yp.qqqtv.top/1/api.php?id=%E7%94%B5%E7%99%BD%E7%BB%BC%E5%90%88&auth=666858
河南电视剧,http://1.94.31.214/php/hntv.php?id=hndsj
电白视窗|澜露直播,http://yp.qqqtv.top/1/api.php?id=%E7%94%B5%E7%99%BD%E8%A7%86%E7%AA%97&auth=666858
河南都市,http://1.94.31.214/php/hntv.php?id=hnds
廉江综合|澜露直播,http://yp.qqqtv.top/1/api.php?id=%E5%BB%89%E6%B1%9F%E7%BB%BC%E5%90%88&auth=666858
河南法治,http://1.94.31.214/php/hntv.php?id=hmfz
佛冈综合|澜露直播,http://yp.qqqtv.top/1/api.php?id=%E4%BD%9B%E5%86%88%E7%BB%BC%E5%90%88&auth=666858
河南新闻,http://1.94.31.214/php/hntv.php?id=hnxw
连州综合|澜露直播,http://yp.qqqtv.top/1/api.php?id=%E8%BF%9E%E5%B7%9E%E7%BB%BC%E5%90%88&auth=666858
河南公共,http://1.94.31.214/php/hntv.php?id=hngg
清新综合|澜露直播,http://yp.qqqtv.top/1/api.php?id=%E6%B8%85%E6%96%B0%E7%BB%BC%E5%90%88&auth=666858
河南乡村,http://1.94.31.214/php/hntv.php?id=hnxc
清新公共|澜露直播,http://yp.qqqtv.top/1/api.php?id=%E6%B8%85%E6%96%B0%E5%85%AC%E5%85%B1&auth=666858
河南国际,http://1.94.31.214/php/hntv.php?id=hngj
潮安综合|澜露直播,http://yp.qqqtv.top/1/api.php?id=%E6%BD%AE%E5%AE%89%E7%BB%BC%E5%90%88&auth=666858
河南梨园,http://1.94.31.214/php/hntv.php?id=hnly
潮阳综合|澜露直播,http://yp.qqqtv.top/1/api.php?id=%E6%BD%AE%E9%98%B3%E7%BB%BC%E5%90%88&auth=666858
文物宝库,http://1.94.31.214/php/hntv.php?id=wwbk
增城综合|澜露直播,http://yp.qqqtv.top/1/api.php?id=%E5%A2%9E%E5%9F%8E%E7%BB%BC%E5%90%88&auth=666858
武术世界,http://1.94.31.214/php/hntv.php?id=wspd
番禺综合|澜露直播,http://yp.qqqtv.top/1/api.php?id=%E7%95%AA%E7%A6%BA%E7%BB%BC%E5%90%88&auth=666858
睛彩中原,http://1.94.31.214/php/hntv.php?id=jczy
大埔综合|澜露直播,http://yp.qqqtv.top/1/api.php?id=%E5%A4%A7%E5%9F%94%E7%BB%BC%E5%90%88&auth=666858
移动戏曲,http://1.94.31.214/php/hntv.php?id=ydxj
丰顺综合|澜露直播,http://yp.qqqtv.top/1/api.php?id=%E4%B8%B0%E9%A1%BA%E7%BB%BC%E5%90%88&auth=666858
象视界,http://1.94.31.214/php/hntv.php?id=xsj
蕉岭综合|澜露直播,http://yp.qqqtv.top/1/api.php?id=%E8%95%89%E5%B2%AD%E7%BB%BC%E5%90%88&auth=666858
河北经济,http://1.94.31.214/php/hebei.php?id=jjsh
梅县综合|澜露直播,http://yp.qqqtv.top/1/api.php?id=%E6%A2%85%E5%8E%BF%E7%BB%BC%E5%90%88&auth=666858
河北都市,http://1.94.31.214/php/hebei.php?id=hbds
平远综合|澜露直播,http://yp.qqqtv.top/1/api.php?id=%E5%B9%B3%E8%BF%9C%E7%BB%BC%E5%90%88&auth=666858
河北影视,http://1.94.31.214/php/hebei.php?id=hbys
五华综合|澜露直播,http://yp.qqqtv.top/1/api.php?id=%E4%BA%94%E5%8D%8E%E7%BB%BC%E5%90%88&auth=666858
河北少儿,http://1.94.31.214/php/hebei.php?id=sekj
广东珠江|澜露直播,http://go.bkpcp.top/mg/gdzj
河北公共,http://1.94.31.214/php/hebei.php?id=hbgg
广东体育|澜露直播,http://go.bkpcp.top/mg/gdty
河北农民,http://1.94.31.214/php/hebei.php?id=nmpd
大湾区卫视|澜露直播,http://go.bkpcp.top/mg/gddwq
河北睛彩,http://vip.lqcc.xyz:15511/rtp/239.254.200.27:6000
广东影视|澜露直播,http://go.bkpcp.top/mg/gdys
河北杂技,http://vip.lqcc.xyz:15511/rtp/239.254.201.139:7203
广东新闻|澜露直播,http://go.bkpcp.top/mg/gdxw
邢台综合,http://jwplay.hebyun.com.cn/live/xtsrmtzs/1500k/tzwj_video.m3u8
广东民生|澜露直播,http://go.bkpcp.top/mg/gdms
邢台生活,https://jwcdnqx.hebyun.com.cn/live/xtcsshpd/1500k/tzwj_video.m3u8
深圳都市|澜露直播,http://leidayu.f3322.net:8086/hls/103/index.m3u8
石家庄新闻综合,http://nn.7x9d.cn/石家庄.php?id=4
广州综合|澜露直播,https://tencentplay.gztv.com/live/zonghes.m3u8?txSecret=e381ab098841a0badbf7e11f24143cf7&txTime=18e6ff43701
石家庄城市服务,http://nn.7x9d.cn/石家庄.php?id=5
广州新闻|澜露直播,https://tencentplay.gztv.com/live/xinwen.m3u8?txSecret=d217bd6cf85c93e3b47b96504cd2dc1c&txTime=18e6ff29019
石家庄文化娱乐,http://nn.7x9d.cn/石家庄.php?id=6
广州南国都市4k|澜露直播,https://tencentplay.gztv.com/live/nanguodushi.m3u8?txSecret=babbcbacdbcf13a3311a264e4dd66b8d&txTime=191b60b41a7
邯郸公共频道,https://jwcdnqx.hebyun.com.cn/live/hdgg/1500k/tzwj_video.m3u8
广州综合|澜露直播,https://tencentplay.gztv.com/live/zonghes.m3u8?txSecret=f0147ae6453a80f5989f382368b72aad&txTime=18d00acf487
邯郸科技教育,https://jwcdnqx.hebyun.com.cn/live/hdkj/1500k/tzwj_video.m3u8
广州影视|澜露直播,https://tencentplay.gztv.com/live/yingshi.m3u8?txSecret=7e9bddad7c8911626ed1d2c09fc605d9&txTime=18d00acf487
鹿泉一套,https://jwcdnqx.hebyun.com.cn/live/luquanyi/1500k/tzwj_video.m3u8
广州新闻|澜露直播,https://tencentplay.gztv.com/live/xinwen.m3u8?txSecret=6f73647cae387d01a3c2132074132a83&txTime=18d00acf487
鹿泉二套,https://jwcdnqx.hebyun.com.cn/live/luquaner/1500k/tzwj_video.m3u8
广州法治|澜露直播,https://tencentplay.gztv.com/live/fazhi.m3u8?txSecret=4400d75d2114b2db07d86eda8f8218ee&txTime=191b60ce0f6
昌黎综合,https://jwcdnqx.hebyun.com.cn/live/clzhpd/1500k/tzwj_video.m3u8
广州影视|澜露直播,https://tencentplay.gztv.com/live/yingshi.m3u8?txSecret=d3dad1fd1a965ff59d3db3990b923267&txTime=18ee6e4efc1
西部电影,http://112.46.105.20:8009/hls/62/index.m3u8
广州法治|澜露直播,https://tencentplay.gztv.com/live/fazhi.m3u8?txSecret=c180b67d43e34b97c970524c05ef3b4e&txTime=18ee6e4efc1
新闻咨询,http://112.46.105.20:8009/hls/18/index.m3u8
广州法治|澜露直播,https://tencentplay.gztv.com/live/fazhi.m3u8?txSecret=040cda8ae37088f2b96bea7b68bd0eb5&txTime=1903e5b8abe
都市青春,http://112.46.105.20:8009/hls/19/index.m3u8
东莞综合|澜露直播,https://stream.sun0769.com/dgrtv1/mp4tv1_1500/index.m3u8
体育休闲,http://112.46.105.20:8009/hls/24/index.m3u8
东莞生活资讯|澜露直播,https://stream.sun0769.com/dgrtv1/mp4tv2_1500/index.m3u8
陕西银龄,http://112.46.105.20:8009/hls/20/index.m3u8
河源综合|澜露直播,http://tmpstream.hyrtv.cn/xwzh/sd/live.m3u8
陕西秦腔,http://112.46.105.20:8009/hls/22/index.m3u8
河源公共|澜露直播,http://tmpstream.hyrtv.cn/hygg/sd/live.m3u8
乐家购物,http://112.46.105.20:8009/hls/23/index.m3u8
梅州综合|澜露直播,http://pili-live-hls.xianchangliving.gdmztv.com:80/meizhou-xianchangliving/mztv1.m3u8
西安新闻,http://112.46.105.20:8009/hls/28/index.m3u8
客家生活|澜露直播,http://pili-live-hls.xianchangliving.gdmztv.com:80/meizhou-xianchangliving/mztv2.m3u8
西安都市,http://112.46.105.20:8009/hls/29/index.m3u8
云浮文旅|澜露直播,https://livestream.oeeee.com/slive/17807.m3u8
长影频道,http://tpc.x3322.net:9901/tsfile/live/1010_1.m3u8
韶关综合|澜露直播,https://www.sgmsw.cn/videos/tv/201805/1308/SB05RIYZOU8JR418AUQOF62CAJQ08D0E/hls/live.m3u8
安徽影视,http://112.30.194.221:20080/live/d18ff95cb1fb4bbcb56215e189fc12be/hls.m3u8
广东经济科教|澜露直播,https://pili-live-hls.kingsmedia.cn/metoo-live/ce834303bb1a4459a3ea8c4c01d3ae84.m3u8
安徽经济生活,http://112.30.194.221:20080/live/eac499adad7b49ff9cfa79ba84693959/hls.m3u8
深圳都市|澜露直播,http://livepull-tcms.sztv.com.cn/live/dslive.m3u8
安徽综艺体育,http://112.30.194.221:20080/live/c41f112b83f644ddb082669501c8ecd3/hls.m3u8
中山综合|澜露直播,http://v.zsbtv.com.cn/lsdream/qTl38me/1000/live.m3u8
湖北综合,http://[2409:8087:4c0a:22:1::11]:6410/170000001115/UmaiCHAN638072216f7da/index.m3u8?AuthInfo=9kOOdBn7MFF%2F2bWjKgahUUAdKgLqNB5aOAUhcp5CeNLx3R3LdIBdA5q61lut1LwZcw4SC2tJubc%2Bq5t%2F61jvWCtjrJL0x%2BHncPgdmcbBW9I
肇庆综合|澜露直播,http://zmylivestream.nfnews.com/zmy_slive/27872.m3u8
湖北影视,http://58.48.37.158:1111/tsfile/live/1000_1.m3u8?key=txiptv&playlive=1&authid=0
肇庆生活服务|澜露直播,http://zmylivestream.nfnews.com/zmy_slive/27871.m3u8
湖北教育,http://[2409:8087:4c0a:22:1::11]:6410/170000001115/UmaiCHAN638072a6cbbf6/index.m3u8?AuthInfo=9kOOdBn7MFF%2F2bWjKgahUUAdKgLqNB5aOAUhcp5CeNKTFQuOKNd5i0HMa3ydMWIQ6kJ2fBJGJ77BLTXK72CqUYQsX3ZguYt0954s9hfZTfc
清远新闻综合|澜露直播,http://zmylivestream.nfnews.com/zmy_slive/25319.m3u8
湖北生活,http://[2409:8087:4c0a:22:1::11]:6410/170000001115/UmaiCHAN638072c62e405/index.m3u8?AuthInfo=9kOOdBn7MFF%2F2bWjKgahUUAdKgLqNB5aOAUhcp5CeNKJPodw5BcDirSOw7egztI5bUvJjqPzSNAhrA37GrbRBIAjGQpzP0QmgsmuHnQyd2c
清远文旅生活|澜露直播,http://zmylivestream.nfnews.com/zmy_slive/25321.m3u8
湖北公共新闻,http://58.48.37.158:1111/tsfile/live/1001_1.m3u8?key=txiptv&playlive=1&authid=0
云浮综合|澜露直播,https://livestream.oeeee.com/slive/28283.m3u8
湖北经视,http://58.48.37.158:1111/tsfile/live/0019_1.m3u8?key=txiptv&playlive=1&authid=0
云浮文旅|澜露直播,https://livestream.oeeee.com/slive/28284.m3u8
湖北垄上,http://[2409:8087:4c0a:22:1::11]:6410/170000001115/UmaiCHAN638072463c333/index.m3u8?AuthInfo=9kOOdBn7MFF%2F2bWjKgahUUAdKgLqNB5aOAUhcp5CeNL%2Be1h4FfA5QqwJ7IPOz3p2qIS7djSxm17Htd%2FckZkm%2FVqsKHEJFJt26ju9iibzMEo
阳江-1|澜露直播,https://live.yjtvw.com:8081/live/yjtv1.m3u8
武汉新闻综合,http://stream.appwuhan.com/1tzb/sd/live.m3u8
阳江-2|澜露直播,https://live.yjtvw.com:8081/live/yjtv2.m3u8
武汉电视剧,http://stream.appwuhan.com/2tzb/sd/live.m3u8
湛江新闻综合|澜露直播,http://gbtv-hls-wjq.zjwtv.com/zjtv/zhpd.m3u8
武汉科技生活,http://stream.appwuhan.com/3tzb/sd/live.m3u8
湛江公共|澜露直播,http://gbtv-hls-wjq.zjwtv.com/zjtv/ggpd.m3u8
武汉经济,http://stream.appwuhan.com/4tzb/sd/live.m3u8
韶关综合|澜露直播,https://live.sgmsw.cn/hls/lhx1FUeZg/playlist.m3u8
武汉文体,http://stream.appwuhan.com/5tzb/sd/live.m3u8
汕头综合|澜露直播,http://124.222.114.206/sxtv.php?id=st1
武汉外语,http://stream.appwuhan.com/6tzb/sd/live.m3u8
汕头生活|澜露直播,http://124.222.114.206/sxtv.php?id=st2
江夏新闻综合,http://59.175.226.142:280/gb28181/xwzh.m3u8?zhubd
揭阳综合|澜露直播,http://hls-jyrtv.jyrtv.tv/stjy2020/zhpd.m3u8
十堰新闻,http://p8.vzan.com/slowlive/034028687228317362/live.m3u8
揭阳生活|澜露直播,http://hls-jyrtv.jyrtv.tv/stjy2020/ggpd.m3u8
海峡卫视,http://8.138.7.223/tv/hxws.m3u8
潮州综合1|澜露直播,http://livezhpd.czbtv.com:38880/live/ctvzhpd.m3u8?secret=czbtv20250301
厦门卫视,http://8.138.7.223/tv/fjtv1.php?id=xmws
潮州民生1|澜露直播,http://livezhpd.czbtv.com:38880/live/ggpd.m3u8?secret=czbtv20250301
福建综合,http://8.138.7.223/tv/fjtv1.php?id=fjzh
丰顺综合|澜露直播,https://p2.vzan.com/701678271/024926084736123670/live.m3u8
福建新闻,http://8.138.7.223/tv/fjtv1.php?id=fjxw
深圳龙岗|澜露直播,http://zhfw-t.szlg.com:8080/live/television1.m3u8
福建乡村振兴公共,http://8.138.7.223/tv/fjtv1.php?id=fjxc
广州综合|澜露直播,http://47.108.20.161:8866/guangdong/guangzhou.php?id=zhonghe
福建电视剧,http://8.138.7.223/tv/fjtv1.php?id=fjdsj
广州新闻|澜露直播,http://47.108.20.161:8866/guangdong/guangzhou.php?id=xinwen
福建旅游,http://8.138.7.223/tv/fjtv1.php?id=fjly
广州法治|澜露直播,http://47.108.20.161:8866/guangdong/guangzhou.php?id=fazhi
福建经济,http://8.138.7.223/tv/fjtv1.php?id=fjjj
广州都市|澜露直播,http://47.108.20.161:8866/guangdong/guangzhou.php?id=shenghuo
福建文体,http://8.138.7.223/tv/fjtv1.php?id=fjwt
揭阳综合|澜露直播,http://47.108.20.161:8866/guangdong/jieyang.php?id=jyzh
福建少儿,http://8.138.7.223/tv/fjtv1.php?id=fjse
揭阳生活|澜露直播,http://47.108.20.161:8866/guangdong/jieyang.php?id=jysh
福州新闻综合,http://8.138.7.223/tv/fjtv1.php?id=fz1
深圳卫视|澜露直播,http://47.108.20.161:8866/guangdong/shenzhen.php?id=szws
漳州新闻综合,http://8.138.7.223/tv/fjtv1.php?id=zz1
深圳都市|澜露直播,http://47.108.20.161:8866/guangdong/shenzhen.php?id=szds
泉州新闻综合,http://8.138.7.223/tv/fjtv1.php?id=qz1
深圳电视剧|澜露直播,http://47.108.20.161:8866/guangdong/shenzhen.php?id=szdsj
三明综合,http://8.138.7.223/tv/fjtv1.php?id=sm1
深圳财经生活|澜露直播,http://47.108.20.161:8866/guangdong/shenzhen.php?id=szcj
莆田综合,http://8.138.7.223/tv/fjtv1.php?id=pt1
深圳少儿|澜露直播,http://47.108.20.161:8866/guangdong/shenzhen.php?id=szse
南平综合,http://8.138.7.223/tv/fjtv1.php?id=np1
深圳移动|澜露直播,http://47.108.20.161:8866/guangdong/shenzhen.php?id=szyd
龙岩综合,http://8.138.7.223/tv/fjtv1.php?id=ly1
深圳国际|澜露直播,http://47.108.20.161:8866/guangdong/shenzhen.php?id=szgj
宁德新闻综合,http://8.138.7.223/tv/fjtv1.php?id=nd1
贵州公共|澜露直播,http://47.108.20.161:8866/guizhou/guizhou.php?id=gzgg
平潭综合,http://8.138.7.223/tv/fjtv1.php?id=pttv
贵州3台|澜露直播,http://47.108.20.161:8866/guizhou/guizhou.php?id=gzwy
海南自贸,http://nn.7x9d.cn/地方台8563/海南.php?id=jjpd
贵州4台|澜露直播,http://47.108.20.161:8866/guizhou/guizhou.php?id=gzsh
海南新闻,http://nn.7x9d.cn/地方台8563/海南.php?id=xwpd
贵州5台|澜露直播,http://47.108.20.161:8866/guizhou/guizhou.php?id=gzfz
海南公共,http://nn.7x9d.cn/地方台8563/海南.php?id=ggpd
贵州6台|澜露直播,http://47.108.20.161:8866/guizhou/guizhou.php?id=gzkj
海南文旅,http://nn.7x9d.cn/地方台8563/海南.php?id=wlpd
贵州7台|澜露直播,http://47.108.20.161:8866/guizhou/guizhou.php?id=gzjj
海南少儿,http://nn.7x9d.cn/地方台8563/海南.php?id=sepd
贵州移动|澜露直播,http://47.108.20.161:8866/guizhou/guizhou.php?id=gzyd
黑龙江新闻法治,http://[2409:8087:1a01:df::7005]/ottrrs.hl.chinamobile.com/PLTV/88888888/224/3221226330/index.m3u8
海南卫视|澜露直播,http://nn.7x9d.cn/地方台8563/海南.php?id=hnws
黑龙江公共农村,http://ottrrs.hl.chinamobile.com/PLTV/88888888/224/3221225994/index.m3u8
海口新闻综合|澜露直播,http://p2.weizan.cn/11763520/218605596729758130/live.m3u8
黑龙江文体,http://[2409:8087:1a01:df::7005]/ottrrs.hl.chinamobile.com/PLTV/88888888/224/3221226239/index.m3u8
海口城乡经济|澜露直播,http://p2.weizan.cn/11763520/437504960339513614/live.m3u8
黑龙江都市,http://[2409:8087:1a01:df::7005]/ottrrs.hl.chinamobile.com/PLTV/88888888/224/3221226301/index.m3u8
海口生活娱乐|澜露直播,http://p2.weizan.cn/11763520/862975416677893268/live.m3u8
黑龙江少儿,http://[2409:8087:1a01:df::7005]/ottrrs.hl.chinamobile.com/PLTV/88888888/224/3221226304/index.m3u8
海口新闻综合|澜露直播,https://www.hkbtv.cn/live/tv1001.m3u8
黑龙江影视,http://[2409:8087:1a01:df::7005]/ottrrs.hl.chinamobile.com/PLTV/88888888/224/3221226298/index.m3u8
海口城乡经济|澜露直播,https://www.hkbtv.cn/live/tv2502.m3u8
哈尔滨新闻综合,http://stream.hrbtv.net/xwzh/sd/live.m3u8?zheild
海口生活娱乐|澜露直播,https://www.hkbtv.cn/live/tv2503.m3u8
哈尔滨影视,http://stream.hrbtv.net/yspd/sd/live.m3u8?zheild
海口新闻综合|澜露直播,http://153.0.158.159:16080/live/hktv1.m3u8
哈尔滨生活,http://stream.hrbtv.net/shpd/sd/live.m3u8?zheild
海口城乡经济|澜露直播,http://153.0.158.159:16080/live/hktv2.m3u8
哈尔滨娱乐,http://stream.hrbtv.net/ylpd/sd/live.m3u8?zheild
海口生活娱乐|澜露直播,http://153.0.158.159:16080/live/hktv3.m3u8
哈尔滨都市咨询,http://stream.hrbtv.net/zxpd/sd/live.m3u8?zheild
海南卫视|澜露直播,https://livelyws.chinamcache.com/lyws/zb03.flv
七台河新闻综合,http://live.qthnews.org.cn:1935/live/live1/800k/tzwj_video.m3u8
三沙卫视|澜露直播,http://47.108.20.161:8866/hainan/hainan.php?id=ssws
七台河民生社教,http://live.qthnews.org.cn:1935/live/live2/800k/tzwj_video.m3u8
海南文旅|澜露直播,http://47.108.20.161:8866/hainan/hainan.php?id=wlpd
内蒙新闻,https://livestream-bt.nmtv.cn/nmtv/2316general.m3u8?txSecret=b4373417a82ed64e52b0982a66da8df2&txTime=771E8800
海南自贸|澜露直播,http://47.108.20.161:8866/hainan/hainan.php?id=jjpd
内蒙经济,https://livestream-bt.nmtv.cn/nmtv/2317general.m3u8?txSecret=112b2c4c872de52b0f37aff6ead63ef0&txTime=771E8800
海南公共|澜露直播,http://47.108.20.161:8866/hainan/hainan.php?id=ggpd
内蒙少儿,https://livestream-bt.nmtv.cn/nmtv/2318general.m3u8?txSecret=a2c948908728a0733cecbe1fadea23dc&txTime=771E8800
海南少儿|澜露直播,http://47.108.20.161:8866/hainan/hainan.php?id=sepd
内蒙文体,https://livestream-bt.nmtv.cn/nmtv/2319general.m3u8?txSecret=c7b5c515d2bb6df442492d54955329a3&txTime=771E8800
石家庄综合|澜露直播,http://47.108.20.161:8866/hebei/shijiazhuang.php?id=sjzxwzh
内蒙农牧,https://livestream-bt.nmtv.cn/nmtv/2320general.m3u8?txSecret=4d368a175afa19737a9f5be10af24fe2&txTime=771E8800
石家庄文化|澜露直播,http://47.108.20.161:8866/hebei/shijiazhuang.php?id=sjzcsfw
蒙语卫视,https://livestream-bt.nmtv.cn/nmtv/2315general.m3u8?txSecret=4971666599ef9411629213c9a300bf66&txTime=771EF880
河南公共|澜露直播,http://47.108.20.161:8866/henan/henan.php?id=hngg
蒙语文化,https://livestream-bt.nmtv.cn/nmtv/2321general.m3u8?txSecret=d9d0fd7a252ef56b515c46a2e21830f4&txTime=771E8800
CCTV卫生健康,http://38.75.136.137:98/gslb/dsdqpub/wsjk.m3u8?auth=testpub
呼市新闻综合,https://livestream-bt.nmtv.cn/nmtv/2331general.m3u8?txSecret=4d7342ca5cd74480526ab6d292247aff&txTime=771E8800
邵氏电影,http://38.75.136.137:98/gslb/dsdqpub/lbssdy.m3u8?auth=testpub
包头新闻综合,https://livestream-bt.nmtv.cn/nmtv/2358general.m3u8?txSecret=98390a77c143a68f0fd64bfe6e181dcb&txTime=771E8800
邵氏武侠,http://38.75.136.137:98/gslb/dsdqpub/lbsswx.m3u8?auth=testpub
鄂尔多斯新闻,https://livestream-bt.nmtv.cn/nmtv/2349general.m3u8?txSecret=e44477052aba305cadeea45aaf1c674a&txTime=771E8800
中国气象,http://38.75.136.137:98/gslb/dsdqpub/zgqx.m3u8?auth=testpub
巴彦淖尔新闻,https://livestream-bt.nmtv.cn/nmtv/2348general.m3u8?txSecret=6a4ddce077e41b976fe33619fbef2b30&txTime=771E8800
抗战经典影片|澜露直播,https://3.69mini.com/mg.php?token=f15f3e862ab62e08d0283726d1438e
赤峰新闻综合,https://livestream-bt.nmtv.cn/nmtv/2351general.m3u8?txSecret=8857087aeec2cec44d178a18550fdb8a&txTime=771E8800
CHC影迷电影|澜露直播,https://3.69mini.com/mg.php?token=b203eeeee8464a258ef07e20a65e74
乌兰察布新闻,https://livestream-bt.nmtv.cn/nmtv/2354general.m3u8?txSecret=cf5f71d0000862b18f5813607b3dfd5b&txTime=771E8800
CHC动作电影|澜露直播,https://3.69mini.com/mg.php?token=2bbf90e84f29cedff0512ea6a2a4a1
黄河电视台,http://liveflash.sxrtv.com/live/huanghe.m3u8?sub_m3u8=true&edge_slice=true
CHC家庭影院|澜露直播,https://3.69mini.com/mg.php?token=8a8dcba291c0ecaf486f5acb0f442f
山西经济与科技,http://liveflash.sxrtv.com/live/sxfinance.m3u8?sub_m3u8=true&edge_slice=true
新片放映厅|澜露直播,https://3.69mini.com/mg.php?token=d7561168af803fe38125a894de1cd8
山西影视,http://liveflash.sxrtv.com/live/sxfilm.m3u8?sub_m3u8=true&edge_slice=true
东方卫视|澜露直播,https://3.69mini.com/mg.php?token=667f3d2a86279e7f4ac85f75dfa76a
山西社会与法治,http://liveflash.sxrtv.com/live/sxedu.m3u8?sub_m3u8=true&edge_slice=true
江苏卫视|澜露直播,https://3.69mini.com/mg.php?token=3771c1dd02da485d4f02c26b366bb6
山西文体生活,http://liveflash.sxrtv.com/live/sxpublic.m3u8?sub_m3u8=true&edge_slice=true
广东卫视|澜露直播,https://3.69mini.com/mg.php?token=9fa6a82f71e3cdd9b740fb1b0d5bf1
宁夏公共,https://hls.ningxiahuangheyun.com/live/nxgg1M.m3u8
江西卫视|澜露直播,https://3.69mini.com/mg.php?token=597eff85928a0b7dce33f6e8993e50
宁夏经济,https://hls.ningxiahuangheyun.com/live/nxjj1M.m3u8
河南卫视|澜露直播,https://3.69mini.com/mg.php?token=b9b5312d1e25c0eedf65883e9c562e
宁夏少儿,https://hls.ningxiahuangheyun.com/live/nxse1M.m3u8
陕西卫视|澜露直播,https://3.69mini.com/mg.php?token=6927f1eddc12566c9b361fd54a521c
宁夏文旅,https://hls.ningxiahuangheyun.com/live/nxwl1M.m3u8
大湾区卫视|澜露直播,https://3.69mini.com/mg.php?token=c8261eebad40a8e6ff429e43b38cd6
甘肃经济,https://hls.gstv.com.cn/49048r/10iv1j.m3u8
湖北卫视|澜露直播,https://3.69mini.com/mg.php?token=addf3665628d7802f46af200b222e5
甘肃公共应急,https://hls.gstv.com.cn/49048r/3t5xyc.m3u8
吉林卫视|澜露直播,https://3.69mini.com/mg.php?token=7d4a274d951e5012ab9f3ef40dbd45
甘肃都市,https://hls.gstv.com.cn/49048r/l54391.m3u8
青海卫视|澜露直播,https://3.69mini.com/mg.php?token=ba470cd7f45428bd7000a25f12180c
甘肃少儿,https://hls.gstv.com.cn/49048r/922k96.m3u8
东南卫视|澜露直播,https://3.69mini.com/mg.php?token=50bb6823f9afd7b68a1c46f73ec80d
甘肃文化影视,https://hls.gstv.com.cn/49048r/w1l6d5.m3u8
海南卫视|澜露直播,https://3.69mini.com/mg.php?token=0ea6b6ac64c567a83144163c6daf7a
赣州新闻,https://pili-live-hls-sjxgz2024.sobeylive.com/jxgz2024/396_q_live172526329228525.m3u8
海峡卫视|澜露直播,https://3.69mini.com/mg.php?token=fe26cdf58ac3a97b98e64c874bcb87
赣州新闻综合,http://play-live-hls.jxtvcn.com.cn/live/tv_ganzhou.m3u8
农林卫视|澜露直播,https://3.69mini.com/mg.php?token=b2a0f10c7191f75736777c6f46aa3d
赣州公共,https://pili-live-hls-sjxgz2024.sobeylive.com/jxgz2024/396_q_live172526334096251.m3u8
兵团卫视|澜露直播,https://3.69mini.com/mg.php?token=3b1eb95e6dedbbecd4ac3f9677161b
赣州教育,https://pili-live-hls-sjxgz2024.sobeylive.com/jxgz2024/396_q_live172526335287668.m3u8
东方影视|澜露直播,https://3.69mini.com/mg.php?token=78686beaf2a499e1fe27c4b35f0746
1983年春晚,http://txmov2.a.kwimgs.com/bs3/video-hls/5207287136834522947_hlshd15.m3u8
上海新闻|澜露直播,https://3.69mini.com/mg.php?token=b56074e895de7d59ff4dde54989519
1984年春晚,https://txmov2.a.kwimgs.com/bs3/video-hls/5229242184269609742_hlshd15.m3u8
第一财经|澜露直播,https://3.69mini.com/mg.php?token=7dce3cac1f5824779da3ee2dcee970
1985年春晚,http://txmov2.a.kwimgs.com/bs3/video-hls/5227271857652377954_hlshd15.m3u8
江苏城市|澜露直播,https://3.69mini.com/mg.php?token=4b9d0fd0148c79d499c94fd7befa19
1986年春晚,https://txmov2.a.kwimgs.com/bs3/video-hls/5231493982164619599_hlshd15.m3u8
江苏综艺|澜露直播,https://3.69mini.com/mg.php?token=4103fd090f316c89a0d2977e422d65
1987年春晚,https://txmov2.a.kwimgs.com/bs3/video-hls/5195746663405928031_hlsb.m3u8
江苏影视|澜露直播,https://3.69mini.com/mg.php?token=d744c1705586a86892f77eea0105d8
1988年春晚,https://txmov2.a.kwimgs.com/bs3/video-hls/5216575810935394655_hlsb.m3u8
江苏公共|澜露直播,https://3.69mini.com/mg.php?token=581976c375364f01282bb4e5c9e785
1989年春晚,https://txmov2.a.kwimgs.com/bs3/video-hls/5194620763762726260_hlsb.m3u8
江苏国际|澜露直播,https://3.69mini.com/mg.php?token=80ad1e65541e17d2c2cb7d473f79ed
1992年春晚,https://txmov2.a.kwimgs.com/bs3/video-hls/5256826755663896297_hlshd15.m3u8
江苏教育|澜露直播,https://3.69mini.com/mg.php?token=320ddbe6a60299143daca7f3392255
1993年春晚,https://alimov2.a.kwimgs.com/upic/2023/01/13/22/BMjAyMzAxMTMyMjEwMDNfNDAzMDAxOTlfOTM1MTIzMzYwODJfMF8z_b_B647d10e431b4cc5e48e6c77347d69021.mp4
江苏体育|澜露直播,https://3.69mini.com/mg.php?token=061bd4329242ae5900f6cb39c03a45
1994年春晚,https://alimov2.a.kwimgs.com/upic/2023/01/13/22/BMjAyMzAxMTMyMjEwMDNfNDAzMDAxOTlfOTM1MTIzMzYxMjNfMF8z_b_B3dde97f36273f04403d4dc5eec611a35.mp4
优漫卡通|澜露直播,https://3.69mini.com/mg.php?token=fb7fc4550a529fabe0b72942911705
1995年春晚,https://alimov2.a.kwimgs.com/upic/2023/01/13/20/BMjAyMzAxMTMyMDA5MjJfNDAzMDAxOTlfOTM0OTkwNDQwNzVfMF8z_b_B811c0dec6b9a3d3074a18522c185010a.mp4
南京新闻|澜露直播,https://3.69mini.com/mg.php?token=7c387db8bbe7f3339af96e462d34cf
1996年春晚,https://alimov2.a.kwimgs.com/upic/2023/01/13/22/BMjAyMzAxMTMyMjEwMDNfNDAzMDAxOTlfOTM1MTIzMzYxNTJfMF8z_b_Bd841eae10ab1c9955ef55fbedfae6c45.mp4
南京教科|澜露直播,https://3.69mini.com/mg.php?token=b2fa5816fcc590528ac521cc6511a3
1997年春晚,https://txmov2.a.kwimgs.com/bs3/video-hls/5230649583590411879_hlshd15.m3u8
南京十八|澜露直播,https://3.69mini.com/mg.php?token=0760872bf04e4b20b50e93a107b727
1998年春晚,https://txmov2.a.kwimgs.com/bs3/video-hls/5225864507896315430_hlshd15.m3u8
淮安新闻|澜露直播,https://3.69mini.com/mg.php?token=1350b5c7cee45443e1cadc02a2a143
1999年春晚,https://txmov2.a.kwimgs.com/bs3/video-hls/5258234133675308186_hlshd15.m3u8
连云港新闻|澜露直播,https://3.69mini.com/mg.php?token=d6e6c926ec2c813d07b88e83559cd4
2000年春晚,https://alimov2.a.kwimgs.com/upic/2023/01/13/21/BMjAyMzAxMTMyMTE4MzRfNDAzMDAxOTlfOTM1MDY4ODIxMTNfMF8z_b_Bdddf4e7ef0ff6cfd477857bb40e78419.mp4
苏州新闻|澜露直播,https://3.69mini.com/mg.php?token=c46a7d9cccc30dd64f4111054678ce
2001年春晚,https://alimov2.a.kwimgs.com/upic/2023/01/13/20/BMjAyMzAxMTMyMDA5MjJfNDAzMDAxOTlfOTM0OTkwNDQyMDFfMF8z_b_B70592cb7c4054e9cabb675e849bbf4bd.mp4
泰州新闻|澜露直播,https://3.69mini.com/mg.php?token=a14cddbbceceb86f2c314983a14e9b
2002年春晚,https://alimov2.a.kwimgs.com/upic/2023/01/13/21/BMjAyMzAxMTMyMTE4MzRfNDAzMDAxOTlfOTM1MDY4ODIxNDdfMF8z_b_Ba6271d10b7e6cfae83759033a091f257.mp4
宿迁新闻|澜露直播,https://3.69mini.com/mg.php?token=ffc8aa8209a8b75150c34db342be48
2003年春晚,https://alimov2.a.kwimgs.com/upic/2023/01/14/23/BMjAyMzAxMTQyMzQxNDdfNDAzMDAxOTlfOTM2MTU0MTk1NDFfMF8z_b_B182749d2cd2ea9323639254af385f24b.mp4
徐州新闻|澜露直播,https://3.69mini.com/mg.php?token=c6990ad15583684264f80b7150f6e3
2004年春晚,https://alimov2.a.kwimgs.com/upic/2023/01/13/21/BMjAyMzAxMTMyMTE4MzRfNDAzMDAxOTlfOTM1MDY4ODIxOTVfMF8z_b_B86c4430b82ff5a7f4e8132f6ee558536.mp4
广东影视|澜露直播,https://3.69mini.com/mg.php?token=2f26c65a6916e1ddfd754301c188fd
2005年春晚,https://alimov2.a.kwimgs.com/upic/2023/01/13/20/BMjAyMzAxMTMyMDA5MjJfNDAzMDAxOTlfOTM0OTkwNDQyMzhfMF8z_b_B35ad7cc86aec8fc9e5ddfb31fc7bed63.mp4
嘉佳卡通|澜露直播,https://3.69mini.com/mg.php?token=de381f782124668e264e7bb8b5e3ae
2006年春晚,https://alimov2.a.kwimgs.com/upic/2023/01/13/20/BMjAyMzAxMTMyMDA5MjJfNDAzMDAxOTlfOTM0OTkwNDQyNzlfMF8z_b_Bbc3703fc331dc994c50859c19aad28ff.mp4
盐城新闻|澜露直播,https://3.69mini.com/mg.php?token=1db371c0078a4d2ac13a5f79f521e3
2007年春晚,https://alimov2.a.kwimgs.com/upic/2023/01/13/20/BMjAyMzAxMTMyMDA5MjJfNDAzMDAxOTlfOTM0OTkwNDQzMjNfMF8z_b_B00b069c7899976459ceeaa99353dfefe.mp4
南通新闻|澜露直播,https://3.69mini.com/mg.php?token=84391b2c2b2d92150a1647050243b1
2008年春晚,https://txmov2.a.kwimgs.com/bs3/video-hls/5210946337266019890_hlshd15.m3u8
宜兴新闻|澜露直播,https://3.69mini.com/mg.php?token=27adcd67ea46eff6eebd8e2ae44856
2009年春晚,https://alimov2.a.kwimgs.com/upic/2023/01/13/20/BMjAyMzAxMTMyMDA5MjJfNDAzMDAxOTlfOTM0OTkwNDQzOTBfMF8z_b_B29a36a85e0277f6c2a1f033ef7c10708.mp4
溧水新闻|澜露直播,https://3.69mini.com/mg.php?token=240dc776af7fde3689cbcd31d42e6c
2010年春晚,https://alimov2.a.kwimgs.com/upic/2023/01/13/20/BMjAyMzAxMTMyMDA5MjJfNDAzMDAxOTlfOTM0OTkwNDQ0MjlfMF8z_b_B8818807a00eed329a69fb494f405bd43.mp4
陕西秦腔|澜露直播,https://3.69mini.com/mg.php?token=78ca1328c5b3dd94600b6e8f91b913
2011年春晚,https://txmov2.a.kwimgs.com/bs3/video-hls/5243597434070590481_hlshd15.m3u8
陕西新闻|澜露直播,https://3.69mini.com/mg.php?token=559a87e8a2dcd238503ebeddc7fe68
2012年春晚,https://txmov2.a.kwimgs.com/bs3/video-hls/5219953534755647343_hlshd15.m3u8
财富天下|澜露直播,https://3.69mini.com/mg.php?token=4492e10b5748b839ae67447cccecbb
2013年春晚,https://alimov2.a.kwimgs.com/upic/2023/01/13/20/BMjAyMzAxMTMyMDA5MjJfNDAzMDAxOTlfOTM0OTkwNDQ1NjNfMF8z_b_B4fea55408dca4471a68a963ae096be59.mp4
TVB1,https://6.cdn.loc.cc/163189.php?id=tvb1
2014年春晚,https://alimov2.a.kwimgs.com/upic/2023/01/06/16/BMjAyMzAxMDYxNjMxMTNfNDAzMDAxOTlfOTI4OTY2ODAzNjlfMF8z_b_Bdee65c77f9e7b2120a185c919dad81d2.mp4
TVBJ1,http://php.jdshipin.com/TVOD/iptv.php?id=j1
2015年春晚,https://txmov2.a.kwimgs.com/bs3/video-hls/5248101009010430183_hlshd15.m3u8
TVB星河,https://cdn6.101.qzz.io/163189/tvbxh
2016年春晚,https://txmov2.a.kwimgs.com/bs3/video-hls/5238530884094441260_hlshd15.m3u8
ViuTV,https://cdn.163189.xyz/163189/viu
2017年春晚,https://txmov2.a.kwimgs.com/bs3/video-hls/5191524564569524830_hlshd15.m3u8
ViuTV,http://r.jdshipin.com/vSJvl
2018年春晚,https://alimov2.a.kwimgs.com/upic/2023/01/06/16/BMjAyMzAxMDYxNjMxMTRfNDAzMDAxOTlfOTI4OTY2ODE2MTBfMF8z_b_B11a778e34390a21de42d407e94f45b91.mp4
ViuTV,http://php.jdshipin.com/TVOD/iptv.php?id=viutv2
2019年春晚,https://alimov2.a.kwimgs.com/upic/2023/01/06/16/BMjAyMzAxMDYxNjMxMTRfNDAzMDAxOTlfOTI4OTY2ODE2MTBfMF8z_b_B11a778e34390a21de42d407e94f45b91.mp4
ViuTV6,http://hls.168.us.kg/u/96/master.m3u8
2020年春晚,https://txmov2.a.kwimgs.com/bs3/video-hls/5222205336887088723_hlshd15.m3u8
ViuTV6,http://api.kkitv.itv888.vip:8080/streams/bvdslcl5cts/index.m3u8
2021年春晚,https://txmov2.a.kwimgs.com/bs3/video-hls/5255700831151909807_hlshd15.m3u8
RHK31,http://php.jdshipin.com/TVOD/iptv.php?id=rthk31
2022年春晚,https://txmov2.a.kwimgs.com/bs3/video-hls/5224457109297710655_hlshd15.m3u8
RHK32,http://api.kkitv.itv888.vip:8080/streams/emzampd6m1i/index.m3u8
2023年春晚,https://txmov2.a.kwimgs.com/bs3/video-hls/5251197255879398624_hlshd15.m3u8
RHK32,http://php.jdshipin.com/TVOD/iptv.php?id=rthk32
2024年春晚,https://p2.bdstatic.com/rtmp.liveshow.lss-user.baidubce.com/live/stream_bduid_6488563992_8982723413/merged_1707497046297_88536_25144_41936.m3u8
Now直播,http://hls.168.us.kg/u/331/master.m3u8
2025年春晚,https://svipsvip.ffzyread1.com/20250129/35458_c988286f/index.m3u8
Now财经,http://hls.168.us.kg/u/333/master.m3u8
2025年春晚 4K,https://svip.high24-playback.com/20250129/17159_7bca93c4/2000k/hls/mixed.m3u8
镜新闻,https://d36dgdk71xuzzg.cloudfront.net/v1/manifest/3a2ac8e6b6c76471996ebf627393d9c9417a60b6/linetv-6-627778910172-MediaTailor-production/c9b2313d-efdd-4777-9fae-573be8a86755/0.m3u8
BBC,http://fl2.moveonjoy.com/BBC_WORLD_NEWS/index.m3u8
镜新闻,http://211.23.125.95:50007/4gtv-4gtv075/index.m3u8?proxy=true
CNA,https://d2e1asnsl7br7b.cloudfront.net/7782e205e72f43aeb4a48ec97f66ebbe/index_5.m3u8
华视新闻资讯,http://211.23.125.95:50007/4gtv-4gtv052/index.m3u8?proxy=true
CNN,https://jmp2.uk/sam-GBBD8000016N.m3u8
中视,http://211.23.125.95:50007/4gtv-4gtv040/index.m3u8?proxy=true
Fox LiveNow,https://jmp2.uk/sam-USBA300024TN.m3u8
华视,http://211.23.125.95:50007/4gtv-4gtv041/index.m3u8?proxy=true
CBC News,https://dbrb49pjoymg4.cloudfront.net/v1/master/3fec3e5cac39a52b2132f9c66c83dae043dc17d4/prod_default_xumo-ams-aws/master.m3u8?ads.xumo_channelId=99991276
天映,http://php.jdshipin.com/smt.php?id=Celestial
ABC News Live,https://d4ybyqrhce41r.cloudfront.net/v1/master/3fec3e5cac39a52b2132f9c66c83dae043dc17d4/prod-xumo-linear-nbcu-hlsv3/master.m3u8?ads.channelId=99991626
天映,http://php.jdshipin.com:8880/smt.php?id=Celestial
WionNews,https://d7x8z4yuq42qn.cloudfront.net/index_7.m3u8
龙华经典,https://cdn8.163189.xyz/163189/lhjd
NHK World,https://nhkwlive-ojp.akamaized.net/hls/live/2003459/nhkwlive-ojp-en/index.m3u8
龙华偶像,https://cdn8.163189.xyz/163189/lhox
NBC News Now,https://jmp2.uk/sam-GBBB1500004LG.m3u8
龙华日韩,https://cdn8.163189.xyz/163189/lhrh
Sky News,https://i.mjh.nz/SamsungTVPlus/USBB52000022Q.m3u8
欧洲华文电视,http://oh.eztv.vip/live/eztv1.m3u8
Al Jazeera,http://live-hls-web-aje.getaj.net/AJE/01.m3u8
亚洲卫视,https://p2hs.vzan.com/slowlive/821481626725612419/live.m3u8
Arirang,https://amdlive-ch01-ctnd-com.akamaized.net/arirang_1ch/smil:arirang_1ch.smil/chunklist_b3256000_sleng.m3u8
香港环球卫视,https://play.xghqws.cn/yunqing888/yunqing888.m3u8?auth_key=1731294000-0-0-0942b140da60167a47c1f2d685f702b2&rts_degrade=on
日本全天新闻,https://n24-cdn-live.ntv.co.jp/ch01/index_high.m3u8
环球电视,http://utv1.hqtvzb.com:9999/hls/world.m3u8
TRT World,https://tv-trtworld.live.trt.com.tr/master_1080.m3u8
◆◆◆　https://fy.188766.xyz/?ip=192.168.1.2%E5%86%B0%E8%8C%B6
◆◆◆　http://bxtv.3a.ink/live.txt
◆◆◆　https://15280.kstore.space/%E5%A5%A5%E5%8F%B0.txt
◆◆◆　https://iptv.catvod.com/tv.m3u
🎁 免费试看 - 每日随机10个,https://cdn.jsdelivr.net/gh/namegenliang/fast-github-access@main/hosts/1080p.m3u8
AXS TV Now,https://dikcfc9915kp8.cloudfront.net/hls/1080p/playlist.m3u8
🎁 CCTV4,https://iptv.catvod.com/live.php?id=CCTV4&line=3
Bloomberg Asia,https://epg.pw/stream/d2edf469b9079064a283f4b0811cbf6f2597ebbb3d08dcf77036a4b5a791b7cf.m3u8
🎁 CCTV4,https://iptv.catvod.com/live.php?id=CCTV4&line=6
Bloomberg Originals,https://i.mjh.nz/SamsungTVPlus/GBBC900012J9.m3u8
🎁 广东卫视,https://iptv.catvod.com/live.php?id=%E5%B9%BF%E4%B8%9C%E5%8D%AB%E8%A7%86&line=1
Fashion TV,http://91.247.68.229:8000/play/Fashion/index.m3u8
🎁 广东卫视,https://iptv.catvod.com/live.php?id=%E5%B9%BF%E4%B8%9C%E5%8D%AB%E8%A7%86&line=2
Trace Sports,https://lightning-tracesport-samsungau.amagi.tv/playlist1080p.m3u8
🎁 广东卫视,https://iptv.catvod.com/live.php?id=%E5%B9%BF%E4%B8%9C%E5%8D%AB%E8%A7%86&line=3
RT News（英语国际）,https://rt-glb.rttv.com/dvr/rtnews/playlist_4500Kb.m3u8
🎁 广东卫视,https://iptv.catvod.com/live.php?id=%E5%B9%BF%E4%B8%9C%E5%8D%AB%E8%A7%86&line=4
RT Español（西语）,https://rt-esp.rttv.com/dvr/rtesp/playlist_4500Kb.m3u8
🎁 广东卫视,https://iptv.catvod.com/live.php?id=%E5%B9%BF%E4%B8%9C%E5%8D%AB%E8%A7%86&line=5
RT Français（法语）,https://rt-fra.rttv.com/dvr/rtfrance/playlist_4500Kb.m3u8
🎁 广东卫视,https://iptv.catvod.com/live.php?id=%E5%B9%BF%E4%B8%9C%E5%8D%AB%E8%A7%86&line=6
RT Arabic（阿语）,https://rt-arb.rttv.com/dvr/rtarab/playlist_4500Kb.m3u8
🎁 广东卫视,https://iptv.catvod.com/live.php?id=%E5%B9%BF%E4%B8%9C%E5%8D%AB%E8%A7%86&line=7
RT DE（德语）,https://rt-ger.rttv.com/dvr/rtdeutsch/playlist_4500Kb.m3u8
🎁 广东卫视,https://iptv.catvod.com/live.php?id=%E5%B9%BF%E4%B8%9C%E5%8D%AB%E8%A7%86&line=8
RT Balkan （塞尔维亚语）,https://rt-srb.rttv.com/dvr/rtbalkan/playlist_4500Kb.m3u8
🎁 广东卫视,https://iptv.catvod.com/live.php?id=%E5%B9%BF%E4%B8%9C%E5%8D%AB%E8%A7%86&line=9
RT Documentary（英语纪录）,https://rt-rtd.rttv.com/dvr/rtdoc/playlist_4500Kb.m3u8
🎁 广东卫视,https://iptv.catvod.com/live.php?id=%E5%B9%BF%E4%B8%9C%E5%8D%AB%E8%A7%86&line=10
RT Doc-Русский（俄语纪录）,https://rt-doc.rttv.com/dvr/rtdru/rtdru1080.m3u8
🎁 河北卫视,https://iptv.catvod.com/live.php?id=%E6%B2%B3%E5%8C%97%E5%8D%AB%E8%A7%86&line=1
SKY,http://streamsy.online:2999/coachj88/N93DPKS9pJ/330
🎁 河北卫视,https://iptv.catvod.com/live.php?id=%E6%B2%B3%E5%8C%97%E5%8D%AB%E8%A7%86&line=2
KBS world,https://kbsworld-ott.akamaized.net/hls/live/2002341/kbsworld/master.m3u8
🎁 河北卫视,https://iptv.catvod.com/live.php?id=%E6%B2%B3%E5%8C%97%E5%8D%AB%E8%A7%86&line=3
FIFA+,https://i.mjh.nz/SamsungTVPlus/USBD12000255B.m3u8
🎁 河北卫视,https://iptv.catvod.com/live.php?id=%E6%B2%B3%E5%8C%97%E5%8D%AB%E8%A7%86&line=4
Newsmax,http://nmxlive.akamaized.net/hls/live/529965/Live_1/index.m3u8
🎁 河北卫视,https://iptv.catvod.com/live.php?id=%E6%B2%B3%E5%8C%97%E5%8D%AB%E8%A7%86&line=5
Dubai One,http://dminnvll.cdn.mangomolo.com/dubaione/smil:dubaione.stream.smil/chunklist_b1800000.m3u8
🎁 河北卫视,https://iptv.catvod.com/live.php?id=%E6%B2%B3%E5%8C%97%E5%8D%AB%E8%A7%86&line=6
CBN News,https://bcovlive-a.akamaihd.net/re8d9f611ee4a490a9bb59e52db91414d/us-east-1/734546207001/playlist.m3u8
🎁 河北卫视,https://iptv.catvod.com/live.php?id=%E6%B2%B3%E5%8C%97%E5%8D%AB%E8%A7%86&line=7
GB News,https://i.mjh.nz/SamsungTVPlus/GBBB1600008R3.m3u8
🎁 河北卫视,https://iptv.catvod.com/live.php?id=%E6%B2%B3%E5%8C%97%E5%8D%AB%E8%A7%86&line=8
TBS,http://143.244.60.30/TBS/index.m3u8
🎁 河北卫视,https://iptv.catvod.com/live.php?id=%E6%B2%B3%E5%8C%97%E5%8D%AB%E8%A7%86&line=9
Taiwan Plus,https://bcovlive-a.akamaihd.net/rce33d845cb9e42dfa302c7ac345f7858/ap-northeast-1/6282251407001/playlist.m3u8
🎁 河北卫视,https://iptv.catvod.com/live.php?id=%E6%B2%B3%E5%8C%97%E5%8D%AB%E8%A7%86&line=10
ION Plus,https://i.mjh.nz/SamsungTVPlus/USBD300003LK.m3u8
🎁 河北卫视,https://iptv.catvod.com/live.php?id=%E6%B2%B3%E5%8C%97%E5%8D%AB%E8%A7%86&line=11
ION,https://i.mjh.nz/SamsungTVPlus/USBD300002TU.m3u8
🎁 海峡卫视,https://iptv.catvod.com/live.php?id=%E6%B5%B7%E5%B3%A1%E5%8D%AB%E8%A7%86&line=1
Love Nature,https://d18dyiwu97wm6q.cloudfront.net/playlist2160p.m3u8
🎁 海峡卫视,https://iptv.catvod.com/live.php?id=%E6%B5%B7%E5%B3%A1%E5%8D%AB%E8%A7%86&line=2
Disney International,http://sansat.net:88/HhPRf2nAlsVeRU9/AnzgPldGC8OHsyY/96284
🎁 海峡卫视,https://iptv.catvod.com/live.php?id=%E6%B5%B7%E5%B3%A1%E5%8D%AB%E8%A7%86&line=3
Fight Network,https://d12a2vxqkkh1bo.cloudfront.net/hls/1080p/playlist.m3u8
🎁 海峡卫视,https://iptv.catvod.com/live.php?id=%E6%B5%B7%E5%B3%A1%E5%8D%AB%E8%A7%86&line=4
&Flix HD,http://89.187.177.137:8081/&FLIX/index.m3u8
🎁 海峡卫视,https://iptv.catvod.com/live.php?id=%E6%B5%B7%E5%B3%A1%E5%8D%AB%E8%A7%86&line=5
Wild Earth,https://wildearth-plex.amagi.tv/masterR1080p.m3u8
🎁 海峡卫视,https://iptv.catvod.com/live.php?id=%E6%B5%B7%E5%B3%A1%E5%8D%AB%E8%A7%86&line=6
Wild Planet,https://i.mjh.nz/SamsungTVPlus/GBBB5000002PL.m3u8
🎁 海峡卫视,https://iptv.catvod.com/live.php?id=%E6%B5%B7%E5%B3%A1%E5%8D%AB%E8%A7%86&line=7
Clarity 4K,https://i.mjh.nz/SamsungTVPlus/USBA3800005NI.m3u8
🎁 海峡卫视,https://iptv.catvod.com/live.php?id=%E6%B5%B7%E5%B3%A1%E5%8D%AB%E8%A7%86&line=8
Stadium,https://i.mjh.nz/SamsungTVPlus/USAJ3504705A.m3u8
🎁 中国农林卫视,https://iptv.catvod.com/live.php?id=%E4%B8%AD%E5%9B%BD%E5%86%9C%E6%9E%97%E5%8D%AB%E8%A7%86&line=1
Pop,http://streamsy.online:2999/coachj88/N93DPKS9pJ/226
🎁 中国农林卫视,https://iptv.catvod.com/live.php?id=%E4%B8%AD%E5%9B%BD%E5%86%9C%E6%9E%97%E5%8D%AB%E8%A7%86&line=2
Tastemade,https://i.mjh.nz/SamsungTVPlus/CABD1200002T9.m3u8
🎁 中国农林卫视,https://iptv.catvod.com/live.php?id=%E4%B8%AD%E5%9B%BD%E5%86%9C%E6%9E%97%E5%8D%AB%E8%A7%86&line=3
MovieSphere,https://i.mjh.nz/SamsungTVPlus/USBD17000117B.m3u8
🎁 中国农林卫视,https://iptv.catvod.com/live.php?id=%E4%B8%AD%E5%9B%BD%E5%86%9C%E6%9E%97%E5%8D%AB%E8%A7%86&line=4
The Lego Channel,https://i.mjh.nz/SamsungTVPlus/GBBC4300005AL.m3u8
🎁 中国农林卫视,https://iptv.catvod.com/live.php?id=%E4%B8%AD%E5%9B%BD%E5%86%9C%E6%9E%97%E5%8D%AB%E8%A7%86&line=5
NextUp Live Comedy,https://i.mjh.nz/SamsungTVPlus/GBBD1100012JB.m3u8
🎁 中国农林卫视,https://iptv.catvod.com/live.php?id=%E4%B8%AD%E5%9B%BD%E5%86%9C%E6%9E%97%E5%8D%AB%E8%A7%86&line=6
